epoch,batch,client_id,step,n,loss,correct,accuracy,rpc_seconds,batch_seconds,tx_bytes,rx_bytes
1,0,1,0,64,2.305314064025879,5,0.078125,0.01845639599923743,0.7947890770010417,49202,49232
1,1,1,1,64,2.2712416648864746,9,0.140625,0.017034148004313465,0.05769132500063279,49206,49236
1,2,1,2,64,2.315631628036499,9,0.140625,0.014930687000742182,0.055744420998962596,49206,49236
1,3,1,3,64,2.3887505531311035,3,0.046875,0.01787345800039475,0.06274241199935204,49206,49236
1,4,1,4,64,2.255807638168335,19,0.296875,0.014923066995834233,0.05686814499858883,49206,49236
1,5,1,5,64,2.2757019996643066,11,0.171875,0.014438127003813861,0.05287410800156067,49206,49236
1,6,1,6,64,2.287890911102295,12,0.1875,0.014866554000036558,0.057868848998623434,49206,49236
1,7,1,7,64,2.280790328979492,10,0.15625,0.01777374299854273,0.05641576500056544,49206,49236
1,8,1,8,64,2.259448766708374,13,0.203125,0.014693674998852657,0.05963250900094863,49206,49236
1,9,1,9,64,2.2538986206054688,8,0.125,0.01469704500050284,0.05306419499902404,49206,49236
1,10,1,10,64,2.1995627880096436,15,0.234375,0.015468060999410227,0.0553478029978578,49206,49236
1,11,1,11,64,2.1824049949645996,14,0.21875,0.015038314002595143,0.053975601000274764,49206,49236
1,12,1,12,64,2.155348539352417,10,0.15625,0.015078014999744482,0.05320772099730675,49206,49236
1,13,1,13,64,2.2273120880126953,9,0.140625,0.014100782002060441,0.058802965002541896,49206,49236
1,14,1,14,64,2.232809066772461,10,0.15625,0.014714070002810331,0.05541625199839473,49206,49236
1,15,1,15,64,2.189444065093994,10,0.15625,0.015023490002931794,0.06005922500116867,49206,49236
1,16,1,16,64,2.1905198097229004,7,0.109375,0.016264014000626048,0.06734782200146583,49206,49236
1,17,1,17,64,2.177882194519043,14,0.21875,0.014518886000587372,0.058796691002498847,49206,49236
1,18,1,18,64,2.0672876834869385,14,0.21875,0.014163512001687195,0.0635682669999369,49206,49236
1,19,1,19,64,2.1449506282806396,15,0.234375,0.014874468997732038,0.0604687869999907,49206,49236
1,20,1,20,64,2.133364200592041,17,0.265625,0.015171107999776723,0.05553665200204705,49206,49236
1,21,1,21,64,2.0839407444000244,11,0.171875,0.014426218003791291,0.055739463001373224,49206,49236
1,22,1,22,64,2.0800657272338867,15,0.234375,0.014731503997609252,0.05386758999884478,49206,49236
1,23,1,23,64,1.9753999710083008,13,0.203125,0.014784982002311153,0.06072874600067735,49206,49236
1,24,1,24,64,2.1556642055511475,17,0.265625,0.014718234000611119,0.06045138199988287,49206,49236
1,25,1,25,64,1.9572117328643799,19,0.296875,0.01569093899888685,0.05792749999818625,49206,49236
1,26,1,26,64,1.9211673736572266,17,0.265625,0.016248143001575954,0.057109990000753896,49206,49236
1,27,1,27,64,2.1349244117736816,14,0.21875,0.014885182998114033,0.05431804399995599,49206,49236
1,28,1,28,64,1.9610328674316406,20,0.3125,0.014549687002727296,0.06289422400004696,49206,49236
1,29,1,29,64,1.9426064491271973,21,0.328125,0.014131144002021756,0.05636913800117327,49206,49236
1,30,1,30,64,1.9042679071426392,17,0.265625,0.015037002001918154,0.060037589002604363,49206,49236
1,31,1,31,64,2.0057544708251953,17,0.265625,0.014396657999895979,0.06519282400040538,49206,49236
1,32,1,32,64,2.0311217308044434,17,0.265625,0.014915013001882471,0.05779797300056089,49206,49236
1,33,1,33,64,1.871534824371338,20,0.3125,0.01481147100275848,0.05655278700214694,49206,49236
1,34,1,34,64,2.021916389465332,24,0.375,0.01465312999789603,0.05562045199985732,49206,49236
1,35,1,35,64,1.9583818912506104,14,0.21875,0.015797387997736223,0.05809199600116699,49206,49236
1,36,1,36,64,1.944404125213623,19,0.296875,0.014545429999998305,0.05553634299940313,49206,49236
1,37,1,37,64,2.0410075187683105,14,0.21875,0.014882412000588374,0.059883472000365146,49206,49236
1,38,1,38,64,1.7718464136123657,18,0.28125,0.014158818001305917,0.05362162700112094,49206,49236
1,39,1,39,64,2.1568689346313477,14,0.21875,0.014497361000394449,0.058495043998846086,49206,49236
1,40,1,40,64,1.8930983543395996,19,0.296875,0.014022957999259233,0.06523051399926771,49206,49236
1,41,1,41,64,2.0215206146240234,18,0.28125,0.014436551999096991,0.06658173899995745,49206,49236
1,42,1,42,64,2.1429495811462402,17,0.265625,0.014513922000332968,0.056669506997423014,49206,49236
1,43,1,43,64,1.9568145275115967,15,0.234375,0.014429798000492156,0.05884828900161665,49206,49236
1,44,1,44,64,1.8795589208602905,22,0.34375,0.014261404001445044,0.05403580399797647,49206,49236
1,45,1,45,64,1.8265150785446167,25,0.390625,0.016858658000273863,0.06255871599933016,49206,49236
1,46,1,46,64,2.1160874366760254,15,0.234375,0.016900471000553807,0.05746035699849017,49206,49236
1,47,1,47,64,1.8703237771987915,25,0.390625,0.014760867998120375,0.05784406000020681,49206,49236
1,48,1,48,64,1.8481703996658325,18,0.28125,0.013665495000168448,0.06448841400197125,49206,49236
1,49,1,49,64,1.777382493019104,22,0.34375,0.01593349299946567,0.0628523289997247,49206,49236
1,50,1,50,64,1.764955759048462,24,0.375,0.018032527001196286,0.06146911299947533,49206,49236
1,51,1,51,64,1.9241942167282104,17,0.265625,0.01450632200067048,0.05871909699999378,49206,49236
1,52,1,52,64,1.9009974002838135,16,0.25,0.014616578002460301,0.05905321800310048,49206,49236
1,53,1,53,64,1.872550368309021,19,0.296875,0.01755461200082209,0.06143278600211488,49206,49236
1,54,1,54,64,1.8434233665466309,22,0.34375,0.01761557100326172,0.06578079300015816,49206,49236
1,55,1,55,64,1.8432259559631348,22,0.34375,0.01570940400051768,0.06391032499959692,49206,49236
1,56,1,56,64,1.822273850440979,24,0.375,0.016499376000865595,0.060011995999957435,49206,49236
1,57,1,57,64,1.8371717929840088,22,0.34375,0.02047633399706683,0.07146971799738822,49206,49236
1,58,1,58,64,1.623232126235962,28,0.4375,0.015504394003073685,0.06654910399811342,49206,49236
1,59,1,59,64,1.809889554977417,22,0.34375,0.016313219999574358,0.06689499300046009,49206,49236
1,60,1,60,64,1.7291555404663086,26,0.40625,0.015728091002529254,0.06476556500274455,49206,49236
1,61,1,61,64,1.8139991760253906,24,0.375,0.015379135998955462,0.06340569799795048,49206,49236
1,62,1,62,64,1.6335194110870361,29,0.453125,0.018162530002882704,0.0655793639998592,49206,49236
1,63,1,63,64,1.707661509513855,26,0.40625,0.016888130001461832,0.0672324879997177,49206,49236
1,64,1,64,64,1.60805082321167,24,0.375,0.015745191001769854,0.06268239899873151,49206,49236
1,65,1,65,64,1.7243413925170898,27,0.421875,0.016393470999901183,0.060464404999947874,49206,49236
1,66,1,66,64,1.7271511554718018,24,0.375,0.016121779000968672,0.06370663699999568,49206,49236
1,67,1,67,64,1.8243528604507446,27,0.421875,0.015755278000142425,0.06124918000205071,49206,49236
1,68,1,68,64,1.6981713771820068,24,0.375,0.017782656996132573,0.06256240299990168,49206,49236
1,69,1,69,64,1.799206018447876,17,0.265625,0.015132190001168055,0.05948702800014871,49206,49236
1,70,1,70,64,1.829954981803894,19,0.296875,0.02024166200135369,0.06610052799805999,49206,49236
1,71,1,71,64,1.7627832889556885,23,0.359375,0.015610504000505898,0.06122357399726752,49206,49236
1,72,1,72,64,1.6055216789245605,24,0.375,0.016864542998519028,0.06663097300042864,49206,49236
1,73,1,73,64,1.585593819618225,29,0.453125,0.01832655899852398,0.06634366599973873,49206,49236
1,74,1,74,64,1.7773865461349487,21,0.328125,0.017867143000330543,0.06487887399998726,49206,49236
1,75,1,75,64,1.6898720264434814,23,0.359375,0.016679598000337137,0.060552489001565846,49206,49236
1,76,1,76,64,1.5997684001922607,26,0.40625,0.017733615000906866,0.06357006399775855,49206,49236
1,77,1,77,64,1.6185128688812256,25,0.390625,0.01608798800225486,0.063686964000226,49206,49236
1,78,1,78,64,1.5937061309814453,29,0.453125,0.015835099999094382,0.06139653400168754,49206,49236
1,79,1,79,64,1.9105035066604614,19,0.296875,0.016443257001810707,0.06612637199941673,49206,49236
1,80,1,80,64,1.7482876777648926,17,0.265625,0.018301364001672482,0.06771994900191203,49206,49236
1,81,1,81,64,1.7207438945770264,22,0.34375,0.015184225998382317,0.0715201650018571,49206,49236
1,82,1,82,64,1.8130018711090088,22,0.34375,0.015757971996208653,0.07258423999883235,49206,49236
1,83,1,83,64,1.530679702758789,30,0.46875,0.016814999999041902,0.08332565300224815,49206,49236
1,84,1,84,64,1.6349223852157593,24,0.375,0.016068169999925885,0.06331254699762212,49206,49236
1,85,1,85,64,1.7485579252243042,27,0.421875,0.016996749000099953,0.07043144399722223,49206,49236
1,86,1,86,64,1.5754356384277344,30,0.46875,0.016070960999059025,0.06673064600181533,49206,49236
1,87,1,87,64,1.5164480209350586,28,0.4375,0.014604887997847982,0.059376168999733636,49206,49236
1,88,1,88,64,1.631211757659912,22,0.34375,0.014689506002468988,0.06095812700004899,49206,49236
1,89,1,89,64,1.6683169603347778,22,0.34375,0.015338752997195115,0.058027486000355566,49206,49236
1,90,1,90,64,1.5381813049316406,25,0.390625,0.015599370002746582,0.07062288200177136,49206,49236
1,91,1,91,64,1.5319267511367798,30,0.46875,0.01473901299686986,0.06685526699948241,49206,49236
1,92,1,92,64,1.6291694641113281,21,0.328125,0.01880808400164824,0.06419336999897496,49206,49236
1,93,1,93,64,1.5426552295684814,31,0.484375,0.017604450000362704,0.06216503500036197,49206,49236
1,94,1,94,64,1.5931538343429565,26,0.40625,0.014314469997771084,0.06343200100309332,49206,49236
1,95,1,95,64,1.5661706924438477,32,0.5,0.017967280000448227,0.060448965999967186,49206,49236
1,96,1,96,64,1.5802903175354004,29,0.453125,0.014658876996691106,0.06461823800054844,49206,49236
1,97,1,97,64,1.6310608386993408,27,0.421875,0.01658967999901506,0.060591926998313284,49206,49236
1,98,1,98,64,1.4466614723205566,24,0.375,0.016317525994963944,0.06207660600193776,49206,49236
1,99,1,99,64,1.516606330871582,26,0.40625,0.01594450100310496,0.061552633000246715,49206,49236
1,100,1,100,64,1.4650650024414062,28,0.4375,0.015399301002616994,0.061002069000096526,49206,49236
1,101,1,101,64,1.5649223327636719,28,0.4375,0.01554298599876347,0.07105556599708507,49206,49236
1,102,1,102,64,1.5436190366744995,24,0.375,0.01625960499586654,0.06433879499672912,49206,49236
1,103,1,103,64,1.483489990234375,28,0.4375,0.014418635997571982,0.061981475999346,49206,49236
1,104,1,104,64,1.5064990520477295,29,0.453125,0.014051829999516485,0.06683194300057949,49206,49236
1,105,1,105,64,1.4064624309539795,27,0.421875,0.015350581998063717,0.07133764500031248,49206,49236
1,106,1,106,64,1.5887455940246582,24,0.375,0.015841805998206837,0.06772736800121493,49206,49236
1,107,1,107,64,1.4898422956466675,25,0.390625,0.014996568999777082,0.06120395299876691,49206,49236
1,108,1,108,64,1.5634868144989014,30,0.46875,0.016454725002404302,0.06926630399902933,49206,49236
1,109,1,109,64,1.5231446027755737,30,0.46875,0.01452412400249159,0.06387557899870444,49206,49236
1,110,1,110,64,1.5996997356414795,31,0.484375,0.016855171001225244,0.06634540000231937,49206,49236
1,111,1,111,64,1.5394808053970337,35,0.546875,0.01544325199938612,0.059052741999039426,49206,49236
1,112,1,112,64,1.448751449584961,28,0.4375,0.015575953999359626,0.05940875199667062,49206,49236
1,113,1,113,64,1.3585288524627686,25,0.390625,0.015338578003138537,0.06097920200045337,49206,49236
1,114,1,114,64,1.864580750465393,16,0.25,0.01413876100195921,0.06357238900091033,49206,49236
1,115,1,115,64,1.3744280338287354,30,0.46875,0.014003665000927867,0.06127710199871217,49206,49236
1,116,1,116,64,1.824425458908081,21,0.328125,0.013944460999482544,0.06099127199922805,49206,49236
1,117,1,117,64,1.4277868270874023,26,0.40625,0.018342030998610426,0.06600140899899998,49206,49236
1,118,1,118,64,1.4550864696502686,32,0.5,0.014103794001130154,0.05803103200014448,49206,49236
1,119,1,119,64,1.5279901027679443,31,0.484375,0.014695093999762321,0.05916416699983529,49206,49236
1,120,1,120,64,1.5212292671203613,32,0.5,0.016900093003641814,0.06218279799941229,49206,49236
1,121,1,121,64,1.5162996053695679,29,0.453125,0.014113135002844501,0.05998924300001818,49206,49236
1,122,1,122,64,1.5530803203582764,29,0.453125,0.013659973003086634,0.06015546200069366,49206,49236
1,123,1,123,64,1.7191005945205688,25,0.390625,0.014210951998393284,0.057108165998215554,49206,49236
1,124,1,124,64,1.4914100170135498,31,0.484375,0.01400892400124576,0.06701415499992436,49206,49236
1,125,1,125,64,1.583044409751892,28,0.4375,0.014515163002215559,0.05869326500032912,49206,49236
1,126,1,126,64,1.9700838327407837,23,0.359375,0.017413522000424564,0.06281903800118016,49206,49236
1,127,1,127,64,1.7161734104156494,26,0.40625,0.014023707000887953,0.059955718999844976,49206,49236
1,128,1,128,64,1.5127650499343872,30,0.46875,0.014812520999839762,0.05817928800024674,49208,49238
1,129,1,129,64,1.4560773372650146,29,0.453125,0.01345877500352799,0.09226952100289054,49208,49238
1,130,1,130,64,1.5639348030090332,24,0.375,0.014283774999057641,0.06377475900080753,49208,49238
1,131,1,131,64,1.5456409454345703,33,0.515625,0.014045413001440465,0.0626505639993411,49208,49238
1,132,1,132,64,1.6254231929779053,23,0.359375,0.014295709999714745,0.06069945599665516,49208,49238
1,133,1,133,64,1.6326864957809448,24,0.375,0.01543203899927903,0.06821950400262722,49208,49238
1,134,1,134,64,1.5681486129760742,29,0.453125,0.0179893960012123,0.06360704400140094,49208,49238
1,135,1,135,64,1.4531283378601074,31,0.484375,0.013844842000253266,0.05929127899798914,49208,49238
1,136,1,136,64,1.4593342542648315,34,0.53125,0.014043881001271075,0.05588050100050168,49208,49238
1,137,1,137,64,1.6634526252746582,27,0.421875,0.01771670300149708,0.06764589500016882,49208,49238
1,138,1,138,64,1.622558832168579,32,0.5,0.014426441997784423,0.06105381499946816,49208,49238
1,139,1,139,64,1.571548581123352,26,0.40625,0.014546794998750556,0.06235781600116752,49208,49238
1,140,1,140,64,1.7020847797393799,23,0.359375,0.016267216997221112,0.06819417900260305,49208,49238
1,141,1,141,64,1.4860272407531738,25,0.390625,0.015407870003400603,0.06752621099803946,49208,49238
1,142,1,142,64,1.5211968421936035,32,0.5,0.016868606999196345,0.07015372400201159,49208,49238
1,143,1,143,64,1.3796923160552979,35,0.546875,0.016200625999772456,0.06628375400032382,49208,49238
1,144,1,144,64,1.4458799362182617,33,0.515625,0.016774579999037087,0.06522655699882307,49208,49238
1,145,1,145,64,1.4980051517486572,24,0.375,0.01495034799881978,0.05814471299891011,49208,49238
1,146,1,146,64,1.585761547088623,22,0.34375,0.013957241997559322,0.06058578499869327,49208,49238
1,147,1,147,64,1.4648728370666504,29,0.453125,0.015200359997834312,0.0597431130008772,49208,49238
1,148,1,148,64,1.6564531326293945,26,0.40625,0.014085172002523905,0.055641991002630675,49208,49238
1,149,1,149,64,1.648524284362793,31,0.484375,0.0145426069975656,0.05672362800032715,49208,49238
1,150,1,150,64,1.9779152870178223,22,0.34375,0.014054978997592116,0.06150934700053767,49208,49238
1,151,1,151,64,1.6424260139465332,28,0.4375,0.013969424002425512,0.059615386999212205,49208,49238
1,152,1,152,64,1.5193359851837158,23,0.359375,0.01397148400064907,0.059759426996606635,49208,49238
1,153,1,153,64,1.6724804639816284,23,0.359375,0.015370147000794532,0.06088445899877115,49208,49238
1,154,1,154,64,1.5234284400939941,28,0.4375,0.013550094998208806,0.05616351400021813,49208,49238
1,155,1,155,64,1.637934923171997,20,0.3125,0.014662970996141667,0.06041347800055519,49208,49238
1,156,1,156,64,1.421584963798523,28,0.4375,0.013812499000778189,0.06055646900131251,49208,49238
1,157,1,157,64,1.6064434051513672,29,0.453125,0.013668938998307567,0.05883675700169988,49208,49238
1,158,1,158,64,1.4348230361938477,32,0.5,0.013978680999571225,0.06518922299801488,49208,49238
1,159,1,159,64,1.469423532485962,33,0.515625,0.014063706003071275,0.05962283599728835,49208,49238
1,160,1,160,64,1.4914681911468506,29,0.453125,0.014480336001724936,0.057439169999270234,49208,49238
1,161,1,161,64,1.4861758947372437,29,0.453125,0.013879420002922416,0.05571753999902285,49208,49238
1,162,1,162,64,1.4840805530548096,30,0.46875,0.014006533998326631,0.058808552003029035,49208,49238
1,163,1,163,64,1.5142390727996826,29,0.453125,0.015547045000857906,0.06329777000064496,49208,49238
1,164,1,164,64,1.6028746366500854,30,0.46875,0.014262568998674396,0.06191451799895731,49208,49238
1,165,1,165,64,1.5475701093673706,28,0.4375,0.014295601002231706,0.0575765230023535,49208,49238
1,166,1,166,64,1.5036377906799316,33,0.515625,0.013941598001110833,0.058836750002228655,49208,49238
1,167,1,167,64,1.5754821300506592,25,0.390625,0.014653609996457817,0.05932122499871184,49208,49238
1,168,1,168,64,1.4406204223632812,29,0.453125,0.014970452997658867,0.06085376200280734,49208,49238
1,169,1,169,64,1.437509298324585,28,0.4375,0.013903389997722115,0.05685984600131633,49208,49238
1,170,1,170,64,1.579613208770752,28,0.4375,0.014840356998320203,0.06213284899786231,49208,49238
1,171,1,171,64,1.6097044944763184,25,0.390625,0.016534286001842702,0.06838228999913554,49208,49238
1,172,1,172,64,1.4009573459625244,32,0.5,0.015173649997450411,0.059635975001583574,49208,49238
1,173,1,173,64,1.336869239807129,36,0.5625,0.016869665996637195,0.06095436900068307,49208,49238
1,174,1,174,64,1.380638599395752,30,0.46875,0.01485000300090178,0.06235335000019404,49208,49238
1,175,1,175,64,1.4827921390533447,25,0.390625,0.015228125997964526,0.06864702100210707,49208,49238
1,176,1,176,64,1.434361219406128,32,0.5,0.015137711001443677,0.0640812140009075,49208,49238
1,177,1,177,64,1.4996068477630615,34,0.53125,0.014560406998498365,0.06082363799941959,49208,49238
1,178,1,178,64,1.5638988018035889,30,0.46875,0.015592081999784568,0.06444888000260107,49208,49238
1,179,1,179,64,1.329552412033081,31,0.484375,0.01448509399779141,0.06302812500143773,49208,49238
1,180,1,180,64,1.344646692276001,33,0.515625,0.014591154998925049,0.05741455200040946,49208,49238
1,181,1,181,64,1.363590955734253,31,0.484375,0.014963023997552227,0.07164049399943906,49208,49238
1,182,1,182,64,1.2693047523498535,33,0.515625,0.015077165997354314,0.06334966199938208,49208,49238
1,183,1,183,64,1.5447107553482056,26,0.40625,0.014240136999433162,0.06773246200100402,49208,49238
1,184,1,184,64,1.414093255996704,37,0.578125,0.014708001999679254,0.06277273500018055,49208,49238
1,185,1,185,64,1.427677869796753,27,0.421875,0.014205267998477211,0.0630889579988434,49208,49238
1,186,1,186,64,1.4661502838134766,33,0.515625,0.015635632000339683,0.07025800300107221,49208,49238
1,187,1,187,64,1.4718456268310547,30,0.46875,0.014947346000553807,0.06055768200167222,49208,49238
1,188,1,188,64,1.3693251609802246,28,0.4375,0.015489302000787575,0.06425312799910898,49208,49238
1,189,1,189,64,1.3806960582733154,31,0.484375,0.015063621001900174,0.06966196299981675,49208,49238
1,190,1,190,64,1.4755680561065674,30,0.46875,0.017219051002030028,0.061922772001707926,49208,49238
1,191,1,191,64,1.458298921585083,32,0.5,0.014915804003976518,0.057852427002217155,49208,49238
1,192,1,192,64,1.2700414657592773,33,0.515625,0.015683773999626283,0.0626321999989159,49208,49238
1,193,1,193,64,1.1779680252075195,38,0.59375,0.016186750999622745,0.06436539000060293,49208,49238
1,194,1,194,64,1.4554798603057861,27,0.421875,0.014703685003041755,0.06475685700206668,49208,49238
1,195,1,195,64,1.3813250064849854,35,0.546875,0.015401923999888822,0.06528192900077556,49208,49238
1,196,1,196,64,1.3291548490524292,31,0.484375,0.013726945999223972,0.061600650999025675,49208,49238
1,197,1,197,64,1.5332190990447998,26,0.40625,0.01421636499799206,0.06370223799967789,49208,49238
1,198,1,198,64,1.3664088249206543,35,0.546875,0.01467761200183304,0.06222632799835992,49208,49238
1,199,1,199,64,1.3935521841049194,29,0.453125,0.014160516999254469,0.059837556997081265,49208,49238
1,200,1,200,64,1.7304561138153076,25,0.390625,0.015197033997537801,0.06112271399979363,49208,49238
1,201,1,201,64,1.2732861042022705,35,0.546875,0.015581556002871366,0.06112876200131723,49208,49238
1,202,1,202,64,1.6710939407348633,29,0.453125,0.01617375700152479,0.0622843359997205,49208,49238
1,203,1,203,64,1.3917417526245117,33,0.515625,0.015286637997633079,0.060490667001431575,49208,49238
1,204,1,204,64,1.3014893531799316,30,0.46875,0.0143501530001231,0.0628103419985564,49208,49238
1,205,1,205,64,1.5254642963409424,29,0.453125,0.014431748000788502,0.0639679400010209,49208,49238
1,206,1,206,64,1.318183422088623,36,0.5625,0.014854068002023268,0.05783908699959284,49208,49238
1,207,1,207,64,1.4722001552581787,29,0.453125,0.014990842002589488,0.06489900599990506,49208,49238
1,208,1,208,64,1.6742767095565796,23,0.359375,0.014612434999435209,0.06293627199920593,49208,49238
1,209,1,209,64,1.3178517818450928,25,0.390625,0.013919775003159884,0.05676218000007793,49208,49238
1,210,1,210,64,1.4763002395629883,25,0.390625,0.015634926003258443,0.05938618499931181,49208,49238
1,211,1,211,64,1.5587483644485474,29,0.453125,0.014764455998374615,0.0663411380010075,49208,49238
1,212,1,212,64,1.5027875900268555,34,0.53125,0.014471890001004795,0.06031250100204488,49208,49238
1,213,1,213,64,1.439155101776123,23,0.359375,0.014322316001198487,0.058579272001225036,49208,49238
1,214,1,214,64,1.3462785482406616,37,0.578125,0.016380175002268516,0.06983281200155034,49208,49238
1,215,1,215,64,1.4401220083236694,31,0.484375,0.01593884599787998,0.06608170600156882,49208,49238
1,216,1,216,64,1.5322843790054321,23,0.359375,0.016316274002747377,0.0645047380021424,49208,49238
1,217,1,217,64,1.4411396980285645,35,0.546875,0.014870919003442395,0.05840054000145756,49208,49238
1,218,1,218,64,1.432507872581482,27,0.421875,0.013999935999891022,0.057948907000536565,49208,49238
1,219,1,219,64,1.3514235019683838,32,0.5,0.014279864000855014,0.06020530299792881,49208,49238
1,220,1,220,64,1.436107873916626,30,0.46875,0.014480768000794342,0.06290955199801829,49208,49238
1,221,1,221,64,1.362669587135315,33,0.515625,0.013787623996904586,0.0562115860011545,49208,49238
1,222,1,222,64,1.6320449113845825,26,0.40625,0.016288284998154268,0.06726394400175195,49208,49238
1,223,1,223,64,1.5155165195465088,28,0.4375,0.016740681003284408,0.06467919799979427,49208,49238
1,224,1,224,64,1.373740315437317,23,0.359375,0.014271657000790583,0.058556923002470285,49208,49238
1,225,1,225,64,1.3716020584106445,31,0.484375,0.014573526997992303,0.05961559400020633,49208,49238
1,226,1,226,64,1.5221097469329834,28,0.4375,0.016510497003764613,0.061487916002079146,49208,49238
1,227,1,227,64,1.1488838195800781,37,0.578125,0.01511750099962228,0.0650372799973411,49208,49238
1,228,1,228,64,1.6944122314453125,28,0.4375,0.015352899001300102,0.06474356500257272,49208,49238
1,229,1,229,64,1.5182002782821655,28,0.4375,0.014440692997595761,0.06186728399916319,49208,49238
1,230,1,230,64,1.4072686433792114,33,0.515625,0.014228628999262583,0.061848609999287874,49208,49238
1,231,1,231,64,1.4079444408416748,34,0.53125,0.016219404998992104,0.060183000001416076,49208,49238
1,232,1,232,64,1.8803610801696777,23,0.359375,0.01420690799568547,0.05700998099928256,49208,49238
1,233,1,233,64,1.1982768774032593,41,0.640625,0.01416686299853609,0.058012661000248045,49208,49238
1,234,1,234,64,1.3104650974273682,37,0.578125,0.014863907996186754,0.0674641879995761,49208,49238
1,235,1,235,64,1.2402887344360352,39,0.609375,0.01533886100150994,0.06171093699958874,49208,49238
1,236,1,236,64,1.3825373649597168,29,0.453125,0.016888222002307884,0.06172507099836366,49208,49238
1,237,1,237,64,1.4681466817855835,31,0.484375,0.01460511199911707,0.06514976900143665,49208,49238
1,238,1,238,64,1.1767667531967163,40,0.625,0.0157092140034365,0.059703117000026396,49208,49238
1,239,1,239,64,1.3236867189407349,35,0.546875,0.014270888997998554,0.0606682899997395,49208,49238
1,240,1,240,64,1.4313359260559082,31,0.484375,0.01534139299474191,0.06046554500062484,49208,49238
1,241,1,241,64,1.3820109367370605,28,0.4375,0.014738966998265823,0.07172805799928028,49208,49238
1,242,1,242,64,1.3050377368927002,38,0.59375,0.01564170399797149,0.06324932699862984,49208,49238
1,243,1,243,64,1.2990955114364624,30,0.46875,0.013930118002463132,0.057471309999527875,49208,49238
1,244,1,244,64,1.281333088874817,31,0.484375,0.013822318996972172,0.05485765899720718,49208,49238
1,245,1,245,64,1.7471872568130493,26,0.40625,0.013945630998932756,0.057127126998238964,49208,49238
1,246,1,246,64,1.5357179641723633,26,0.40625,0.014634574999945471,0.06497775599927991,49208,49238
1,247,1,247,64,1.300579309463501,32,0.5,0.015426300000399351,0.05902121899998747,49208,49238
1,248,1,248,64,1.433074712753296,34,0.53125,0.01425405000190949,0.05582053499892936,49208,49238
1,249,1,249,64,1.312678337097168,37,0.578125,0.01414228099747561,0.05885251099971356,49208,49238
1,250,1,250,64,1.5147732496261597,28,0.4375,0.013841478998074308,0.05789215799813974,49208,49238
1,251,1,251,64,1.3465522527694702,33,0.515625,0.015022992000012891,0.05881810899882112,49208,49238
1,252,1,252,64,1.4230594635009766,30,0.46875,0.01412193699798081,0.057101391001197044,49208,49238
1,253,1,253,64,1.3733283281326294,34,0.53125,0.01442148900241591,0.06092918899958022,49208,49238
1,254,1,254,64,1.4705361127853394,33,0.515625,0.014228578002075665,0.06062614099937491,49208,49238
1,255,1,255,64,1.3438200950622559,30,0.46875,0.016269022002234124,0.06685671500235912,49208,49238
1,256,1,256,64,1.1890685558319092,37,0.578125,0.013778519998595584,0.05681799000012688,49208,49238
1,257,1,257,64,1.4037084579467773,31,0.484375,0.014017070003319532,0.05634270600057789,49208,49238
1,258,1,258,64,1.3135532140731812,27,0.421875,0.016210926001804182,0.05817076500170515,49208,49238
1,259,1,259,64,1.6148474216461182,26,0.40625,0.015232030003971886,0.05820216999927652,49208,49238
1,260,1,260,64,1.3211748600006104,26,0.40625,0.014384565998625476,0.057172707998688566,49208,49238
1,261,1,261,64,1.2932660579681396,35,0.546875,0.014926022999134148,0.06153960399751668,49208,49238
1,262,1,262,64,1.4266008138656616,34,0.53125,0.014301044004241703,0.05801703800170799,49208,49238
1,263,1,263,64,1.393157720565796,31,0.484375,0.014483302995358827,0.05732366400116007,49208,49238
1,264,1,264,64,1.3732951879501343,31,0.484375,0.0175867610014393,0.06267894499978865,49208,49238
1,265,1,265,64,1.375920295715332,36,0.5625,0.016882772000826662,0.060166248000314226,49208,49238
1,266,1,266,64,1.3005356788635254,30,0.46875,0.014136447000055341,0.05707988399808528,49208,49238
1,267,1,267,64,1.4526071548461914,28,0.4375,0.01412414099831949,0.05705782299992279,49208,49238
1,268,1,268,64,1.2701680660247803,34,0.53125,0.014365037000970915,0.0582051909987058,49208,49238
1,269,1,269,64,1.3791157007217407,32,0.5,0.014990328996645985,0.0665945090004243,49208,49238
1,270,1,270,64,1.3353002071380615,30,0.46875,0.013776671003142837,0.05599372899814625,49208,49238
1,271,1,271,64,1.4773643016815186,31,0.484375,0.013698979000764666,0.0612571769997885,49208,49238
1,272,1,272,64,1.2743806838989258,35,0.546875,0.01456621599936625,0.06113626300066244,49208,49238
1,273,1,273,64,1.3105354309082031,36,0.5625,0.013776347997918492,0.055625854001846164,49208,49238
1,274,1,274,64,1.148656964302063,41,0.640625,0.014731327999470523,0.05822406900188071,49208,49238
1,275,1,275,64,1.2819240093231201,34,0.53125,0.01803535900035058,0.06726752000031411,49208,49238
1,276,1,276,64,1.2599514722824097,40,0.625,0.014512146997731179,0.060006051000527805,49208,49238
1,277,1,277,64,1.312016487121582,35,0.546875,0.01415005399758229,0.06642662299782387,49208,49238
1,278,1,278,64,1.581325888633728,30,0.46875,0.01534746800098219,0.05996572699950775,49208,49238
1,279,1,279,64,1.1371901035308838,37,0.578125,0.014716053996380651,0.0579073899971263,49208,49238
1,280,1,280,64,1.3558189868927002,32,0.5,0.01410867300000973,0.05687617899820907,49208,49238
1,281,1,281,64,1.458174705505371,30,0.46875,0.013265300000057323,0.06214606399953482,49208,49238
1,282,1,282,64,1.306824803352356,35,0.546875,0.014806374001636868,0.06485833300030208,49208,49238
1,283,1,283,64,1.1613874435424805,35,0.546875,0.014556915000866866,0.0596598809970601,49208,49238
1,284,1,284,64,1.2058331966400146,37,0.578125,0.014025475997186732,0.05793519199869479,49208,49238
1,285,1,285,64,1.3616992235183716,28,0.4375,0.017046447996108327,0.06003768799928366,49208,49238
1,286,1,286,64,1.3010730743408203,32,0.5,0.014604154999688035,0.06027162700047484,49208,49238
1,287,1,287,64,1.3240240812301636,34,0.53125,0.01494344900129363,0.06859394099956262,49208,49238
1,288,1,288,64,1.4554259777069092,32,0.5,0.014126261001365492,0.06145390299934661,49208,49238
1,289,1,289,64,1.5189504623413086,28,0.4375,0.014950278997275745,0.06612616499842261,49208,49238
1,290,1,290,64,1.2493915557861328,33,0.515625,0.015159347000007983,0.06245926200062968,49208,49238
1,291,1,291,64,1.6121859550476074,27,0.421875,0.014029400001163594,0.05900817200017627,49208,49238
1,292,1,292,64,1.2582347393035889,37,0.578125,0.014055485997232608,0.06244498999876669,49208,49238
1,293,1,293,64,1.2685585021972656,36,0.5625,0.01488802499807207,0.06477666600039811,49208,49238
1,294,1,294,64,1.2982442378997803,35,0.546875,0.014681284003017936,0.06020283500038204,49208,49238
1,295,1,295,64,1.587203860282898,29,0.453125,0.014156103003188036,0.062425127001915826,49208,49238
1,296,1,296,64,1.2916309833526611,31,0.484375,0.015536731003521709,0.061747101000946714,49208,49238
1,297,1,297,64,1.3810217380523682,33,0.515625,0.015587737001624191,0.06808141900182818,49208,49238
1,298,1,298,64,1.2329673767089844,35,0.546875,0.014142010997602483,0.058365275002870476,49208,49238
1,299,1,299,64,1.2890541553497314,37,0.578125,0.013949841999419732,0.056999296000867616,49208,49238
1,300,1,300,64,1.2989835739135742,37,0.578125,0.017554287001985358,0.06436480100092012,49208,49238
1,301,1,301,64,1.1943225860595703,38,0.59375,0.013971630000014557,0.06449792300190893,49208,49238
1,302,1,302,64,1.4868264198303223,25,0.390625,0.01657514199905563,0.061223294000228634,49208,49238
1,303,1,303,64,1.3157236576080322,37,0.578125,0.014361801997438306,0.05934120299934875,49208,49238
1,304,1,304,64,1.4675757884979248,31,0.484375,0.014194268002029276,0.05833508000068832,49208,49238
1,305,1,305,64,1.3589545488357544,36,0.5625,0.01418188800016651,0.05734838799980935,49208,49238
1,306,1,306,64,1.576781988143921,28,0.4375,0.014805195001827087,0.057557361000363017,49208,49238
1,307,1,307,64,1.2056565284729004,34,0.53125,0.015871984000114026,0.059724249000282725,49208,49238
1,308,1,308,64,1.526060700416565,26,0.40625,0.01876475999961258,0.06279130199982319,49208,49238
1,309,1,309,64,1.146993637084961,35,0.546875,0.014264908997574821,0.06285482599923853,49208,49238
1,310,1,310,64,1.1998530626296997,32,0.5,0.014373596997756977,0.0634107949990721,49208,49238
1,311,1,311,64,1.167173981666565,37,0.578125,0.01393155699770432,0.057862518002366414,49208,49238
1,312,1,312,64,1.4485409259796143,35,0.546875,0.013965983998787124,0.058755538000696106,49208,49238
1,313,1,313,64,1.34244704246521,30,0.46875,0.014547188002325129,0.057576029998017475,49208,49238
1,314,1,314,64,1.4482736587524414,34,0.53125,0.014572658998076804,0.05774954099979368,49208,49238
1,315,1,315,64,1.3542004823684692,32,0.5,0.013464383999234997,0.05584296500092023,49208,49238
1,316,1,316,64,1.4403173923492432,33,0.515625,0.013740587000938831,0.05617946900019888,49208,49238
1,317,1,317,64,1.385277271270752,31,0.484375,0.013846465000824537,0.05743131499912124,49208,49238
1,318,1,318,64,1.2501367330551147,35,0.546875,0.01389788599772146,0.05857931999707944,49208,49238
1,319,1,319,64,1.3969786167144775,37,0.578125,0.015479661004064837,0.06063392099895282,49208,49238
1,320,1,320,64,1.1174027919769287,40,0.625,0.01391914300256758,0.05803774600281031,49208,49238
1,321,1,321,64,1.185915231704712,33,0.515625,0.013921973000833532,0.05912196200006292,49208,49238
1,322,1,322,64,1.219728708267212,32,0.5,0.016764306998084066,0.07115149099990958,49208,49238
1,323,1,323,64,1.2664713859558105,36,0.5625,0.015638106000551488,0.05761313900075038,49208,49238
1,324,1,324,64,1.111655592918396,38,0.59375,0.014524090998747852,0.060359025999787264,49208,49238
1,325,1,325,64,1.3421249389648438,33,0.515625,0.013652659999934258,0.05894198800160666,49208,49238
1,326,1,326,64,1.368788242340088,33,0.515625,0.013688327999261674,0.0585319370002253,49208,49238
1,327,1,327,64,1.2768986225128174,34,0.53125,0.014652322002802975,0.05918532900250284,49208,49238
1,328,1,328,64,1.3655225038528442,32,0.5,0.014202245998603757,0.06232896000074106,49208,49238
1,329,1,329,64,1.3961982727050781,34,0.53125,0.013833078999596182,0.059749928001110675,49208,49238
1,330,1,330,64,1.4680348634719849,25,0.390625,0.014689176001411397,0.058119551998970564,49208,49238
1,331,1,331,64,1.2552647590637207,44,0.6875,0.015601732000504853,0.0654457780001394,49208,49238
1,332,1,332,64,1.1999080181121826,38,0.59375,0.014209314998879563,0.0600359349991777,49208,49238
1,333,1,333,64,1.2051804065704346,34,0.53125,0.013888934001442976,0.060364370998286176,49208,49238
1,334,1,334,64,1.488323450088501,26,0.40625,0.015197770997474436,0.06159538200154202,49208,49238
1,335,1,335,64,1.2775862216949463,32,0.5,0.014782583999476628,0.0567156969991629,49208,49238
1,336,1,336,64,1.2351899147033691,31,0.484375,0.01745968599789194,0.061758052001096075,49208,49238
1,337,1,337,64,1.0465021133422852,41,0.640625,0.01653669400184299,0.06783824100057245,49208,49238
1,338,1,338,64,1.4173994064331055,29,0.453125,0.013846759000443853,0.057456710001133615,49208,49238
1,339,1,339,64,1.3462042808532715,37,0.578125,0.015284809003787814,0.05850377299793763,49208,49238
1,340,1,340,64,1.1348602771759033,41,0.640625,0.013860987997759366,0.057592763001593994,49208,49238
1,341,1,341,64,1.607263445854187,28,0.4375,0.01705464200131246,0.061420869002176914,49208,49238
1,342,1,342,64,1.337508201599121,34,0.53125,0.013713525997445686,0.05759251700146706,49208,49238
1,343,1,343,64,1.1826506853103638,38,0.59375,0.014536654001858551,0.06094976800159202,49208,49238
1,344,1,344,64,1.3641425371170044,33,0.515625,0.013887263998185517,0.05850597699827631,49208,49238
1,345,1,345,64,1.2223007678985596,36,0.5625,0.014895292002620408,0.05826705800063792,49208,49238
1,346,1,346,64,1.2714688777923584,38,0.59375,0.014397152001038194,0.06084843999997247,49208,49238
1,347,1,347,64,1.290827989578247,34,0.53125,0.013760412999545224,0.06031988500035368,49208,49238
1,348,1,348,64,1.317704200744629,35,0.546875,0.01473185700160684,0.06306382099865004,49208,49238
1,349,1,349,64,1.429007887840271,34,0.53125,0.013952332996268524,0.059996255000442034,49208,49238
1,350,1,350,64,1.3239455223083496,30,0.46875,0.014110633001109818,0.05932101600046735,49208,49238
1,351,1,351,36,1.5798110961914062,15,0.4166666666666667,0.012255628997081658,0.2660992650016851,27703,27733
2,0,1,352,64,1.3123574256896973,34,0.53125,0.014890384001773782,0.05440199499935261,49208,49238
2,1,1,353,64,1.2667168378829956,33,0.515625,0.013734243002545554,0.05235372199967969,49208,49238
2,2,1,354,64,1.1016998291015625,37,0.578125,0.013243594003142789,0.05114476399830892,49208,49238
2,3,1,355,64,1.1385524272918701,42,0.65625,0.014677589999337215,0.05732898600035696,49208,49238
2,4,1,356,64,1.1194055080413818,36,0.5625,0.013946689003205393,0.05111887499879231,49208,49238
2,5,1,357,64,1.1827906370162964,39,0.609375,0.016367470001569018,0.05290416199932224,49208,49238
2,6,1,358,64,1.028900384902954,43,0.671875,0.013427150999632431,0.05447197600005893,49208,49238
2,7,1,359,64,1.2127134799957275,39,0.609375,0.013672671000676928,0.05128094300016528,49208,49238
2,8,1,360,64,1.2862982749938965,32,0.5,0.014597977999073919,0.05598230900068302,49208,49238
2,9,1,361,64,1.1127028465270996,39,0.609375,0.014242046996514546,0.054240695000771666,49208,49238
2,10,1,362,64,1.0943324565887451,45,0.703125,0.013922570000431733,0.05547840800136328,49208,49238
2,11,1,363,64,1.1582129001617432,36,0.5625,0.01491462600097293,0.052881119001540355,49208,49238
2,12,1,364,64,1.3115880489349365,34,0.53125,0.013390703999903053,0.05324716899849591,49208,49238
2,13,1,365,64,1.0149307250976562,42,0.65625,0.014237757000955753,0.054596261001279345,49208,49238
2,14,1,366,64,1.3542841672897339,35,0.546875,0.013674944999365835,0.055941948001418496,49208,49238
2,15,1,367,64,1.2961233854293823,35,0.546875,0.015710904997831676,0.054309979001118336,49208,49238
2,16,1,368,64,1.2030034065246582,31,0.484375,0.015337344000727171,0.059461554999870714,49208,49238
2,17,1,369,64,1.4485116004943848,27,0.421875,0.01547438000125112,0.055862219000118785,49208,49238
2,18,1,370,64,1.3074039220809937,39,0.609375,0.016774594001617515,0.0565037240012316,49208,49238
2,19,1,371,64,1.302636981010437,33,0.515625,0.014119580999249592,0.05591111900139367,49208,49238
2,20,1,372,64,1.4907357692718506,28,0.4375,0.017552371002238942,0.05995849399914732,49208,49238
2,21,1,373,64,1.2780680656433105,34,0.53125,0.016874433000339195,0.05726132700146991,49208,49238
2,22,1,374,64,1.327622890472412,33,0.515625,0.017040728002029937,0.05579747400042834,49208,49238
2,23,1,375,64,1.2428805828094482,36,0.5625,0.015552414999547182,0.05554026499885367,49208,49238
2,24,1,376,64,1.083424687385559,43,0.671875,0.015349335000792053,0.05665051599862636,49208,49238
2,25,1,377,64,1.2846202850341797,34,0.53125,0.013481704001605976,0.055657665001490386,49208,49238
2,26,1,378,64,1.218495488166809,40,0.625,0.014474396000878187,0.05976637200001278,49208,49238
2,27,1,379,64,1.23347008228302,36,0.5625,0.016808038999442942,0.0559600140004477,49208,49238
2,28,1,380,64,1.2085888385772705,36,0.5625,0.01573759299935773,0.056165621001127874,49208,49238
2,29,1,381,64,1.117879867553711,41,0.640625,0.017145055000582943,0.0584536640017177,49208,49238
2,30,1,382,64,1.3171782493591309,39,0.609375,0.015066734998981701,0.05491159899975173,49208,49238
2,31,1,383,64,1.2700023651123047,36,0.5625,0.016885096996702487,0.05744275599863613,49208,49238
2,32,1,384,64,1.290419578552246,36,0.5625,0.013825842001097044,0.055696623003314016,49208,49238
2,33,1,385,64,1.2465384006500244,36,0.5625,0.01679267000145046,0.05800590900253155,49208,49238
2,34,1,386,64,0.9837938547134399,44,0.6875,0.01444443400032469,0.060591422003199114,49208,49238
2,35,1,387,64,1.3073593378067017,31,0.484375,0.015136917998461286,0.056763406999380095,49208,49238
2,36,1,388,64,1.266542673110962,32,0.5,0.014295095003035385,0.05197894199955044,49208,49238
2,37,1,389,64,1.173807144165039,35,0.546875,0.013415272998827277,0.051889024001866346,49208,49238
2,38,1,390,64,1.3154211044311523,34,0.53125,0.014234115998988273,0.05587224700138904,49208,49238
2,39,1,391,64,1.3915212154388428,29,0.453125,0.01353088799805846,0.0545135609972931,49208,49238
2,40,1,392,64,0.8120208978652954,44,0.6875,0.013374762998864753,0.058850410001468845,49208,49238
2,41,1,393,64,1.4236291646957397,31,0.484375,0.021025843001552857,0.06272701399939251,49208,49238
2,42,1,394,64,1.3249081373214722,31,0.484375,0.01369769300072221,0.05689024000093923,49208,49238
2,43,1,395,64,1.0025039911270142,43,0.671875,0.0162463079977897,0.05964895500073908,49208,49238
2,44,1,396,64,1.338415265083313,30,0.46875,0.013687931997992564,0.054743207001592964,49208,49238
2,45,1,397,64,1.1355088949203491,35,0.546875,0.016288568996969843,0.05603273000087938,49208,49238
2,46,1,398,64,1.0551742315292358,40,0.625,0.01449609199698898,0.056125952000002144,49208,49238
2,47,1,399,64,1.583922028541565,32,0.5,0.014624769999500131,0.05725234199780971,49208,49238
2,48,1,400,64,1.149707317352295,37,0.578125,0.014116198999545304,0.05539084700285457,49208,49238
2,49,1,401,64,1.3047428131103516,30,0.46875,0.017323677999229403,0.070606362001854,49208,49238
2,50,1,402,64,1.3429076671600342,36,0.5625,0.015195407999271993,0.05596018999858643,49208,49238
2,51,1,403,64,1.3384060859680176,31,0.484375,0.016574703997321194,0.06296863700117683,49208,49238
2,52,1,404,64,1.2624518871307373,36,0.5625,0.013735852000536397,0.052967988998716464,49208,49238
2,53,1,405,64,1.2386994361877441,40,0.625,0.01612316599857877,0.058125750001636334,49208,49238
2,54,1,406,64,1.2321641445159912,33,0.515625,0.0221084510012588,0.07380991600075504,49208,49238
2,55,1,407,64,1.2242465019226074,37,0.578125,0.015046610998979304,0.0664219360005518,49208,49238
2,56,1,408,64,1.296006679534912,35,0.546875,0.013615023002785165,0.05870319300083793,49208,49238
2,57,1,409,64,1.418658971786499,33,0.515625,0.015558036000584252,0.06123681199824205,49208,49238
2,58,1,410,64,1.3157522678375244,28,0.4375,0.014402353001059964,0.061028915999486344,49208,49238
2,59,1,411,64,1.1221387386322021,39,0.609375,0.01414139400003478,0.05673735299933469,49208,49238
2,60,1,412,64,1.323831558227539,36,0.5625,0.013548331000492908,0.05736598600196885,49208,49238
2,61,1,413,64,1.3216626644134521,35,0.546875,0.014381920002051629,0.05878424900220125,49208,49238
2,62,1,414,64,1.0764707326889038,37,0.578125,0.014009660000738222,0.059344924997276394,49208,49238
2,63,1,415,64,1.1481897830963135,37,0.578125,0.013700303996301955,0.056475932000466855,49208,49238
2,64,1,416,64,1.188143014907837,36,0.5625,0.014455661999818403,0.056629806000273675,49208,49238
2,65,1,417,64,1.0890458822250366,41,0.640625,0.014323117000458296,0.06161811200217926,49208,49238
2,66,1,418,64,1.1830288171768188,41,0.640625,0.016534533999220002,0.05845007199968677,49208,49238
2,67,1,419,64,0.9863449931144714,40,0.625,0.01646981500016409,0.061712953000096604,49208,49238
2,68,1,420,64,1.1659126281738281,37,0.578125,0.015321119997679489,0.05777917000159505,49208,49238
2,69,1,421,64,1.2248706817626953,33,0.515625,0.014407353002752643,0.05724575800195453,49208,49238
2,70,1,422,64,1.2399345636367798,35,0.546875,0.015769300000101794,0.06519087400010903,49208,49238
2,71,1,423,64,1.1929806470870972,40,0.625,0.014459916001214879,0.05840910400002031,49208,49238
2,72,1,424,64,1.1011054515838623,35,0.546875,0.014325080999697093,0.06568934100141632,49208,49238
2,73,1,425,64,1.4039859771728516,34,0.53125,0.014036193002539221,0.05834774799950537,49208,49238
2,74,1,426,64,1.083098292350769,41,0.640625,0.014390541997272521,0.061607550000189804,49208,49238
2,75,1,427,64,1.383972406387329,32,0.5,0.014367914001923054,0.05875423199904617,49208,49238
2,76,1,428,64,1.2757736444473267,35,0.546875,0.015685768998082494,0.05982405100075994,49208,49238
2,77,1,429,64,1.1800576448440552,35,0.546875,0.021894701996643562,0.07497786800013273,49208,49238
2,78,1,430,64,1.1032791137695312,37,0.578125,0.015212025999062462,0.060352742999384645,49208,49238
2,79,1,431,64,1.2001335620880127,37,0.578125,0.014685223999549635,0.06129728599989903,49208,49238
2,80,1,432,64,1.340609073638916,32,0.5,0.01470701699872734,0.06183407400021679,49208,49238
2,81,1,433,64,1.0521600246429443,40,0.625,0.015146914003707934,0.0587368599990441,49208,49238
2,82,1,434,64,1.1059792041778564,40,0.625,0.01931676100139157,0.06932123499791487,49208,49238
2,83,1,435,64,0.8257531523704529,46,0.71875,0.015106591003132053,0.06282643899976392,49208,49238
2,84,1,436,64,1.0831286907196045,40,0.625,0.016554733003431465,0.06328635400132043,49208,49238
2,85,1,437,64,1.238278865814209,36,0.5625,0.01462013200216461,0.05893401899811579,49208,49238
2,86,1,438,64,1.1214900016784668,34,0.53125,0.013860726001439616,0.06542224700024235,49208,49238
2,87,1,439,64,1.2601275444030762,35,0.546875,0.015246685001329752,0.06494505800219486,49208,49238
2,88,1,440,64,1.1776081323623657,36,0.5625,0.017398588999640197,0.061247099001775496,49208,49238
2,89,1,441,64,1.248188853263855,40,0.625,0.017428854000172578,0.06430455499867094,49208,49238
2,90,1,442,64,1.0059828758239746,39,0.609375,0.018742457999906037,0.06760531799955061,49208,49238
2,91,1,443,64,1.3162728548049927,36,0.5625,0.017801604997657705,0.06320887900074013,49208,49238
2,92,1,444,64,1.019641637802124,45,0.703125,0.018962795998959336,0.06557218899979489,49208,49238
2,93,1,445,64,1.1599929332733154,41,0.640625,0.019237434997194214,0.06571297800110187,49208,49238
2,94,1,446,64,1.174461841583252,38,0.59375,0.017835495000326773,0.06275160199948004,49208,49238
2,95,1,447,64,1.3798115253448486,33,0.515625,0.016027906000090297,0.06336782200014568,49208,49238
2,96,1,448,64,1.5356179475784302,24,0.375,0.01465986699986388,0.06319046300268383,49208,49238
2,97,1,449,64,1.138505458831787,34,0.53125,0.01571251499626669,0.06610857899795519,49208,49238
2,98,1,450,64,1.1465578079223633,39,0.609375,0.015359717999672284,0.06695659499746398,49208,49238
2,99,1,451,64,1.0513184070587158,40,0.625,0.01485713200236205,0.060497180002130335,49208,49238
2,100,1,452,64,1.2605328559875488,37,0.578125,0.014837342001555953,0.0597717439995904,49208,49238
2,101,1,453,64,1.4333540201187134,36,0.5625,0.014115740999841364,0.05800241899851244,49208,49238
2,102,1,454,64,1.11031174659729,39,0.609375,0.015083618000062415,0.06125414399866713,49208,49238
2,103,1,455,64,1.081644058227539,41,0.640625,0.01383613099824288,0.058177709997835336,49208,49238
2,104,1,456,64,1.0504281520843506,41,0.640625,0.013973180004541064,0.056725729002209846,49208,49238
2,105,1,457,64,1.3684704303741455,37,0.578125,0.014268359998823144,0.05855395700200461,49208,49238
2,106,1,458,64,1.215726375579834,39,0.609375,0.015045725001982646,0.06550498399883509,49208,49238
2,107,1,459,64,1.0516715049743652,39,0.609375,0.015641330999642378,0.06907631300055073,49208,49238
2,108,1,460,64,1.162968397140503,34,0.53125,0.017895321998366853,0.0656314799998654,49208,49238
2,109,1,461,64,1.0381741523742676,42,0.65625,0.01427060100104427,0.05844396999964374,49208,49238
2,110,1,462,64,1.1930347681045532,34,0.53125,0.014615430001867935,0.057048148999456316,49208,49238
2,111,1,463,64,1.024336338043213,38,0.59375,0.015606128999934299,0.06087917599870707,49208,49238
2,112,1,464,64,1.212538480758667,40,0.625,0.014481310001428938,0.06008708999797818,49208,49238
2,113,1,465,64,0.9881914854049683,39,0.609375,0.014269615003286162,0.05860734300222248,49208,49238
2,114,1,466,64,1.2110273838043213,39,0.609375,0.014025335000042105,0.056523797000409104,49208,49238
2,115,1,467,64,1.1722958087921143,40,0.625,0.013866717003111262,0.0577800369974284,49208,49238
2,116,1,468,64,1.1864545345306396,35,0.546875,0.014601888997276546,0.06084910700155888,49208,49238
2,117,1,469,64,1.131051778793335,34,0.53125,0.014715395995153813,0.05799902799844858,49208,49238
2,118,1,470,64,1.1300008296966553,39,0.609375,0.013864460001059342,0.05593247299839277,49208,49238
2,119,1,471,64,1.2143394947052002,37,0.578125,0.014824938003584975,0.05725418400106719,49208,49238
2,120,1,472,64,1.0539023876190186,44,0.6875,0.016218009001022438,0.05904181700316258,49208,49238
2,121,1,473,64,1.0578902959823608,36,0.5625,0.014885145999869565,0.05715271299777669,49208,49238
2,122,1,474,64,1.0108076333999634,39,0.609375,0.013708840004255762,0.06102036499942187,49208,49238
2,123,1,475,64,1.2249438762664795,32,0.5,0.01396462199772941,0.06134994600142818,49208,49238
2,124,1,476,64,1.3166477680206299,34,0.53125,0.014349711003887933,0.05676452600164339,49208,49238
2,125,1,477,64,1.1137504577636719,34,0.53125,0.014084527996601537,0.05746809199990821,49208,49238
2,126,1,478,64,0.9478728771209717,44,0.6875,0.013292987998283934,0.056920622002508026,49208,49238
2,127,1,479,64,1.1076340675354004,39,0.609375,0.013762780999968527,0.059511467999982415,49208,49238
2,128,1,480,64,1.1962378025054932,35,0.546875,0.013953705001767958,0.06193789500321145,49208,49238
2,129,1,481,64,1.2353622913360596,35,0.546875,0.015561920998152345,0.06274002999998629,49208,49238
2,130,1,482,64,1.239180088043213,33,0.515625,0.014586925000912743,0.06190541500109248,49208,49238
2,131,1,483,64,1.4663376808166504,27,0.421875,0.015542183999059489,0.060214453998924,49208,49238
2,132,1,484,64,1.39552640914917,37,0.578125,0.016645576997689204,0.06262570900071296,49208,49238
2,133,1,485,64,1.2428779602050781,32,0.5,0.013379633997828932,0.06624909699894488,49208,49238
2,134,1,486,64,1.0585198402404785,48,0.75,0.015340986999945017,0.060675551998429,49208,49238
2,135,1,487,64,1.147595763206482,36,0.5625,0.014288509999460075,0.06052158600141411,49208,49238
2,136,1,488,64,1.0933301448822021,34,0.53125,0.014310520004073624,0.061354505000053905,49208,49238
2,137,1,489,64,1.2802355289459229,38,0.59375,0.013576334000390489,0.05772554099894478,49208,49238
2,138,1,490,64,1.1756091117858887,40,0.625,0.013935994997154921,0.06020352199993795,49208,49238
2,139,1,491,64,1.3930649757385254,34,0.53125,0.014065467999898829,0.05898203199831187,49208,49238
2,140,1,492,64,1.1216444969177246,39,0.609375,0.015642228001524927,0.06476662500062957,49208,49238
2,141,1,493,64,1.2815535068511963,29,0.453125,0.01429860799908056,0.06600568300200393,49208,49238
2,142,1,494,64,1.3399529457092285,38,0.59375,0.01380121499823872,0.05805022399727022,49208,49238
2,143,1,495,64,1.1008927822113037,39,0.609375,0.014323632000014186,0.05973336600072798,49208,49238
2,144,1,496,64,1.2688095569610596,34,0.53125,0.014479744000709616,0.05936022400055663,49208,49238
2,145,1,497,64,1.243359923362732,36,0.5625,0.014046028998563997,0.06895915600034641,49208,49238
2,146,1,498,64,1.1288249492645264,36,0.5625,0.013716449000639841,0.05791552099981345,49208,49238
2,147,1,499,64,1.081702709197998,44,0.6875,0.015228346001094906,0.060274560000834754,49208,49238
2,148,1,500,64,1.1746277809143066,39,0.609375,0.017360204001306556,0.06169430899899453,49208,49238
2,149,1,501,64,1.3800783157348633,34,0.53125,0.021670070000254782,0.06909673200061661,49208,49238
2,150,1,502,64,1.129807710647583,41,0.640625,0.01378159600062645,0.05818859099963447,49208,49238
2,151,1,503,64,1.2870954275131226,34,0.53125,0.014108281000517309,0.05965524299972458,49208,49238
2,152,1,504,64,1.2996673583984375,38,0.59375,0.014156974997604266,0.057567068997741444,49208,49238
2,153,1,505,64,1.0111567974090576,42,0.65625,0.01396229899910395,0.05953864899856853,49208,49238
2,154,1,506,64,1.2729949951171875,38,0.59375,0.014314113999716938,0.06418030900022131,49208,49238
2,155,1,507,64,1.0287867784500122,41,0.640625,0.015610874001140473,0.07310155799859785,49208,49238
2,156,1,508,64,1.0637319087982178,40,0.625,0.014674044003186282,0.06193653399895993,49208,49238
2,157,1,509,64,1.0568548440933228,41,0.640625,0.015831407996302005,0.06287576300019282,49208,49238
2,158,1,510,64,0.9147521257400513,44,0.6875,0.015507952000916703,0.07408935200146516,49208,49238
2,159,1,511,64,1.1037895679473877,37,0.578125,0.015602925996063277,0.06239896300030523,49208,49238
2,160,1,512,64,1.1525615453720093,39,0.609375,0.016010104001907166,0.07064712899955339,49208,49238
2,161,1,513,64,1.0198850631713867,40,0.625,0.01511995400142041,0.06641265700091026,49208,49238
2,162,1,514,64,1.3214694261550903,33,0.515625,0.015168204001383856,0.0695202179995249,49208,49238
2,163,1,515,64,1.3090355396270752,30,0.46875,0.015380929999082582,0.062051357999735046,49208,49238
2,164,1,516,64,1.1680246591567993,38,0.59375,0.015897813998890342,0.07162994199825334,49208,49238
2,165,1,517,64,1.013249397277832,43,0.671875,0.015519341002800502,0.06306702599977143,49208,49238
2,166,1,518,64,1.094719409942627,36,0.5625,0.015291052000975469,0.06644454199704342,49208,49238
2,167,1,519,64,1.0521833896636963,40,0.625,0.015065019997564377,0.059448047999467235,49208,49238
2,168,1,520,64,1.163487434387207,40,0.625,0.015048070999910124,0.060515721001138445,49208,49238
2,169,1,521,64,1.013265609741211,42,0.65625,0.015277449001587229,0.06538183899829164,49208,49238
2,170,1,522,64,1.183823823928833,33,0.515625,0.01506571900245035,0.05936979299804079,49208,49238
2,171,1,523,64,1.2045011520385742,28,0.4375,0.015415234000101918,0.06454606099941884,49208,49238
2,172,1,524,64,1.1847407817840576,35,0.546875,0.015292470998247154,0.06967377299952204,49208,49238
2,173,1,525,64,0.9936968684196472,41,0.640625,0.01569484099672991,0.06051608599955216,49208,49238
2,174,1,526,64,1.0557496547698975,39,0.609375,0.015125696005270584,0.06329472700235783,49208,49238
2,175,1,527,64,1.257690668106079,34,0.53125,0.015237325002090074,0.07244364700090955,49208,49238
2,176,1,528,64,1.3772296905517578,42,0.65625,0.015542670000286307,0.06342272099936963,49208,49238
2,177,1,529,64,1.1572833061218262,38,0.59375,0.015537216000666376,0.0780725969998457,49208,49238
2,178,1,530,64,1.3634676933288574,29,0.453125,0.016315675999067025,0.07294686200111755,49208,49238
2,179,1,531,64,1.3532130718231201,32,0.5,0.014914614002918825,0.07202867700107163,49208,49238
2,180,1,532,64,1.3033392429351807,32,0.5,0.015518445001362124,0.06124465900211362,49208,49238
2,181,1,533,64,1.3256137371063232,33,0.515625,0.015961287997924956,0.06623748600031831,49208,49238
2,182,1,534,64,1.1434112787246704,34,0.53125,0.015934658000333002,0.06630722199770389,49208,49238
2,183,1,535,64,1.1935921907424927,40,0.625,0.015188246998150134,0.06903265100118006,49208,49238
2,184,1,536,64,1.2169189453125,36,0.5625,0.014958245996240294,0.06063835200257017,49208,49238
2,185,1,537,64,1.396588683128357,32,0.5,0.015592401003232226,0.07564945500053,49208,49238
2,186,1,538,64,1.2459478378295898,38,0.59375,0.013746224998612888,0.06238447099894984,49208,49238
2,187,1,539,64,1.4721922874450684,35,0.546875,0.01630621200092719,0.06535817399708321,49208,49238
2,188,1,540,64,1.264230489730835,35,0.546875,0.013426430003164569,0.06099618299776921,49208,49238
2,189,1,541,64,1.3032599687576294,34,0.53125,0.014546657999744639,0.05754101300044567,49208,49238
2,190,1,542,64,0.9421977996826172,44,0.6875,0.013747057000728091,0.06053808100114111,49208,49238
2,191,1,543,64,1.0951416492462158,40,0.625,0.014002837000589352,0.062264553002023604,49208,49238
2,192,1,544,64,1.1207489967346191,45,0.703125,0.015110942000319483,0.06797104600263992,49208,49238
2,193,1,545,64,1.1351083517074585,35,0.546875,0.013969726001960225,0.061726347001240356,49208,49238
2,194,1,546,64,1.1216182708740234,38,0.59375,0.01552860999800032,0.06286580699816113,49208,49238
2,195,1,547,64,0.9459575414657593,42,0.65625,0.0178183789976174,0.06678154999826802,49208,49238
2,196,1,548,64,1.3695893287658691,35,0.546875,0.014940231998480158,0.06230348299868638,49208,49238
2,197,1,549,64,1.1061756610870361,37,0.578125,0.014929442997527076,0.05911034300152096,49208,49238
2,198,1,550,64,1.0495890378952026,41,0.640625,0.014298500998847885,0.060574355000426294,49208,49238
2,199,1,551,64,1.1446411609649658,38,0.59375,0.014538637002260657,0.06417082600091817,49208,49238
2,200,1,552,64,1.163337230682373,37,0.578125,0.01486865900005796,0.06282690699663362,49208,49238
2,201,1,553,64,1.1712461709976196,35,0.546875,0.026623648998793215,0.07803032100127894,49208,49238
2,202,1,554,64,1.5036259889602661,28,0.4375,0.014600184997107135,0.0695060280013422,49208,49238
2,203,1,555,64,1.1443424224853516,37,0.578125,0.014754195002751658,0.06984292900233413,49208,49238
2,204,1,556,64,1.119286298751831,37,0.578125,0.014636469997640233,0.065233833000093,49208,49238
2,205,1,557,64,1.1118595600128174,36,0.5625,0.018581388001621235,0.07269606399859185,49208,49238
2,206,1,558,64,1.7891355752944946,22,0.34375,0.0159792300000845,0.06393372000093223,49208,49238
2,207,1,559,64,1.2950770854949951,34,0.53125,0.013343451002583606,0.05879853100123,49208,49238
2,208,1,560,64,1.1167893409729004,36,0.5625,0.014488283999526175,0.06104299399885349,49208,49238
2,209,1,561,64,1.0900734663009644,37,0.578125,0.014085406000958756,0.06065456399664981,49208,49238
2,210,1,562,64,1.020473837852478,41,0.640625,0.014321736001875252,0.06058114400002523,49208,49238
2,211,1,563,64,1.1036009788513184,40,0.625,0.014980021998781012,0.06369691699728719,49208,49238
2,212,1,564,64,1.0530925989151,36,0.5625,0.014193904997227946,0.0630081950002932,49208,49238
2,213,1,565,64,1.0656895637512207,38,0.59375,0.014663780999399023,0.06116076100079226,49208,49238
2,214,1,566,64,1.3342437744140625,34,0.53125,0.019925783002690878,0.06963307899786741,49208,49238
2,215,1,567,64,1.01017427444458,38,0.59375,0.014564344000973506,0.06334418099868344,49208,49238
2,216,1,568,64,1.135819435119629,37,0.578125,0.013786253999569453,0.05827753600169672,49208,49238
2,217,1,569,64,1.1078200340270996,41,0.640625,0.014699286999530159,0.06641040899921791,49208,49238
2,218,1,570,64,1.0963340997695923,41,0.640625,0.013474355997459497,0.058954853000614094,49208,49238
2,219,1,571,64,1.2405810356140137,36,0.5625,0.014931108999007847,0.06247815800088574,49208,49238
2,220,1,572,64,1.3600819110870361,33,0.515625,0.016901891995075857,0.06253802200080827,49208,49238
2,221,1,573,64,1.149308204650879,37,0.578125,0.014266943002439803,0.061440722001862014,49208,49238
2,222,1,574,64,0.8243798017501831,46,0.71875,0.01394883899774868,0.058702332997199846,49208,49238
2,223,1,575,64,1.2692952156066895,38,0.59375,0.01440597199689364,0.06310416100313887,49208,49238
2,224,1,576,64,1.1636711359024048,43,0.671875,0.013395361998846056,0.059900184998696204,49208,49238
2,225,1,577,64,1.1414527893066406,39,0.609375,0.014000851002492709,0.058552690999931656,49208,49238
2,226,1,578,64,1.289107322692871,34,0.53125,0.014992983004049165,0.05988583399812342,49208,49238
2,227,1,579,64,1.6186842918395996,30,0.46875,0.013996976998896571,0.06024449100004858,49208,49238
2,228,1,580,64,1.1216529607772827,42,0.65625,0.013297735997184645,0.06655068200052483,49208,49238
2,229,1,581,64,1.1010732650756836,36,0.5625,0.013383746998442803,0.06543748800322646,49208,49238
2,230,1,582,64,1.1410348415374756,36,0.5625,0.014022970000951318,0.0600372779990721,49208,49238
2,231,1,583,64,1.2549054622650146,36,0.5625,0.014868880996800726,0.0618130580005527,49208,49238
2,232,1,584,64,1.1961476802825928,37,0.578125,0.014667789997474756,0.06405145399912726,49208,49238
2,233,1,585,64,0.8404632806777954,41,0.640625,0.014920130000973586,0.06149768999966909,49208,49238
2,234,1,586,64,1.016749382019043,41,0.640625,0.01442016199871432,0.05725948500185041,49208,49238
2,235,1,587,64,1.2073888778686523,41,0.640625,0.013790231998427771,0.05659105499944417,49208,49238
2,236,1,588,64,0.9453229904174805,43,0.671875,0.017311288000200875,0.06133374800265301,49208,49238
2,237,1,589,64,1.0885155200958252,39,0.609375,0.014797034000366693,0.05865777600047295,49208,49238
2,238,1,590,64,1.1341102123260498,38,0.59375,0.013911470996390563,0.05544228000144358,49208,49238
2,239,1,591,64,1.2242331504821777,37,0.578125,0.01757781000196701,0.06089875199904782,49208,49238
2,240,1,592,64,0.9930123090744019,40,0.625,0.013960354001028463,0.057031812000786886,49208,49238
2,241,1,593,64,1.2010068893432617,36,0.5625,0.016251847002422437,0.07312029300010181,49208,49238
2,242,1,594,64,1.16588294506073,43,0.671875,0.014240315002098214,0.06050999000217416,49208,49238
2,243,1,595,64,1.1968809366226196,38,0.59375,0.013505826002074173,0.06635352299781516,49208,49238
2,244,1,596,64,0.9536261558532715,43,0.671875,0.016668727999785915,0.06060105299911811,49208,49238
2,245,1,597,64,0.9818259477615356,41,0.640625,0.014582265001081396,0.056654264000826515,49208,49238
2,246,1,598,64,1.370410442352295,34,0.53125,0.0140119629977562,0.05850330899920664,49208,49238
2,247,1,599,64,1.0650622844696045,40,0.625,0.013941260000137845,0.05972536399713135,49208,49238
2,248,1,600,64,0.9514902234077454,42,0.65625,0.013770753001153935,0.05780847599817207,49208,49238
2,249,1,601,64,0.8951200246810913,46,0.71875,0.014054143000976183,0.05931160500040278,49208,49238
2,250,1,602,64,1.31902015209198,36,0.5625,0.014218375996279065,0.057449730000371346,49208,49238
2,251,1,603,64,1.2510645389556885,34,0.53125,0.014341657995828427,0.059217364996584365,49208,49238
2,252,1,604,64,0.9076219797134399,44,0.6875,0.014022693001606967,0.05787220800266368,49208,49238
2,253,1,605,64,1.0172865390777588,40,0.625,0.0140747730001749,0.06186467500083381,49208,49238
2,254,1,606,64,1.2692214250564575,26,0.40625,0.0139747469984286,0.060598332001973176,49208,49238
2,255,1,607,64,1.215069055557251,41,0.640625,0.015031101000204217,0.06749219800258288,49208,49238
2,256,1,608,64,1.2269376516342163,36,0.5625,0.01458391800042591,0.058799099999305326,49208,49238
2,257,1,609,64,1.138864278793335,37,0.578125,0.013469976998749189,0.06006881400026032,49208,49238
2,258,1,610,64,1.2055631875991821,38,0.59375,0.014147245001367992,0.05786511599944788,49208,49238
2,259,1,611,64,1.1656742095947266,34,0.53125,0.014124249999440508,0.0596736610023072,49208,49238
2,260,1,612,64,0.8724050521850586,46,0.71875,0.015624715997546446,0.05982208999921568,49208,49238
2,261,1,613,64,1.0078914165496826,42,0.65625,0.013909344997955486,0.05816102999961004,49208,49238
2,262,1,614,64,1.2947847843170166,32,0.5,0.0143486880006094,0.05626141800166806,49208,49238
2,263,1,615,64,1.2201415300369263,36,0.5625,0.01407649499742547,0.059678867997718044,49208,49238
2,264,1,616,64,1.0067819356918335,41,0.640625,0.014051189002202591,0.056296126000233926,49208,49238
2,265,1,617,64,1.0733768939971924,36,0.5625,0.015353366998169804,0.05867623100130004,49208,49238
2,266,1,618,64,1.1005703210830688,37,0.578125,0.013798027001030277,0.05688267900040955,49208,49238
2,267,1,619,64,1.011613130569458,40,0.625,0.014071314999455353,0.05921251600011601,49208,49238
2,268,1,620,64,1.0154856443405151,39,0.609375,0.01376161400185083,0.05665210399820353,49208,49238
2,269,1,621,64,1.0983320474624634,40,0.625,0.014021709001099225,0.05900954299795558,49208,49238
2,270,1,622,64,0.8618185520172119,42,0.65625,0.014010078000865178,0.06418452700017951,49208,49238
2,271,1,623,64,1.3705248832702637,30,0.46875,0.013894222996896133,0.057694940998771926,49208,49238
2,272,1,624,64,1.1128942966461182,43,0.671875,0.014306050998129649,0.056706208997638896,49208,49238
2,273,1,625,64,0.8493618369102478,45,0.703125,0.013925529005064163,0.05872953699872596,49208,49238
2,274,1,626,64,1.2617554664611816,35,0.546875,0.014118481001787586,0.05732631299906643,49208,49238
2,275,1,627,64,1.1701862812042236,36,0.5625,0.014413682998565491,0.05724443299914128,49208,49238
2,276,1,628,64,1.0423102378845215,40,0.625,0.01652149300207384,0.06151497899918468,49208,49238
2,277,1,629,64,1.1585426330566406,38,0.59375,0.01469755600192002,0.05706065499907709,49208,49238
2,278,1,630,64,1.2055027484893799,38,0.59375,0.014055751002160832,0.05695070099682198,49208,49238
2,279,1,631,64,0.9959355592727661,40,0.625,0.01347978800185956,0.06158661599693005,49208,49238
2,280,1,632,64,1.1601232290267944,39,0.609375,0.014392944998689927,0.05716842399851885,49208,49238
2,281,1,633,64,1.1134599447250366,43,0.671875,0.013659258002007846,0.05540234900036012,49208,49238
2,282,1,634,64,1.182485818862915,36,0.5625,0.013369271997362375,0.05579612500150688,49208,49238
2,283,1,635,64,1.2390146255493164,36,0.5625,0.013810544998705154,0.06121325900312513,49208,49238
2,284,1,636,64,0.9311821460723877,42,0.65625,0.016338645997166168,0.0626439699990442,49208,49238
2,285,1,637,64,1.149432897567749,36,0.5625,0.015066291998664383,0.059888448002311634,49208,49238
2,286,1,638,64,1.2813879251480103,36,0.5625,0.014735828997800127,0.06240700700072921,49208,49238
2,287,1,639,64,1.1340866088867188,38,0.59375,0.014714510001795134,0.061335463000432355,49208,49238
2,288,1,640,64,1.2565691471099854,31,0.484375,0.018615278997458518,0.06898865699986345,49208,49238
2,289,1,641,64,1.0113390684127808,41,0.640625,0.017769309004506795,0.07133917400278733,49208,49238
2,290,1,642,64,1.5146257877349854,31,0.484375,0.015765034000651212,0.0595540299982531,49208,49238
2,291,1,643,64,1.3556634187698364,31,0.484375,0.015542266999545973,0.05912648300000001,49208,49238
2,292,1,644,64,1.1557461023330688,37,0.578125,0.01526549699701718,0.05996220500310301,49208,49238
2,293,1,645,64,1.045946717262268,42,0.65625,0.014842434997262899,0.0598634910020337,49208,49238
2,294,1,646,64,1.1513174772262573,37,0.578125,0.01618703900021501,0.062119433998304885,49208,49238
2,295,1,647,64,1.1478049755096436,35,0.546875,0.014564749002602184,0.05858228600118309,49208,49238
2,296,1,648,64,1.1122897863388062,36,0.5625,0.015979065003193682,0.0679988060001051,49208,49238
2,297,1,649,64,0.9910579323768616,41,0.640625,0.014854654004011536,0.05763899900193792,49208,49238
2,298,1,650,64,1.1651480197906494,40,0.625,0.014701213000080315,0.064368827999715,49208,49238
2,299,1,651,64,1.2371736764907837,37,0.578125,0.01782764900053735,0.06544583200229681,49208,49238
2,300,1,652,64,1.3386808633804321,29,0.453125,0.014789732002100209,0.06115905899787322,49208,49238
2,301,1,653,64,1.2035541534423828,36,0.5625,0.015745862998301163,0.06033821600067313,49208,49238
2,302,1,654,64,1.1874059438705444,33,0.515625,0.016951942001469433,0.06223478299943963,49208,49238
2,303,1,655,64,1.2732845544815063,40,0.625,0.015219209002680145,0.0648153909969551,49208,49238
2,304,1,656,64,1.1703886985778809,35,0.546875,0.017978651998419082,0.06274365399804083,49208,49238
2,305,1,657,64,1.1940199136734009,35,0.546875,0.014537726998241851,0.06154586000047857,49208,49238
2,306,1,658,64,1.1570353507995605,42,0.65625,0.015423452001414262,0.06333897299919045,49208,49238
2,307,1,659,64,1.3102920055389404,34,0.53125,0.014510312001220882,0.060031940000044415,49208,49238
2,308,1,660,64,1.0669450759887695,39,0.609375,0.014955311999074183,0.06310055300127715,49208,49238
2,309,1,661,64,1.1447285413742065,36,0.5625,0.014630636000219965,0.06854141200165031,49208,49238
2,310,1,662,64,1.210265874862671,38,0.59375,0.017033640997397015,0.06502456000089296,49208,49238
2,311,1,663,64,1.1803913116455078,41,0.640625,0.013924227998359129,0.06578494499990484,49208,49238
2,312,1,664,64,1.0552799701690674,38,0.59375,0.017791078997106524,0.06884453400198254,49208,49238
2,313,1,665,64,1.1127312183380127,39,0.609375,0.016100353001093026,0.06370902700291481,49208,49238
2,314,1,666,64,0.9411971569061279,45,0.703125,0.017117210998549126,0.0729677659983281,49208,49238
2,315,1,667,64,1.1716129779815674,38,0.59375,0.015662175999750616,0.05934109400186571,49208,49238
2,316,1,668,64,1.06309175491333,39,0.609375,0.014477707001788076,0.06575457299913978,49208,49238
2,317,1,669,64,1.2268751859664917,37,0.578125,0.014589489001082256,0.06010419400263345,49208,49238
2,318,1,670,64,1.0669835805892944,43,0.671875,0.015258261999406386,0.060245680000662105,49208,49238
2,319,1,671,64,1.062286615371704,42,0.65625,0.01796702299907338,0.06854510999983177,49208,49238
2,320,1,672,64,1.0049717426300049,41,0.640625,0.017891815001348732,0.06235598900093464,49208,49238
2,321,1,673,64,0.9737851023674011,41,0.640625,0.01791395699910936,0.06689436099986779,49208,49238
2,322,1,674,64,1.1606401205062866,37,0.578125,0.015002252002886962,0.06187847100227373,49208,49238
2,323,1,675,64,1.3690696954727173,33,0.515625,0.015728749000118114,0.06196529600128997,49208,49238
2,324,1,676,64,0.9271687269210815,48,0.75,0.017522751997603336,0.061407295001117745,49208,49238
2,325,1,677,64,1.0050640106201172,39,0.609375,0.017083261998777743,0.05997806599771138,49208,49238
2,326,1,678,64,1.2456920146942139,35,0.546875,0.014742643001227407,0.05795424800089677,49208,49238
2,327,1,679,64,1.0453766584396362,38,0.59375,0.01744963000237476,0.060561607002455276,49208,49238
2,328,1,680,64,1.3019187450408936,38,0.59375,0.014336402004119009,0.06693283100321423,49208,49238
2,329,1,681,64,1.0847868919372559,42,0.65625,0.01449718499861774,0.06019880899839336,49208,49238
2,330,1,682,64,1.0125415325164795,38,0.59375,0.014312819999759085,0.05973837799683679,49208,49238
2,331,1,683,64,1.4893875122070312,33,0.515625,0.01595806899786112,0.060823183001048164,49208,49238
2,332,1,684,64,1.338334083557129,31,0.484375,0.014495245999569306,0.06079194400081178,49208,49238
2,333,1,685,64,1.2445732355117798,35,0.546875,0.01636035200135666,0.06379126799947699,49208,49238
2,334,1,686,64,1.2258470058441162,39,0.609375,0.014413265002076514,0.06802207399960025,49208,49238
2,335,1,687,64,1.4129626750946045,37,0.578125,0.01672351000161143,0.07002806899981806,49208,49238
2,336,1,688,64,0.973288893699646,43,0.671875,0.01767318299971521,0.07109257699994487,49208,49238
2,337,1,689,64,1.163733720779419,40,0.625,0.018168194001191296,0.0654177169999457,49208,49238
2,338,1,690,64,1.192152500152588,34,0.53125,0.014602376999391709,0.05770856399976765,49208,49238
2,339,1,691,64,1.2784807682037354,35,0.546875,0.01707088900002418,0.062447484997392166,49208,49238
2,340,1,692,64,1.1170326471328735,39,0.609375,0.014586435001547216,0.062143642997398274,49208,49238
2,341,1,693,64,1.0822031497955322,37,0.578125,0.017208756995387375,0.06009406799785211,49208,49238
2,342,1,694,64,1.177172303199768,36,0.5625,0.019317874997796025,0.07247276199996122,49208,49238
2,343,1,695,64,1.0227141380310059,35,0.546875,0.01684939099868643,0.06390045700027258,49208,49238
2,344,1,696,64,1.1202943325042725,40,0.625,0.015095716000359971,0.06194956499894033,49208,49238
2,345,1,697,64,1.1628929376602173,41,0.640625,0.01573800900223432,0.06850621099874843,49208,49238
2,346,1,698,64,1.2357771396636963,38,0.59375,0.014002329000504687,0.058305131999077275,49208,49238
2,347,1,699,64,1.4869850873947144,32,0.5,0.023908071998448577,0.06760630099961418,49208,49238
2,348,1,700,64,1.0358011722564697,40,0.625,0.016739919999963604,0.06542475999958697,49208,49238
2,349,1,701,64,1.1293272972106934,37,0.578125,0.016943282000283943,0.06521999499818776,49208,49238
2,350,1,702,64,1.0424799919128418,36,0.5625,0.015060341003845679,0.062302188998728525,49208,49238
2,351,1,703,36,1.002707839012146,23,0.6388888888888888,0.014059173998248298,0.05860261599809746,27703,27733
3,0,1,704,64,0.9019451141357422,43,0.671875,0.014162595998641336,0.07241285599957337,49208,49238
3,1,1,705,64,1.1244120597839355,36,0.5625,0.018447341997671174,0.0814447900011146,49208,49238
3,2,1,706,64,0.9248936772346497,40,0.625,0.015826622999156825,0.06901694699990912,49208,49238
3,3,1,707,64,1.1593079566955566,40,0.625,0.019343979998666327,0.07420923300014692,49208,49238
3,4,1,708,64,0.8449593186378479,46,0.71875,0.02061039300315315,0.07979290499861236,49208,49238
3,5,1,709,64,0.9226730465888977,43,0.671875,0.01944668299984187,0.0741881829999329,49208,49238
3,6,1,710,64,1.130603551864624,42,0.65625,0.016965298000286566,0.07219012600035057,49208,49238
3,7,1,711,64,0.9166001081466675,44,0.6875,0.015129050996620208,0.06930646199907642,49208,49238
3,8,1,712,64,1.3353921175003052,27,0.421875,0.013912240003264742,0.06867337999938172,49208,49238
3,9,1,713,64,0.9152588844299316,43,0.671875,0.013851198000338627,0.06683627699749195,49208,49238
3,10,1,714,64,0.9582853317260742,41,0.640625,0.015521173998422455,0.06996330300171394,49208,49238
3,11,1,715,64,0.8134802579879761,44,0.6875,0.01637958500214154,0.07340050100174267,49208,49238
3,12,1,716,64,1.1718671321868896,39,0.609375,0.01556519700170611,0.06938625199836679,49208,49238
3,13,1,717,64,1.0789146423339844,41,0.640625,0.015919042998575605,0.06663976499839919,49208,49238
3,14,1,718,64,1.004690170288086,42,0.65625,0.017836148999776924,0.07315843300239067,49208,49238
3,15,1,719,64,0.8645883798599243,45,0.703125,0.016216510000958806,0.07297771200319403,49208,49238
3,16,1,720,64,1.0936508178710938,42,0.65625,0.019415422997553833,0.07274974899701192,49208,49238
3,17,1,721,64,1.1172404289245605,37,0.578125,0.01666458400359261,0.07175303300027736,49208,49238
3,18,1,722,64,1.0653890371322632,39,0.609375,0.01693372400404769,0.07264092399782385,49208,49238
3,19,1,723,64,0.952305018901825,40,0.625,0.015172715997323394,0.07125807500051451,49208,49238
3,20,1,724,64,1.1036553382873535,38,0.59375,0.01703048600029433,0.07135849600308575,49208,49238
3,21,1,725,64,0.8969401121139526,44,0.6875,0.017593432996363845,0.07650620400090702,49208,49238
3,22,1,726,64,1.224221110343933,36,0.5625,0.015262557000824017,0.06893719700019574,49208,49238
3,23,1,727,64,1.1402966976165771,39,0.609375,0.01456438900277135,0.06686983899999177,49208,49238
3,24,1,728,64,0.8962880373001099,43,0.671875,0.01731558499886887,0.07235957900047651,49208,49238
3,25,1,729,64,1.0812463760375977,39,0.609375,0.01565255899549811,0.06977418300084537,49208,49238
3,26,1,730,64,1.1069505214691162,43,0.671875,0.017445051998947747,0.0598999250032648,49208,49238
3,27,1,731,64,0.9371281862258911,43,0.671875,0.014262773001973983,0.056354055002884706,49208,49238
3,28,1,732,64,0.9206321239471436,43,0.671875,0.014038136003364343,0.0555417870018573,49208,49238
3,29,1,733,64,1.066253662109375,39,0.609375,0.016269168998405803,0.05514187500011758,49208,49238
3,30,1,734,64,1.0089921951293945,42,0.65625,0.014997873997344868,0.05762495700037107,49208,49238
3,31,1,735,64,0.9687501192092896,45,0.703125,0.014826312999502989,0.056878090003010584,49208,49238
3,32,1,736,64,0.7559188008308411,46,0.71875,0.014006724999489961,0.05276570199930575,49208,49238
3,33,1,737,64,0.8603705167770386,43,0.671875,0.014689689000078943,0.059742904999438906,49208,49238
3,34,1,738,64,1.031731128692627,39,0.609375,0.01706497699706233,0.06272700000045006,49208,49238
3,35,1,739,64,1.048556923866272,40,0.625,0.014251291999244131,0.06008871300218743,49208,49238
3,36,1,740,64,0.9473551511764526,40,0.625,0.014640287998190615,0.05673170500085689,49208,49238
3,37,1,741,64,1.119805097579956,36,0.5625,0.0171883289985999,0.05693958100164309,49208,49238
3,38,1,742,64,1.1457443237304688,41,0.640625,0.014361792000272544,0.05458202199952211,49208,49238
3,39,1,743,64,0.8882793188095093,48,0.75,0.01641502599886735,0.058357557998533593,49208,49238
3,40,1,744,64,0.9252358078956604,43,0.671875,0.013707006997719873,0.05286754299959284,49208,49238
3,41,1,745,64,0.9902450442314148,41,0.640625,0.01646669399997336,0.058472542001254624,49208,49238
3,42,1,746,64,1.0493085384368896,41,0.640625,0.013867210003809305,0.05664427000010619,49208,49238
3,43,1,747,64,0.9960730075836182,41,0.640625,0.014722039999469416,0.057475870999041945,49208,49238
3,44,1,748,64,1.1537317037582397,39,0.609375,0.014937887000996852,0.05974366900045425,49208,49238
3,45,1,749,64,0.7927575707435608,46,0.71875,0.016354973002307815,0.06034573999932036,49208,49238
3,46,1,750,64,1.034384846687317,36,0.5625,0.013737092998781009,0.05679568399864365,49208,49238
3,47,1,751,64,1.2158586978912354,39,0.609375,0.01389110099626123,0.057274962000519736,49208,49238
3,48,1,752,64,1.1726295948028564,37,0.578125,0.014083783000387484,0.06126669199875323,49208,49238
3,49,1,753,64,0.897375762462616,39,0.609375,0.01799065999875893,0.06836190299873124,49208,49238
3,50,1,754,64,1.144557237625122,36,0.5625,0.015539918997092173,0.06132919099763967,49208,49238
3,51,1,755,64,0.8068922758102417,45,0.703125,0.014391071999853011,0.0568901350015949,49208,49238
3,52,1,756,64,0.906119704246521,44,0.6875,0.014675539001473226,0.059884384001634317,49208,49238
3,53,1,757,64,0.8765542507171631,45,0.703125,0.015311432998714736,0.057838193999486975,49208,49238
3,54,1,758,64,0.8464048504829407,47,0.734375,0.016723442000511568,0.06621707200247329,49208,49238
3,55,1,759,64,1.2221804857254028,36,0.5625,0.017042999003024306,0.059645146000548266,49208,49238
3,56,1,760,64,1.0376551151275635,43,0.671875,0.013767725002253428,0.05564839500220842,49208,49238
3,57,1,761,64,1.056709885597229,39,0.609375,0.013125923000188777,0.05692522300159908,49208,49238
3,58,1,762,64,1.049409031867981,45,0.703125,0.013935916998889297,0.05578275600055349,49208,49238
3,59,1,763,64,0.9825111031532288,45,0.703125,0.01436502000069595,0.061638287999812746,49208,49238
3,60,1,764,64,0.9245575666427612,45,0.703125,0.01773173599576694,0.06240013699789415,49208,49238
3,61,1,765,64,0.7982783317565918,45,0.703125,0.014104179001151351,0.05449145699822111,49208,49238
3,62,1,766,64,1.0116589069366455,41,0.640625,0.016750286999013042,0.06740240699946298,49208,49238
3,63,1,767,64,0.7842833995819092,46,0.71875,0.014680596999824047,0.05937620099939522,49208,49238
3,64,1,768,64,0.9314180612564087,47,0.734375,0.013534212001104606,0.055530985999212135,49208,49238
3,65,1,769,64,1.0338726043701172,37,0.578125,0.014679870997497346,0.060802123000030406,49208,49238
3,66,1,770,64,1.269832730293274,33,0.515625,0.017335683998680906,0.059795455999847036,49208,49238
3,67,1,771,64,1.073474645614624,39,0.609375,0.014782941001612926,0.05711652399986633,49208,49238
3,68,1,772,64,0.9913163781166077,43,0.671875,0.014454073996603256,0.05622046500138822,49208,49238
3,69,1,773,64,1.079625129699707,39,0.609375,0.014630014000431402,0.05786280300162616,49208,49238
3,70,1,774,64,0.9499934315681458,43,0.671875,0.015197654996882193,0.05749749400274595,49208,49238
3,71,1,775,64,1.0054819583892822,37,0.578125,0.014257162001740653,0.0594586570005049,49208,49238
3,72,1,776,64,1.009556531906128,43,0.671875,0.016457993999210885,0.06082300399793894,49208,49238
3,73,1,777,64,0.9608031511306763,45,0.703125,0.014102958997682435,0.05750940500001889,49208,49238
3,74,1,778,64,1.0789425373077393,33,0.515625,0.01432458799899905,0.056100392997905146,49208,49238
3,75,1,779,64,1.0079349279403687,43,0.671875,0.01446226900225156,0.05667375700068078,49208,49238
3,76,1,780,64,1.035597801208496,41,0.640625,0.014067453997995472,0.061553717001515906,49208,49238
3,77,1,781,64,1.3712444305419922,35,0.546875,0.015154079999774694,0.05926252200151794,49208,49238
3,78,1,782,64,1.2506023645401,39,0.609375,0.014698220998980105,0.0632105139993655,49208,49238
3,79,1,783,64,1.1348049640655518,40,0.625,0.015267599999788217,0.05902485600017826,49208,49238
3,80,1,784,64,1.0197224617004395,45,0.703125,0.014844345998426434,0.05800096000166377,49208,49238
3,81,1,785,64,0.9783326983451843,40,0.625,0.016773155999544542,0.06035797100048512,49208,49238
3,82,1,786,64,1.048568844795227,38,0.59375,0.01406161900376901,0.061150637000537245,49208,49238
3,83,1,787,64,1.0466378927230835,41,0.640625,0.015030870003101882,0.05988445600087289,49208,49238
3,84,1,788,64,0.9853534698486328,42,0.65625,0.013861295999959111,0.06533061700247345,49208,49238
3,85,1,789,64,0.9672627449035645,46,0.71875,0.014878182995744282,0.06691255699843168,49208,49238
3,86,1,790,64,0.6466553211212158,54,0.84375,0.015067163996718591,0.0678601140025421,49208,49238
3,87,1,791,64,1.0524086952209473,38,0.59375,0.01679546599916648,0.06165398599841865,49208,49238
3,88,1,792,64,0.965497612953186,42,0.65625,0.01372433500000625,0.06217921099960222,49208,49238
3,89,1,793,64,1.1335335969924927,39,0.609375,0.013866722998500336,0.06145909299812047,49208,49238
3,90,1,794,64,0.8903040289878845,43,0.671875,0.017107715997553896,0.06531080800050404,49208,49238
3,91,1,795,64,1.1686588525772095,40,0.625,0.01424999400114757,0.06423451600130647,49208,49238
3,92,1,796,64,0.9586288332939148,46,0.71875,0.014702791999297915,0.058123647002503276,49208,49238
3,93,1,797,64,0.8968794345855713,46,0.71875,0.013885511998523725,0.060189527001057286,49208,49238
3,94,1,798,64,0.8135084509849548,47,0.734375,0.013874532000045292,0.05995385499772965,49208,49238
3,95,1,799,64,0.8894472718238831,41,0.640625,0.015184842006419785,0.06369031900248956,49208,49238
3,96,1,800,64,0.9299710392951965,46,0.71875,0.014193307000823552,0.05885242099975585,49208,49238
3,97,1,801,64,1.1420128345489502,41,0.640625,0.01479544900576002,0.05935716300155036,49208,49238
3,98,1,802,64,0.8823862075805664,44,0.6875,0.013832627999363467,0.055997371000557905,49208,49238
3,99,1,803,64,1.1373991966247559,37,0.578125,0.014447142999415519,0.0660972320001747,49208,49238
3,100,1,804,64,0.9321876764297485,43,0.671875,0.014420531002542702,0.05920801300089806,49208,49238
3,101,1,805,64,1.2385679483413696,34,0.53125,0.014927868996892357,0.05945176699970034,49208,49238
3,102,1,806,64,0.9027472734451294,44,0.6875,0.01470442099889624,0.0636822630003735,49208,49238
3,103,1,807,64,1.0067356824874878,44,0.6875,0.013608567998744547,0.059978782999678515,49208,49238
3,104,1,808,64,0.6914258599281311,49,0.765625,0.01415422500213026,0.06154454699935741,49208,49238
3,105,1,809,64,1.0201225280761719,42,0.65625,0.015026175999082625,0.06049066999912611,49208,49238
3,106,1,810,64,1.0414782762527466,37,0.578125,0.014242602002923377,0.06037110499892151,49208,49238
3,107,1,811,64,1.1317801475524902,39,0.609375,0.013621940001030453,0.057018548999622,49208,49238
3,108,1,812,64,0.923983097076416,43,0.671875,0.01602866999746766,0.060257613000430865,49208,49238
3,109,1,813,64,1.0334584712982178,43,0.671875,0.014034430001629516,0.059232427996903425,49208,49238
3,110,1,814,64,1.1182222366333008,38,0.59375,0.0168697160006559,0.05978426900037448,49208,49238
3,111,1,815,64,0.9280738830566406,45,0.703125,0.01447524700051872,0.0632657130008738,49208,49238
3,112,1,816,64,1.0492662191390991,42,0.65625,0.013929249998909654,0.06411984899750678,49208,49238
3,113,1,817,64,0.9634488821029663,47,0.734375,0.01611934000175097,0.06658636500287685,49208,49238
3,114,1,818,64,0.8840124011039734,47,0.734375,0.015619818001141539,0.06437227199785411,49208,49238
3,115,1,819,64,1.1583857536315918,36,0.5625,0.015429612998559605,0.06099805499979993,49208,49238
3,116,1,820,64,0.8719663619995117,42,0.65625,0.01431734999641776,0.06715027499740245,49208,49238
3,117,1,821,64,1.1118416786193848,40,0.625,0.013919314002123429,0.06436581399975694,49208,49238
3,118,1,822,64,0.928238034248352,44,0.6875,0.014166736003971891,0.059060384999611415,49208,49238
3,119,1,823,64,1.0780106782913208,39,0.609375,0.015217071999359177,0.06375162500262377,49208,49238
3,120,1,824,64,1.1677037477493286,41,0.640625,0.01473594100025366,0.059309092997864354,49208,49238
3,121,1,825,64,0.9042268991470337,44,0.6875,0.014087930998357479,0.060860901001433376,49208,49238
3,122,1,826,64,1.0562390089035034,39,0.609375,0.014335050000227056,0.06866079500105116,49208,49238
3,123,1,827,64,0.8825855851173401,42,0.65625,0.014965447997383308,0.061313681999308756,49208,49238
3,124,1,828,64,1.0693888664245605,39,0.609375,0.014952237001125468,0.059182597000472015,49208,49238
3,125,1,829,64,1.0217539072036743,41,0.640625,0.015640168996469583,0.06011480099914479,49208,49238
3,126,1,830,64,1.0610984563827515,38,0.59375,0.01449850700009847,0.05928864200177486,49208,49238
3,127,1,831,64,1.0656049251556396,40,0.625,0.014703642998938449,0.06391115599762998,49208,49238
3,128,1,832,64,0.8915202021598816,41,0.640625,0.016598909998720046,0.07115289300054428,49208,49238
3,129,1,833,64,1.2416428327560425,37,0.578125,0.01427305799734313,0.06073813599869027,49208,49238
3,130,1,834,64,0.7253215909004211,49,0.765625,0.01600301100188517,0.06394085400097538,49208,49238
3,131,1,835,64,1.1667969226837158,38,0.59375,0.014239189997169888,0.06088884299970232,49208,49238
3,132,1,836,64,1.0096784830093384,40,0.625,0.01452244900065125,0.05996272099946509,49208,49238
3,133,1,837,64,0.9318159818649292,48,0.75,0.014359965000039665,0.06023163099962403,49208,49238
3,134,1,838,64,0.8776642680168152,46,0.71875,0.015305308003007667,0.06300718300190056,49208,49238
3,135,1,839,64,1.2960072755813599,36,0.5625,0.0154426169974613,0.05926326000189874,49208,49238
3,136,1,840,64,1.3234734535217285,38,0.59375,0.014747373999853153,0.06359203600004548,49208,49238
3,137,1,841,64,0.8494324088096619,45,0.703125,0.014741998002136825,0.05768306100071641,49208,49238
3,138,1,842,64,1.066161870956421,43,0.671875,0.01787546199921053,0.06389131800096948,49208,49238
3,139,1,843,64,1.1285583972930908,41,0.640625,0.013745507003477542,0.057481624997308245,49208,49238
3,140,1,844,64,1.0896716117858887,41,0.640625,0.013905841999076074,0.06323879299816326,49208,49238
3,141,1,845,64,1.1647987365722656,40,0.625,0.015114615995116765,0.060478179999336135,49208,49238
3,142,1,846,64,1.0458389520645142,42,0.65625,0.01385545600351179,0.0586150329982047,49208,49238
3,143,1,847,64,1.1775743961334229,39,0.609375,0.016426949001470348,0.06605475900141755,49208,49238
3,144,1,848,64,0.9832450747489929,36,0.5625,0.014300695998826995,0.062133094001183053,49208,49238
3,145,1,849,64,1.078777551651001,38,0.59375,0.01332341300076223,0.05612453199864831,49208,49238
3,146,1,850,64,0.8774328827857971,45,0.703125,0.0142796609979996,0.060593448997678934,49208,49238
3,147,1,851,64,0.9517395496368408,40,0.625,0.01471843499894021,0.0635392510012025,49208,49238
3,148,1,852,64,1.0796431303024292,37,0.578125,0.013898166998842498,0.06050087400217308,49208,49238
3,149,1,853,64,1.2158337831497192,39,0.609375,0.013890168997022556,0.06103212499874644,49208,49238
3,150,1,854,64,1.010908603668213,42,0.65625,0.013946857998234918,0.05922759600071004,49208,49238
3,151,1,855,64,1.0881752967834473,40,0.625,0.014987397000368219,0.06168509599956451,49208,49238
3,152,1,856,64,1.0244494676589966,40,0.625,0.014693190998514183,0.060110667000117246,49208,49238
3,153,1,857,64,1.0290930271148682,40,0.625,0.014802107998548308,0.0599093270029698,49208,49238
3,154,1,858,64,0.8603595495223999,43,0.671875,0.014110438998613972,0.05713337199995294,49208,49238
3,155,1,859,64,0.9958781003952026,41,0.640625,0.016849965999426786,0.06524075199922663,49208,49238
3,156,1,860,64,1.1484507322311401,38,0.59375,0.014816392998909578,0.06190333199992892,49208,49238
3,157,1,861,64,1.0658766031265259,40,0.625,0.014961182998376898,0.05792426100015291,49208,49238
3,158,1,862,64,0.9081838130950928,43,0.671875,0.014488574001006782,0.0631352060008794,49208,49238
3,159,1,863,64,0.8684550523757935,46,0.71875,0.01444854200235568,0.05961161500090384,49208,49238
3,160,1,864,64,0.912943959236145,45,0.703125,0.014754728003026685,0.06255942999996478,49208,49238
3,161,1,865,64,1.067658543586731,39,0.609375,0.014974957000958966,0.06852448800054844,49208,49238
3,162,1,866,64,1.0533673763275146,41,0.640625,0.01555355500386213,0.06254459599949769,49208,49238
3,163,1,867,64,0.8862290382385254,41,0.640625,0.017162708998512244,0.0675013250001939,49208,49238
3,164,1,868,64,1.157821774482727,44,0.6875,0.014679011001135223,0.06524101000104565,49208,49238
3,165,1,869,64,0.724860429763794,50,0.78125,0.01576614000077825,0.059446573999593966,49208,49238
3,166,1,870,64,0.8488884568214417,43,0.671875,0.016636984000797383,0.06430083799932618,49208,49238
3,167,1,871,64,0.9088051319122314,47,0.734375,0.016226900996116456,0.06712227100069867,49208,49238
3,168,1,872,64,0.9692038893699646,42,0.65625,0.018215808002423728,0.07369993799875374,49208,49238
3,169,1,873,64,0.8954344391822815,41,0.640625,0.01734501800092403,0.06547786100054509,49208,49238
3,170,1,874,64,1.068922519683838,41,0.640625,0.01530129599996144,0.06367183299880708,49208,49238
3,171,1,875,64,0.9824110865592957,40,0.625,0.014136405996396206,0.05882404099975247,49208,49238
3,172,1,876,64,1.0458190441131592,39,0.609375,0.014494647999526933,0.06037685299816076,49208,49238
3,173,1,877,64,1.0095731019973755,43,0.671875,0.014734759002749342,0.059041332999186125,49208,49238
3,174,1,878,64,0.8737772703170776,43,0.671875,0.013957229999505216,0.061046585000440245,49208,49238
3,175,1,879,64,1.0498082637786865,40,0.625,0.014107272996625397,0.057922932002838934,49208,49238
3,176,1,880,64,1.0394706726074219,37,0.578125,0.019324832999700448,0.06806296300055692,49208,49238
3,177,1,881,64,1.0085217952728271,42,0.65625,0.01571354100087774,0.05980888999692979,49208,49238
3,178,1,882,64,1.018109679222107,40,0.625,0.014008445999934338,0.05931876699833083,49208,49238
3,179,1,883,64,0.917661190032959,41,0.640625,0.01487096400160226,0.063951033000194,49208,49238
3,180,1,884,64,1.127739429473877,40,0.625,0.014698986000439618,0.0589814259983541,49208,49238
3,181,1,885,64,0.9606029391288757,44,0.6875,0.014963100999011658,0.061009889002889395,49208,49238
3,182,1,886,64,0.98386549949646,42,0.65625,0.014944317001209129,0.05829778599945712,49208,49238
3,183,1,887,64,0.8981622457504272,46,0.71875,0.014376899998751469,0.06064511800286709,49208,49238
3,184,1,888,64,0.8744834661483765,46,0.71875,0.014566659003321547,0.061147230000642594,49208,49238
3,185,1,889,64,0.9744515419006348,43,0.671875,0.015133920998778194,0.0610575169994263,49208,49238
3,186,1,890,64,1.0024992227554321,40,0.625,0.01568187299926649,0.06650201899901731,49208,49238
3,187,1,891,64,1.1956093311309814,34,0.53125,0.014761024998733774,0.05831484399823239,49208,49238
3,188,1,892,64,0.8817710876464844,44,0.6875,0.01404356299826759,0.06041451000055531,49208,49238
3,189,1,893,64,1.0004569292068481,41,0.640625,0.01441995200002566,0.06136067999977968,49208,49238
3,190,1,894,64,0.8987590670585632,41,0.640625,0.013972148000902962,0.05561847499848227,49208,49238
3,191,1,895,64,0.9582124948501587,44,0.6875,0.015697760001785355,0.060282161000941414,49208,49238
3,192,1,896,64,0.9424489736557007,43,0.671875,0.014842695996776456,0.061945056997501524,49208,49238
3,193,1,897,64,1.0464074611663818,38,0.59375,0.01458541099782451,0.06497257400042145,49208,49238
3,194,1,898,64,0.9447805881500244,40,0.625,0.01738521099832724,0.0685635590016318,49208,49238
3,195,1,899,64,0.8470122814178467,43,0.671875,0.014013492000231054,0.06029242300064652,49208,49238
3,196,1,900,64,1.0072473287582397,44,0.6875,0.015639488996384898,0.06014633299855632,49208,49238
3,197,1,901,64,1.0414667129516602,35,0.546875,0.015374358001281507,0.060607798001001356,49208,49238
3,198,1,902,64,1.0517964363098145,40,0.625,0.01558851899972069,0.06297804600035306,49208,49238
3,199,1,903,64,0.9827845096588135,42,0.65625,0.015599221998854773,0.062667636997503,49208,49238
3,200,1,904,64,0.9334646463394165,44,0.6875,0.01339080800244119,0.056434449998050695,49208,49238
3,201,1,905,64,0.8644746541976929,46,0.71875,0.014486371001112275,0.05793196100057685,49208,49238
3,202,1,906,64,1.0566105842590332,42,0.65625,0.013543169996410143,0.05907140600174898,49208,49238
3,203,1,907,64,0.7987625598907471,47,0.734375,0.014405057001567911,0.05742079100309638,49208,49238
3,204,1,908,64,0.9147030711174011,47,0.734375,0.015581832005409524,0.05833714899927145,49208,49238
3,205,1,909,64,1.0729337930679321,40,0.625,0.014820151001913473,0.06740000500212773,49208,49238
3,206,1,910,64,1.0137813091278076,39,0.609375,0.015287957998225465,0.06451807200210169,49208,49238
3,207,1,911,64,0.9668443202972412,42,0.65625,0.014204646005964605,0.07585366299827001,49208,49238
3,208,1,912,64,0.9097721576690674,40,0.625,0.014280976003647083,0.06592716000159271,49208,49238
3,209,1,913,64,0.8269268274307251,42,0.65625,0.015644110997527605,0.06447513199964305,49208,49238
3,210,1,914,64,0.991213858127594,43,0.671875,0.01396526700045797,0.05955192699912004,49208,49238
3,211,1,915,64,0.9829481840133667,45,0.703125,0.018302805998246185,0.06374832400251762,49208,49238
3,212,1,916,64,0.9448615312576294,44,0.6875,0.013990243001899216,0.05876719699881505,49208,49238
3,213,1,917,64,0.702530026435852,52,0.8125,0.014987481001298875,0.06060881500161486,49208,49238
3,214,1,918,64,1.1795389652252197,37,0.578125,0.01442080099877785,0.05795772499914165,49208,49238
3,215,1,919,64,0.9287755489349365,37,0.578125,0.014241373002732871,0.057358392001333414,49208,49238
3,216,1,920,64,1.203102707862854,40,0.625,0.014764676998311188,0.06148054599907482,49208,49238
3,217,1,921,64,0.9398561716079712,44,0.6875,0.015554664998489898,0.060726644998794654,49208,49238
3,218,1,922,64,0.9417954087257385,44,0.6875,0.014280315001087729,0.061142047998146154,49208,49238
3,219,1,923,64,1.1304466724395752,40,0.625,0.014468854998995084,0.05763415200271993,49208,49238
3,220,1,924,64,0.9096132516860962,44,0.6875,0.013720792998356046,0.06908490199930384,49208,49238
3,221,1,925,64,1.1612915992736816,36,0.5625,0.016549850999581395,0.060748914002033416,49208,49238
3,222,1,926,64,0.961628258228302,41,0.640625,0.014207036001607776,0.05762583999967319,49208,49238
3,223,1,927,64,1.1955347061157227,38,0.59375,0.014238225001463434,0.061789909999788506,49208,49238
3,224,1,928,64,1.262427568435669,36,0.5625,0.015120772997761378,0.061312843001360307,49208,49238
3,225,1,929,64,1.0475560426712036,45,0.703125,0.016277992002869723,0.06500404599864851,49208,49238
3,226,1,930,64,0.8733898401260376,46,0.71875,0.014495455001451774,0.05842754199693445,49208,49238
3,227,1,931,64,1.3461354970932007,29,0.453125,0.013810301999910735,0.056429783999192296,49208,49238
3,228,1,932,64,1.1369659900665283,36,0.5625,0.013678942996193655,0.0602578159996483,49208,49238
3,229,1,933,64,1.1362864971160889,37,0.578125,0.014413008000701666,0.06019577100232709,49208,49238
3,230,1,934,64,0.9574049115180969,43,0.671875,0.016010244999051793,0.06581009900037316,49208,49238
3,231,1,935,64,1.188623309135437,38,0.59375,0.01733602400054224,0.06267743500211509,49208,49238
3,232,1,936,64,1.160204529762268,36,0.5625,0.013752056001976598,0.05671072299810476,49208,49238
3,233,1,937,64,1.1066718101501465,36,0.5625,0.015114764995814767,0.05964762399889878,49208,49238
3,234,1,938,64,0.9068789482116699,44,0.6875,0.013356078998185694,0.06124678700143704,49208,49238
3,235,1,939,64,1.015307903289795,43,0.671875,0.013459182002407033,0.06334040699948673,49208,49238
3,236,1,940,64,0.824539840221405,43,0.671875,0.013652334000653354,0.056202454998128815,49208,49238
3,237,1,941,64,1.1933612823486328,36,0.5625,0.014376316994457738,0.05752799599940772,49208,49238
3,238,1,942,64,1.1488454341888428,39,0.609375,0.014571371000783984,0.05714571900170995,49208,49238
3,239,1,943,64,1.1333584785461426,39,0.609375,0.015180835001956439,0.05751422899993486,49208,49238
3,240,1,944,64,0.942995548248291,38,0.59375,0.013574608001363231,0.05611937499998021,49208,49238
3,241,1,945,64,0.7426995038986206,51,0.796875,0.01643912099825684,0.06146664799962309,49208,49238
3,242,1,946,64,0.8999221324920654,43,0.671875,0.013626366999233142,0.05595480799820507,49208,49238
3,243,1,947,64,1.0541938543319702,38,0.59375,0.01440546599769732,0.06271988300068188,49208,49238
3,244,1,948,64,0.999233067035675,38,0.59375,0.014394882000487996,0.05957498999850941,49208,49238
3,245,1,949,64,1.1916751861572266,37,0.578125,0.01494159800131456,0.06306212199706351,49208,49238
3,246,1,950,64,0.7240540385246277,48,0.75,0.015311753999412758,0.058263391998480074,49208,49238
3,247,1,951,64,1.0220304727554321,36,0.5625,0.014240964999771677,0.057991500001662644,49208,49238
3,248,1,952,64,0.9880005121231079,43,0.671875,0.014824154000962153,0.06605491300069843,49208,49238
3,249,1,953,64,0.8009167909622192,47,0.734375,0.014543223001965089,0.05764935200204491,49208,49238
3,250,1,954,64,0.9877500534057617,40,0.625,0.01616399299746263,0.061445096998795634,49208,49238
3,251,1,955,64,1.0322253704071045,37,0.578125,0.013696531001187395,0.06784262099972693,49208,49238
3,252,1,956,64,0.8034324645996094,44,0.6875,0.014518740998028079,0.06326911800351809,49208,49238
3,253,1,957,64,0.9821799397468567,43,0.671875,0.014507302999845706,0.05884127100216574,49208,49238
3,254,1,958,64,0.8391224145889282,42,0.65625,0.0134279290032282,0.05591095500130905,49208,49238
3,255,1,959,64,1.07161283493042,37,0.578125,0.014212052003131248,0.06096539500140352,49208,49238
3,256,1,960,64,0.9187411665916443,44,0.6875,0.015279713999916567,0.06171844300115481,49208,49238
3,257,1,961,64,1.0797934532165527,39,0.609375,0.015188810000836384,0.064207498999167,49208,49238
3,258,1,962,64,0.9295299053192139,43,0.671875,0.01541123200149741,0.06711127899689018,49208,49238
3,259,1,963,64,0.7930802702903748,46,0.71875,0.014340024998091394,0.05644990099972347,49208,49238
3,260,1,964,64,0.8763030767440796,43,0.671875,0.013698765000299318,0.06160706299851881,49208,49238
3,261,1,965,64,0.7997716665267944,46,0.71875,0.016760459999204613,0.06965869899795507,49208,49238
3,262,1,966,64,0.9065924882888794,46,0.71875,0.014615168998716399,0.057422728998062667,49208,49238
3,263,1,967,64,0.8168139457702637,44,0.6875,0.013896145999751752,0.056745342997601256,49208,49238
3,264,1,968,64,0.8526096343994141,45,0.703125,0.016047381002863403,0.060655495999526465,49208,49238
3,265,1,969,64,0.7504531741142273,47,0.734375,0.014447773995925672,0.057411145997321,49208,49238
3,266,1,970,64,0.8684546947479248,46,0.71875,0.013627874002850149,0.05759716799730086,49208,49238
3,267,1,971,64,0.8771920204162598,47,0.734375,0.01495016699846019,0.06298994300232152,49208,49238
3,268,1,972,64,0.9857421517372131,44,0.6875,0.015782621998368995,0.07282004700027755,49208,49238
3,269,1,973,64,1.0059282779693604,39,0.609375,0.013796341998386197,0.06746440599818015,49208,49238
3,270,1,974,64,0.9442278146743774,38,0.59375,0.016518877000635257,0.06005839899808052,49208,49238
3,271,1,975,64,0.8982804417610168,42,0.65625,0.01658759899873985,0.06281080099870451,49208,49238
3,272,1,976,64,1.041473627090454,43,0.671875,0.016620166999928188,0.0624872949993005,49208,49238
3,273,1,977,64,0.9793994426727295,41,0.640625,0.014122794003924355,0.058677215998613974,49208,49238
3,274,1,978,64,1.1948809623718262,32,0.5,0.014096530998358503,0.06442694700308493,49208,49238
3,275,1,979,64,0.9238061904907227,42,0.65625,0.015975378002622165,0.06516466999892145,49208,49238
3,276,1,980,64,0.9668179750442505,46,0.71875,0.015238817995850695,0.06313451399910264,49208,49238
3,277,1,981,64,1.1721608638763428,35,0.546875,0.014806792998570018,0.0603990489980788,49208,49238
3,278,1,982,64,1.0509026050567627,41,0.640625,0.016405377002229216,0.06165038099788944,49208,49238
3,279,1,983,64,0.9879747629165649,39,0.609375,0.014229500004148576,0.061982846000319114,49208,49238
3,280,1,984,64,1.1922643184661865,34,0.53125,0.013968028004455846,0.05811586300114868,49208,49238
3,281,1,985,64,0.9003868699073792,47,0.734375,0.013430310998955974,0.05742678699971293,49208,49238
3,282,1,986,64,0.7677032947540283,46,0.71875,0.014252436005335767,0.05915345100220293,49208,49238
3,283,1,987,64,1.037567377090454,37,0.578125,0.013977870996313868,0.05939130000115256,49208,49238
3,284,1,988,64,0.9608962535858154,43,0.671875,0.013981552001496311,0.06840724300127476,49208,49238
3,285,1,989,64,0.9660135507583618,40,0.625,0.013659943997481605,0.05674341899793944,49208,49238
3,286,1,990,64,1.075915813446045,37,0.578125,0.013518036001187284,0.056805184998665936,49208,49238
3,287,1,991,64,1.1876152753829956,34,0.53125,0.015580319999571657,0.06671576300141169,49208,49238
3,288,1,992,64,0.6546862125396729,48,0.75,0.014133240001683589,0.05759294599920395,49208,49238
3,289,1,993,64,0.945752739906311,43,0.671875,0.014456839999184012,0.05895054600114236,49208,49238
3,290,1,994,64,1.095541000366211,40,0.625,0.01576060899969889,0.06406221499855747,49208,49238
3,291,1,995,64,0.9433898329734802,41,0.640625,0.013942353998572798,0.06094848800057662,49208,49238
3,292,1,996,64,0.8388109803199768,44,0.6875,0.018293931003427133,0.10050352100006421,49208,49238
3,293,1,997,64,1.0009863376617432,44,0.6875,0.01513012599752983,0.06285977600055048,49208,49238
3,294,1,998,64,1.1847996711730957,41,0.640625,0.016788534001534572,0.0648692810027569,49208,49238
3,295,1,999,64,0.8980570435523987,44,0.6875,0.01683426599993254,0.062117526002111845,49208,49238
3,296,1,1000,64,1.1922316551208496,39,0.609375,0.016360892997909104,0.07890247600153089,49208,49238
3,297,1,1001,64,1.1298940181732178,38,0.59375,0.016284000001178356,0.0665641269988555,49208,49238
3,298,1,1002,64,1.0521981716156006,40,0.625,0.016084037997643463,0.06372342100075912,49208,49238
3,299,1,1003,64,1.067655086517334,39,0.609375,0.01795104000120773,0.06418141100220964,49208,49238
3,300,1,1004,64,0.9449289441108704,42,0.65625,0.015317062996473396,0.06307731999913813,49208,49238
3,301,1,1005,64,0.9667372703552246,40,0.625,0.014908260000083828,0.06539835200237576,49208,49238
3,302,1,1006,64,0.8921764492988586,44,0.6875,0.015000725001300452,0.059617224000248825,49208,49238
3,303,1,1007,64,1.0683162212371826,39,0.609375,0.017457230998843443,0.06841020400315756,49208,49238
3,304,1,1008,64,1.0747575759887695,41,0.640625,0.0162827419990208,0.06272534800154972,49208,49238
3,305,1,1009,64,1.0116188526153564,42,0.65625,0.019079052999586565,0.07414047299971571,49208,49238
3,306,1,1010,64,0.8975610136985779,44,0.6875,0.01768536100280471,0.07378326999969431,49208,49238
3,307,1,1011,64,0.9182937145233154,44,0.6875,0.018764994998491602,0.07583625500046765,49208,49238
3,308,1,1012,64,0.8997921943664551,50,0.78125,0.017674817998340586,0.08248239299791749,49208,49238
3,309,1,1013,64,0.9854239821434021,42,0.65625,0.017515133000415517,0.06780560900006094,49208,49238
3,310,1,1014,64,0.8448742032051086,46,0.71875,0.014571243002137635,0.0642369389970554,49208,49238
3,311,1,1015,64,1.0114144086837769,41,0.640625,0.01616722000107984,0.058509883001534035,49208,49238
3,312,1,1016,64,0.6499778032302856,52,0.8125,0.01746832299977541,0.07260461000259966,49208,49238
3,313,1,1017,64,1.0529413223266602,40,0.625,0.016179215999727603,0.06349419599791872,49208,49238
3,314,1,1018,64,0.9580098986625671,40,0.625,0.016584400000283495,0.06564753299971926,49208,49238
3,315,1,1019,64,1.0211124420166016,41,0.640625,0.015970255000866018,0.0666895949980244,49208,49238
3,316,1,1020,64,0.6957037448883057,48,0.75,0.019013601002370706,0.07752831299876561,49208,49238
3,317,1,1021,64,1.3556437492370605,31,0.484375,0.015483682000194676,0.06734192400108441,49208,49238
3,318,1,1022,64,1.0786627531051636,39,0.609375,0.019239127996115712,0.07030007900175406,49208,49238
3,319,1,1023,64,0.945053219795227,44,0.6875,0.016214292001677677,0.0714576889986347,49208,49238
3,320,1,1024,64,1.10764479637146,39,0.609375,0.01696930799880647,0.06521343300119042,49208,49238
3,321,1,1025,64,1.073409914970398,40,0.625,0.015187367996986723,0.05986863999714842,49208,49238
3,322,1,1026,64,1.1595573425292969,43,0.671875,0.016224625000177184,0.06544840499918791,49208,49238
3,323,1,1027,64,0.839111864566803,44,0.6875,0.014580938004655764,0.06264410400035558,49208,49238
3,324,1,1028,64,0.8258985280990601,50,0.78125,0.014206383995770011,0.06840461799947661,49208,49238
3,325,1,1029,64,0.8678539991378784,42,0.65625,0.015255880996846827,0.06986601699827588,49208,49238
3,326,1,1030,64,0.9277271032333374,43,0.671875,0.015800238998053828,0.07152257200141321,49208,49238
3,327,1,1031,64,1.1201798915863037,38,0.59375,0.016454982000141172,0.0759527900008834,49208,49238
3,328,1,1032,64,1.1368507146835327,39,0.609375,0.024621967997518368,0.09769310399860842,49208,49238
3,329,1,1033,64,0.8975254893302917,43,0.671875,0.019339102997037116,0.06924425100078224,49208,49238
3,330,1,1034,64,1.3090698719024658,37,0.578125,0.01674572900083149,0.07268567999926745,49208,49238
3,331,1,1035,64,1.012152910232544,39,0.609375,0.014832071999990148,0.06792155999937677,49208,49238
3,332,1,1036,64,1.1080005168914795,35,0.546875,0.014706447997014038,0.06297778600128368,49208,49238
3,333,1,1037,64,1.0144405364990234,42,0.65625,0.014923732000170276,0.0630402939968917,49208,49238
3,334,1,1038,64,1.0577592849731445,39,0.609375,0.014017318004334811,0.06585525099944789,49208,49238
3,335,1,1039,64,0.8726422786712646,46,0.71875,0.015495831998123322,0.07732616900102585,49208,49238
3,336,1,1040,64,0.75913405418396,46,0.71875,0.015645730003598146,0.06181479900260456,49208,49238
3,337,1,1041,64,0.8615372180938721,44,0.6875,0.01681089100020472,0.06499054600135423,49208,49238
3,338,1,1042,64,1.021984338760376,43,0.671875,0.015162341001996538,0.06037302599725081,49208,49238
3,339,1,1043,64,0.9159926772117615,42,0.65625,0.014684232999570668,0.06052418800027226,49208,49238
3,340,1,1044,64,1.0830992460250854,42,0.65625,0.014868518999719527,0.056203009000455495,49208,49238
3,341,1,1045,64,0.9043040871620178,43,0.671875,0.016343573002814082,0.06860308400064241,49208,49238
3,342,1,1046,64,1.035692811012268,40,0.625,0.01770978900094633,0.076580290999118,49208,49238
3,343,1,1047,64,0.9939202666282654,39,0.609375,0.015613464001944521,0.0645612020016415,49208,49238
3,344,1,1048,64,1.1511449813842773,37,0.578125,0.015626088999852072,0.0722418369987281,49208,49238
3,345,1,1049,64,0.8330624103546143,46,0.71875,0.015237277999403886,0.06792835799933528,49208,49238
3,346,1,1050,64,0.8462067246437073,45,0.703125,0.014731692001078045,0.06598131400096463,49208,49238
3,347,1,1051,64,0.9556046724319458,40,0.625,0.018951936002849834,0.06665649400019902,49208,49238
3,348,1,1052,64,0.9727178812026978,43,0.671875,0.015211228997941362,0.06833243499931996,49208,49238
3,349,1,1053,64,0.9653483033180237,43,0.671875,0.018606790996273048,0.06998259999818401,49208,49238
3,350,1,1054,64,0.9671623110771179,40,0.625,0.0154236039998068,0.06449854299717117,49208,49238
3,351,1,1055,36,0.865599513053894,26,0.7222222222222222,0.015702592001616722,0.07199945399770513,27703,27733
4,0,1,1056,64,0.932197093963623,39,0.609375,0.016372550002415664,0.06595442799880402,49208,49238
4,1,1,1057,64,0.6707741022109985,50,0.78125,0.014199486999132205,0.05766072899859864,49208,49238
4,2,1,1058,64,0.7758898735046387,46,0.71875,0.016318146997946315,0.07025658900238341,49208,49238
4,3,1,1059,64,0.9414952993392944,44,0.6875,0.01844297899879166,0.06570823900256073,49208,49238
4,4,1,1060,64,0.6342225074768066,48,0.75,0.013926963998528663,0.0610734149995551,49208,49238
4,5,1,1061,64,0.9430939555168152,41,0.640625,0.017016474001138704,0.06499269499909133,49208,49238
4,6,1,1062,64,0.6526739001274109,49,0.765625,0.01419664599961834,0.05710846500005573,49208,49238
4,7,1,1063,64,0.7340553402900696,47,0.734375,0.014550310999766225,0.057664627998747164,49208,49238
4,8,1,1064,64,0.8712525367736816,44,0.6875,0.01574334299948532,0.05913137599782203,49208,49238
4,9,1,1065,64,0.9149007201194763,44,0.6875,0.015516430998104624,0.06321336499968311,49208,49238
4,10,1,1066,64,0.9456920623779297,42,0.65625,0.016892835999897216,0.0629008010000689,49208,49238
4,11,1,1067,64,1.1016318798065186,42,0.65625,0.014522075998684159,0.06846450600278331,49208,49238
4,12,1,1068,64,0.8267052173614502,41,0.640625,0.014760165999177843,0.06567656500192243,49208,49238
4,13,1,1069,64,0.9222968220710754,44,0.6875,0.014744899002835155,0.058265105999453226,49208,49238
4,14,1,1070,64,0.8736780881881714,48,0.75,0.018037160003586905,0.06356024100023205,49208,49238
4,15,1,1071,64,0.709839403629303,50,0.78125,0.017821091998484917,0.0702352950029308,49208,49238
4,16,1,1072,64,0.6999755501747131,46,0.71875,0.015195942996797385,0.07393746099842247,49208,49238
4,17,1,1073,64,0.9725931882858276,43,0.671875,0.018220536003354937,0.06875147300161188,49208,49238
4,18,1,1074,64,0.7577885389328003,43,0.671875,0.01766518300428288,0.07786553099867888,49208,49238
4,19,1,1075,64,0.8151469826698303,49,0.765625,0.015630919999239268,0.07103041899972595,49208,49238
4,20,1,1076,64,0.8377730250358582,46,0.71875,0.017810531000577612,0.07193045600070036,49208,49238
4,21,1,1077,64,0.9162606000900269,43,0.671875,0.014865632998407818,0.06067080800130498,49208,49238
4,22,1,1078,64,0.8219432830810547,46,0.71875,0.015415659003338078,0.06457882700124173,49208,49238
4,23,1,1079,64,0.8238508701324463,42,0.65625,0.014581879000616027,0.06586471099944902,49208,49238
4,24,1,1080,64,0.8794240951538086,43,0.671875,0.01392955299525056,0.06574990700028138,49208,49238
4,25,1,1081,64,0.6653990745544434,50,0.78125,0.013661570999829564,0.059358104001148604,49208,49238
4,26,1,1082,64,0.9386982321739197,44,0.6875,0.015331696002249373,0.06530355100039742,49208,49238
4,27,1,1083,64,0.997053861618042,44,0.6875,0.015027449997432996,0.0647807669993199,49208,49238
4,28,1,1084,64,0.8160558938980103,45,0.703125,0.015530210999713745,0.059431415000290144,49208,49238
4,29,1,1085,64,0.7215197086334229,45,0.703125,0.015327162000176031,0.05836973900295561,49208,49238
4,30,1,1086,64,0.7106398344039917,45,0.703125,0.014220337001461303,0.056857135001337156,49208,49238
4,31,1,1087,64,0.7122165560722351,46,0.71875,0.015240164004353574,0.06160086000090814,49208,49238
4,32,1,1088,64,0.7438344955444336,45,0.703125,0.015291014999093022,0.05950514000141993,49208,49238
4,33,1,1089,64,0.5697274804115295,51,0.796875,0.015256869999575429,0.062060614000074565,49208,49238
4,34,1,1090,64,0.7083647847175598,51,0.796875,0.014340489000460366,0.05742336899857037,49208,49238
4,35,1,1091,64,0.8725296854972839,42,0.65625,0.014967415001592599,0.05987577799896826,49208,49238
4,36,1,1092,64,0.9863942265510559,37,0.578125,0.014042169001186267,0.061362698001175886,49208,49238
4,37,1,1093,64,0.7506672143936157,49,0.765625,0.0170709399972111,0.06258033599806367,49208,49238
4,38,1,1094,64,0.6399463415145874,51,0.796875,0.014104806003160775,0.05995214200083865,49208,49238
4,39,1,1095,64,0.903460681438446,45,0.703125,0.014304906999313971,0.05681284100137418,49208,49238
4,40,1,1096,64,0.7689828872680664,46,0.71875,0.014114870002231328,0.060446979998232564,49208,49238
4,41,1,1097,64,0.8576308488845825,42,0.65625,0.016507577998709166,0.06894823800030281,49208,49238
4,42,1,1098,64,0.8571696281433105,46,0.71875,0.014392925000720425,0.05803099100012332,49208,49238
4,43,1,1099,64,1.2079062461853027,36,0.5625,0.0142279259962379,0.062093635999190155,49208,49238
4,44,1,1100,64,1.0194270610809326,39,0.609375,0.015164929001912242,0.06447892100186436,49208,49238
4,45,1,1101,64,1.184035062789917,34,0.53125,0.014616873995692004,0.06755477400292875,49208,49238
4,46,1,1102,64,0.9695073962211609,40,0.625,0.014287298999988707,0.05838981099805096,49208,49238
4,47,1,1103,64,0.9577308893203735,38,0.59375,0.015237884002999635,0.0647736540013284,49208,49238
4,48,1,1104,64,0.9883109927177429,39,0.609375,0.015321269998821663,0.05985209199934616,49208,49238
4,49,1,1105,64,0.7502322196960449,48,0.75,0.015200514997559367,0.05996484699790017,49208,49238
4,50,1,1106,64,0.7809189558029175,48,0.75,0.014114471003267681,0.06066593599825865,49208,49238
4,51,1,1107,64,0.7336591482162476,48,0.75,0.016787566000857623,0.060837340002763085,49208,49238
4,52,1,1108,64,1.006913185119629,41,0.640625,0.015836512997339014,0.06659720700190519,49208,49238
4,53,1,1109,64,0.822769045829773,44,0.6875,0.01456827699803398,0.0646187580023252,49208,49238
4,54,1,1110,64,0.8970183730125427,42,0.65625,0.014321711998491082,0.057174730998667656,49208,49238
4,55,1,1111,64,0.9321070313453674,42,0.65625,0.01682812100261799,0.06808669000020018,49208,49238
4,56,1,1112,64,0.8690857887268066,50,0.78125,0.016524948998267064,0.05932986999687273,49208,49238
4,57,1,1113,64,0.7800494432449341,50,0.78125,0.015303938002034556,0.06327812100062147,49208,49238
4,58,1,1114,64,0.7501604557037354,49,0.765625,0.014519957003358286,0.05695831799675943,49208,49238
4,59,1,1115,64,1.0797823667526245,40,0.625,0.016029432001232635,0.05986895200112485,49208,49238
4,60,1,1116,64,0.8558557033538818,43,0.671875,0.014955997001379728,0.06941449799705879,49208,49238
4,61,1,1117,64,0.9777048826217651,44,0.6875,0.014616616001148941,0.05939577600292978,49208,49238
4,62,1,1118,64,0.6765804290771484,51,0.796875,0.01581088499733596,0.06182897500184481,49208,49238
4,63,1,1119,64,0.9619348645210266,42,0.65625,0.015301986000849865,0.05869986700054142,49208,49238
4,64,1,1120,64,0.8911341428756714,47,0.734375,0.01548508199994103,0.0668077459995402,49208,49238
4,65,1,1121,64,0.7248266339302063,46,0.71875,0.016352784001355758,0.05946390099779819,49208,49238
4,66,1,1122,64,0.7313708066940308,53,0.828125,0.014895227999659255,0.05920631099797902,49208,49238
4,67,1,1123,64,0.7223966121673584,44,0.6875,0.014129507999314228,0.058202635002089664,49208,49238
4,68,1,1124,64,0.7537801265716553,50,0.78125,0.01539624499855563,0.059836809003172675,49208,49238
4,69,1,1125,64,0.8036359548568726,42,0.65625,0.015743424999527633,0.06941596899923752,49208,49238
4,70,1,1126,64,0.9810697436332703,39,0.609375,0.015024291002191603,0.06187291800233652,49208,49238
4,71,1,1127,64,0.8289343118667603,44,0.6875,0.016532397999981185,0.0659178649984824,49208,49238
4,72,1,1128,64,0.8515801429748535,46,0.71875,0.01404624999850057,0.05817856000066968,49208,49238
4,73,1,1129,64,0.8351198434829712,47,0.734375,0.013822031000017887,0.05594369200116489,49208,49238
4,74,1,1130,64,0.7631697654724121,50,0.78125,0.014073152000491973,0.056691526999202324,49208,49238
4,75,1,1131,64,0.8470956087112427,47,0.734375,0.014744391999556683,0.05924490700272145,49208,49238
4,76,1,1132,64,0.835246205329895,49,0.765625,0.01774755800215644,0.07059202600066783,49208,49238
4,77,1,1133,64,0.9215964078903198,46,0.71875,0.015930899997329107,0.06087877599929925,49208,49238
4,78,1,1134,64,0.824256181716919,43,0.671875,0.016146751997439424,0.058457464998355135,49208,49238
4,79,1,1135,64,0.6895883679389954,53,0.828125,0.015708343998994678,0.06920465399889508,49208,49238
4,80,1,1136,64,0.8442211151123047,46,0.71875,0.014895224001520546,0.07029406299989205,49208,49238
4,81,1,1137,64,0.8945140838623047,44,0.6875,0.015602098996168934,0.06021073699957924,49208,49238
4,82,1,1138,64,0.8264482021331787,47,0.734375,0.01389701800144394,0.05665649900038261,49208,49238
4,83,1,1139,64,0.8870369791984558,44,0.6875,0.015892786999756936,0.06221919400195475,49208,49238
4,84,1,1140,64,0.7234911918640137,47,0.734375,0.014916091000486631,0.059454951999214245,49208,49238
4,85,1,1141,64,1.0848548412322998,37,0.578125,0.015116723003302468,0.06057618599879788,49208,49238
4,86,1,1142,64,0.670162558555603,49,0.765625,0.017534929000248667,0.06948381800248171,49208,49238
4,87,1,1143,64,0.8655205965042114,44,0.6875,0.01616559199828771,0.06136689299819409,49208,49238
4,88,1,1144,64,0.7694916129112244,45,0.703125,0.015784511997480877,0.06436071600182913,49208,49238
4,89,1,1145,64,0.8707683086395264,43,0.671875,0.015406758000608534,0.05876767199879396,49208,49238
4,90,1,1146,64,0.8806135654449463,46,0.71875,0.01477149200218264,0.060767335002310574,49208,49238
4,91,1,1147,64,0.8869113922119141,44,0.6875,0.01686094199976651,0.059453272999235196,49208,49238
4,92,1,1148,64,0.8848584890365601,43,0.671875,0.013365818002057495,0.05721433900180273,49208,49238
4,93,1,1149,64,0.8748318552970886,43,0.671875,0.015611609996994957,0.0684489939994819,49208,49238
4,94,1,1150,64,0.76877760887146,49,0.765625,0.015467332999833161,0.06858424100209959,49208,49238
4,95,1,1151,64,0.8300758004188538,43,0.671875,0.014573275999282487,0.06178942100086715,49208,49238
4,96,1,1152,64,0.7514147758483887,44,0.6875,0.014879931000905344,0.05670500300038839,49208,49238
4,97,1,1153,64,0.8539772033691406,48,0.75,0.014434969998546876,0.061789246999978786,49208,49238
4,98,1,1154,64,0.8356698751449585,43,0.671875,0.017297579001024133,0.06151949900231557,49208,49238
4,99,1,1155,64,1.029897928237915,36,0.5625,0.015235843999107601,0.0612538979985402,49208,49238
4,100,1,1156,64,0.9145379066467285,43,0.671875,0.01760899099826929,0.06687401499948464,49208,49238
4,101,1,1157,64,0.8608178496360779,46,0.71875,0.015773102997627575,0.06664138300038758,49208,49238
4,102,1,1158,64,0.8151564598083496,47,0.734375,0.01740002200313029,0.06862950299910153,49208,49238
4,103,1,1159,64,0.8353563547134399,47,0.734375,0.016031048002332682,0.06719064699791488,49208,49238
4,104,1,1160,64,1.051156997680664,39,0.609375,0.014353250997373834,0.056641954000951955,49208,49238
4,105,1,1161,64,0.7886971831321716,42,0.65625,0.014461861002928345,0.06320120899908943,49208,49238
4,106,1,1162,64,0.7333407998085022,43,0.671875,0.013755818999925395,0.0634928720028256,49208,49238
4,107,1,1163,64,0.9350763559341431,42,0.65625,0.014298073001555167,0.059793522999825655,49208,49238
4,108,1,1164,64,0.8735417127609253,45,0.703125,0.016567614002269693,0.06457610399957048,49208,49238
4,109,1,1165,64,0.8483873605728149,43,0.671875,0.015573536995361792,0.06209490900073433,49208,49238
4,110,1,1166,64,0.7625315189361572,46,0.71875,0.014110621003055712,0.05922609999834094,49208,49238
4,111,1,1167,64,0.9031509160995483,45,0.703125,0.014968360002967529,0.06202534999829368,49208,49238
4,112,1,1168,64,1.023376703262329,41,0.640625,0.01638484800059814,0.06424343999970006,49208,49238
4,113,1,1169,64,0.6985573172569275,48,0.75,0.014700542997161392,0.06444072700105608,49208,49238
4,114,1,1170,64,0.969363272190094,46,0.71875,0.017082189999200637,0.07842235499992967,49208,49238
4,115,1,1171,64,0.7976564168930054,50,0.78125,0.013744482999754837,0.06430479000118794,49208,49238
4,116,1,1172,64,0.8795182704925537,46,0.71875,0.014071143999899505,0.05965692700192449,49208,49238
4,117,1,1173,64,0.7441767454147339,42,0.65625,0.01694129499810515,0.06323081099981209,49208,49238
4,118,1,1174,64,0.8656550049781799,48,0.75,0.01703466000253684,0.06883218299844884,49208,49238
4,119,1,1175,64,0.6486587524414062,48,0.75,0.015140972001972841,0.05729893000170705,49208,49238
4,120,1,1176,64,0.8740756511688232,43,0.671875,0.01926453900159686,0.06259869800123852,49208,49238
4,121,1,1177,64,0.6338416337966919,50,0.78125,0.013840301002346678,0.05710752600134583,49208,49238
4,122,1,1178,64,0.6635169386863708,50,0.78125,0.014448589001403889,0.059323282999685034,49208,49238
4,123,1,1179,64,1.0450806617736816,38,0.59375,0.014299152000603499,0.060862936999910744,49208,49238
4,124,1,1180,64,0.5908101797103882,51,0.796875,0.013765404997684527,0.055845283997769,49208,49238
4,125,1,1181,64,0.7693690657615662,45,0.703125,0.014344309998705285,0.060413592000259086,49208,49238
4,126,1,1182,64,0.7149127721786499,49,0.765625,0.013598010002169758,0.05517227500240551,49208,49238
4,127,1,1183,64,0.7462655305862427,47,0.734375,0.016333019000740023,0.060394267999072326,49208,49238
4,128,1,1184,64,0.7482304573059082,48,0.75,0.014836480000667507,0.05944320599883213,49208,49238
4,129,1,1185,64,1.0001386404037476,42,0.65625,0.01579345999925863,0.066908216002048,49208,49238
4,130,1,1186,64,0.9744948148727417,42,0.65625,0.014400316002138425,0.058134134000283666,49208,49238
4,131,1,1187,64,0.8244675397872925,44,0.6875,0.014957786002923967,0.06622495999909006,49208,49238
4,132,1,1188,64,0.7593792080879211,47,0.734375,0.015335511994635453,0.05768743800217635,49208,49238
4,133,1,1189,64,0.6768998503684998,50,0.78125,0.014719314000103623,0.06319698399966,49208,49238
4,134,1,1190,64,0.9285499453544617,44,0.6875,0.016654573002597317,0.060119579000456724,49208,49238
4,135,1,1191,64,0.7801399827003479,48,0.75,0.015688640996813774,0.05921387000125833,49208,49238
4,136,1,1192,64,1.0756876468658447,41,0.640625,0.0157024049985921,0.06363280699952156,49208,49238
4,137,1,1193,64,0.7110428214073181,46,0.71875,0.015917767999781063,0.06110019799962174,49208,49238
4,138,1,1194,64,0.8591419458389282,43,0.671875,0.014837492995866342,0.058327825001470046,49208,49238
4,139,1,1195,64,0.7917385697364807,45,0.703125,0.015952862999256467,0.060368163998646196,49208,49238
4,140,1,1196,64,1.0464913845062256,43,0.671875,0.013971027998195495,0.056742785000096774,49208,49238
4,141,1,1197,64,0.8938495516777039,44,0.6875,0.014831961998424958,0.06378427399977227,49208,49238
4,142,1,1198,64,0.7716999053955078,44,0.6875,0.0168722410016926,0.06186974600132089,49208,49238
4,143,1,1199,64,0.8813608884811401,44,0.6875,0.015492549999180483,0.0596714620005514,49208,49238
4,144,1,1200,64,0.7396841049194336,45,0.703125,0.014383654000994284,0.05844161400091252,49208,49238
4,145,1,1201,64,0.9267364740371704,40,0.625,0.0143480350052414,0.058121056001255056,49208,49238
4,146,1,1202,64,0.8497270345687866,46,0.71875,0.013564643002609955,0.062269925998407416,49208,49238
4,147,1,1203,64,0.6985363960266113,48,0.75,0.013583831001596991,0.05610508099925937,49208,49238
4,148,1,1204,64,0.8342969417572021,46,0.71875,0.014060542995139258,0.05647888800012879,49208,49238
4,149,1,1205,64,0.8950027823448181,42,0.65625,0.015559646999463439,0.06113285099854693,49208,49238
4,150,1,1206,64,0.8548845052719116,47,0.734375,0.013856892997864634,0.059289807999448385,49208,49238
4,151,1,1207,64,0.7783708572387695,48,0.75,0.013666460999957053,0.05621181300011813,49208,49238
4,152,1,1208,64,0.8408994674682617,49,0.765625,0.014932917001715396,0.059607017999951495,49208,49238
4,153,1,1209,64,0.9963901042938232,41,0.640625,0.014574327997252112,0.06009279600039008,49208,49238
4,154,1,1210,64,0.9345030784606934,40,0.625,0.014948855998227373,0.05806442299945047,49208,49238
4,155,1,1211,64,0.8505511283874512,48,0.75,0.013787199000944383,0.05704067099941312,49208,49238
4,156,1,1212,64,0.7648402452468872,50,0.78125,0.014552783999533858,0.05937751999954344,49208,49238
4,157,1,1213,64,0.9263010621070862,45,0.703125,0.01682455099580693,0.060585907001950545,49208,49238
4,158,1,1214,64,0.7290011644363403,53,0.828125,0.014181029000610579,0.07104780599911464,49208,49238
4,159,1,1215,64,0.8819451332092285,44,0.6875,0.013514788999600569,0.05979893100084155,49208,49238
4,160,1,1216,64,1.0569852590560913,39,0.609375,0.013928456999565242,0.05801353100105189,49208,49238
4,161,1,1217,64,0.6560200452804565,49,0.765625,0.016650736000883626,0.06377287700161105,49208,49238
4,162,1,1218,64,0.8218463659286499,44,0.6875,0.01766132599732373,0.06288195500019356,49208,49238
4,163,1,1219,64,0.8525026440620422,44,0.6875,0.014417569003853714,0.05813541899988195,49208,49238
4,164,1,1220,64,0.6126880645751953,50,0.78125,0.01383769599851803,0.05716632099938579,49208,49238
4,165,1,1221,64,0.6759082078933716,48,0.75,0.01842216700242716,0.07131719300014083,49208,49238
4,166,1,1222,64,0.9787584543228149,45,0.703125,0.01506366599642206,0.058144701000856,49208,49238
4,167,1,1223,64,0.9357683658599854,38,0.59375,0.015691557997342898,0.057695641997270286,49208,49238
4,168,1,1224,64,0.7471797466278076,46,0.71875,0.01441096800044761,0.057018323001102544,49208,49238
4,169,1,1225,64,0.8342896103858948,45,0.703125,0.015396648002933944,0.06197505399904912,49208,49238
4,170,1,1226,64,0.7151994705200195,50,0.78125,0.015472794002562296,0.05921773099908023,49208,49238
4,171,1,1227,64,0.7485425472259521,43,0.671875,0.014893406998453429,0.07308465099777095,49208,49238
4,172,1,1228,64,0.7156752347946167,47,0.734375,0.01367985300385044,0.05596911199972965,49208,49238
4,173,1,1229,64,0.7512972950935364,47,0.734375,0.014838768998743035,0.05966254799932358,49208,49238
4,174,1,1230,64,0.8752516508102417,45,0.703125,0.014250186999561265,0.060174810998432804,49208,49238
4,175,1,1231,64,0.682591438293457,49,0.765625,0.01409962199977599,0.057652734001749195,49208,49238
4,176,1,1232,64,0.6613759994506836,49,0.765625,0.013587471999926493,0.055974473001697334,49208,49238
4,177,1,1233,64,0.951618492603302,44,0.6875,0.014429736002057325,0.06507707699711318,49208,49238
4,178,1,1234,64,0.8990248441696167,42,0.65625,0.014236158000130672,0.05976411700248718,49208,49238
4,179,1,1235,64,1.005066156387329,44,0.6875,0.015248777002852876,0.05827634399975068,49208,49238
4,180,1,1236,64,0.8952267169952393,41,0.640625,0.01409949699882418,0.056974578998051584,49208,49238
4,181,1,1237,64,0.6267977952957153,53,0.828125,0.01367579199722968,0.060437272000854136,49208,49238
4,182,1,1238,64,0.8341647386550903,42,0.65625,0.014633317998232087,0.05983107900101459,49208,49238
4,183,1,1239,64,0.8453446626663208,46,0.71875,0.0156577500019921,0.06275317299878225,49208,49238
4,184,1,1240,64,0.9209085702896118,39,0.609375,0.013844908004102763,0.05551533100151573,49208,49238
4,185,1,1241,64,0.7015095949172974,50,0.78125,0.01562874600131181,0.06515566300004139,49208,49238
4,186,1,1242,64,0.8392729759216309,45,0.703125,0.013924642000347376,0.06060259399964707,49208,49238
4,187,1,1243,64,0.9393264055252075,43,0.671875,0.0152188429965463,0.061410759000864346,49208,49238
4,188,1,1244,64,0.8974223732948303,45,0.703125,0.01514515099916025,0.061973198997293366,49208,49238
4,189,1,1245,64,0.6315007209777832,53,0.828125,0.013812119999784045,0.05822212000202853,49208,49238
4,190,1,1246,64,0.6718075275421143,49,0.765625,0.0152538119982637,0.05993958299950464,49208,49238
4,191,1,1247,64,0.9511323571205139,42,0.65625,0.015526307000982342,0.06446507800137624,49208,49238
4,192,1,1248,64,0.8387989401817322,47,0.734375,0.01663250199635513,0.06478580500333919,49208,49238
4,193,1,1249,64,0.6914467811584473,46,0.71875,0.01675390300079016,0.06675796399940737,49208,49238
4,194,1,1250,64,0.8294863700866699,44,0.6875,0.01548437100063893,0.05787925299955532,49208,49238
4,195,1,1251,64,0.9367772936820984,41,0.640625,0.014226586998120183,0.06055885199748445,49208,49238
4,196,1,1252,64,0.7641531229019165,46,0.71875,0.014732265000930056,0.057705219998752,49208,49238
4,197,1,1253,64,0.7170829772949219,50,0.78125,0.01445513100043172,0.05994264900073176,49208,49238
4,198,1,1254,64,1.1508846282958984,40,0.625,0.015271827000105986,0.05970426800195128,49208,49238
4,199,1,1255,64,1.1439452171325684,42,0.65625,0.013609521996841067,0.05945735900240834,49208,49238
4,200,1,1256,64,0.9472175240516663,40,0.625,0.01612587599811377,0.059396126998763066,49208,49238
4,201,1,1257,64,0.863427460193634,46,0.71875,0.016440548999526072,0.06414010600201436,49208,49238
4,202,1,1258,64,1.0881052017211914,41,0.640625,0.013980366002215305,0.05837842500113766,49208,49238
4,203,1,1259,64,0.6786684989929199,48,0.75,0.014359674005390843,0.060593226000491995,49208,49238
4,204,1,1260,64,1.0843994617462158,39,0.609375,0.014340476998768281,0.059797368998260936,49208,49238
4,205,1,1261,64,1.0997161865234375,41,0.640625,0.014002704003360122,0.056435556998621905,49208,49238
4,206,1,1262,64,1.0361709594726562,42,0.65625,0.013897020999138476,0.06484523200197145,49208,49238
4,207,1,1263,64,0.6462146043777466,53,0.828125,0.015195857999060536,0.0659088239990524,49208,49238
4,208,1,1264,64,0.7897142171859741,48,0.75,0.015958604999468662,0.05900984000254539,49208,49238
4,209,1,1265,64,0.803186297416687,48,0.75,0.01522037100221496,0.06292908400064334,49208,49238
4,210,1,1266,64,0.7038503885269165,46,0.71875,0.015946552997775143,0.06366205000085756,49208,49238
4,211,1,1267,64,1.1324331760406494,43,0.671875,0.01406646599934902,0.06245864100128529,49208,49238
4,212,1,1268,64,0.8880180716514587,41,0.640625,0.01413267199677648,0.05724327000280027,49208,49238
4,213,1,1269,64,0.8635463714599609,45,0.703125,0.014179095996951219,0.05773454999871319,49208,49238
4,214,1,1270,64,0.6928160190582275,51,0.796875,0.013864046999515267,0.05833509800140746,49208,49238
4,215,1,1271,64,0.6849545240402222,48,0.75,0.014648886000941275,0.06285506100175553,49208,49238
4,216,1,1272,64,0.8670879602432251,46,0.71875,0.016528538999409648,0.060201005999260815,49208,49238
4,217,1,1273,64,0.6846758127212524,49,0.765625,0.013624393999634776,0.06016400400039856,49208,49238
4,218,1,1274,64,0.7028730511665344,44,0.6875,0.013685047000763007,0.060521965999214444,49208,49238
4,219,1,1275,64,0.96322101354599,44,0.6875,0.016190340003959136,0.06481377100135433,49208,49238
4,220,1,1276,64,0.8400774002075195,45,0.703125,0.013461109003401361,0.06256936499994481,49208,49238
4,221,1,1277,64,0.7266831398010254,43,0.671875,0.014154963002511067,0.0599989110014576,49208,49238
4,222,1,1278,64,0.7641035914421082,48,0.75,0.013473047998559196,0.055619130998820765,49208,49238
4,223,1,1279,64,0.8615601062774658,43,0.671875,0.014442298001085874,0.06074427899875445,49208,49238
4,224,1,1280,64,1.3319414854049683,35,0.546875,0.014422565000131726,0.05728698800157872,49208,49238
4,225,1,1281,64,0.8793219327926636,42,0.65625,0.0167301330002374,0.06161505799900624,49208,49238
4,226,1,1282,64,0.6441609859466553,48,0.75,0.015384766000352101,0.06239540699971258,49208,49238
4,227,1,1283,64,0.84827721118927,48,0.75,0.013770060002570972,0.0580947529997502,49208,49238
4,228,1,1284,64,0.949694812297821,40,0.625,0.014263846998801455,0.058438799998839386,49208,49238
4,229,1,1285,64,1.0296385288238525,47,0.734375,0.014338087999931304,0.0569466770029976,49208,49238
4,230,1,1286,64,0.5921545624732971,52,0.8125,0.013987553000333719,0.056524308001826284,49208,49238
4,231,1,1287,64,0.7980700731277466,44,0.6875,0.014140884999505943,0.057179674000508385,49208,49238
4,232,1,1288,64,1.0034490823745728,44,0.6875,0.013999787999637192,0.056806691998644965,49208,49238
4,233,1,1289,64,1.1217360496520996,39,0.609375,0.0139688919953187,0.057534127998223994,49208,49238
4,234,1,1290,64,0.9915108680725098,39,0.609375,0.0143310819985345,0.05991927800278063,49208,49238
4,235,1,1291,64,0.9328851699829102,40,0.625,0.014711760999489343,0.058511830000497866,49208,49238
4,236,1,1292,64,1.0008625984191895,37,0.578125,0.014218272001016885,0.05958646900035092,49208,49238
4,237,1,1293,64,0.7085323333740234,47,0.734375,0.013867075002053753,0.05782866699883016,49208,49238
4,238,1,1294,64,1.085321307182312,36,0.5625,0.013656513001478743,0.05558418000146048,49208,49238
4,239,1,1295,64,0.8722110986709595,42,0.65625,0.013548407001508167,0.05529754400049569,49208,49238
4,240,1,1296,64,0.7722042202949524,46,0.71875,0.01458598799945321,0.06840367400218383,49208,49238
4,241,1,1297,64,1.2264976501464844,35,0.546875,0.013631487996462965,0.056981855999765685,49208,49238
4,242,1,1298,64,0.8251161575317383,41,0.640625,0.01343291000375757,0.05714349399931962,49208,49238
4,243,1,1299,64,0.8002306222915649,46,0.71875,0.017110030999901937,0.06557172699831426,49208,49238
4,244,1,1300,64,0.85243821144104,43,0.671875,0.01638953300061985,0.06653537799866172,49208,49238
4,245,1,1301,64,0.7201531529426575,47,0.734375,0.01597885899900575,0.06299842400039779,49208,49238
4,246,1,1302,64,0.6504496932029724,46,0.71875,0.014474558000074467,0.058899173000099836,49208,49238
4,247,1,1303,64,0.7815717458724976,49,0.765625,0.014299561000370886,0.05659821199878934,49208,49238
4,248,1,1304,64,0.7488376498222351,45,0.703125,0.014393950001249323,0.056643184998392826,49208,49238
4,249,1,1305,64,0.7320352792739868,46,0.71875,0.01560531299764989,0.060553657000127714,49208,49238
4,250,1,1306,64,0.8891631960868835,44,0.6875,0.014378570995177142,0.05923589899975923,49208,49238
4,251,1,1307,64,0.932686448097229,42,0.65625,0.014351527999679092,0.06556842499776394,49208,49238
4,252,1,1308,64,1.084560513496399,36,0.5625,0.014880656999594066,0.0645098009990761,49208,49238
4,253,1,1309,64,1.1887516975402832,40,0.625,0.013953145004052203,0.0569550629988953,49208,49238
4,254,1,1310,64,0.7924085855484009,42,0.65625,0.014285247998486739,0.062455333998514106,49208,49238
4,255,1,1311,64,0.8068418502807617,45,0.703125,0.013934676004282665,0.05967826100095408,49208,49238
4,256,1,1312,64,0.9639459848403931,42,0.65625,0.01421761600067839,0.06167064900000696,49208,49238
4,257,1,1313,64,0.9147124290466309,41,0.640625,0.013816294002026552,0.060278883000137284,49208,49238
4,258,1,1314,64,0.7334074974060059,47,0.734375,0.017056429998774547,0.062086388999887276,49208,49238
4,259,1,1315,64,0.7977956533432007,50,0.78125,0.014683927001897246,0.0615364840014081,49208,49238
4,260,1,1316,64,1.1225329637527466,37,0.578125,0.013443895997625077,0.06515032199968118,49208,49238
4,261,1,1317,64,0.7223464846611023,47,0.734375,0.016507540000020526,0.06298029800018412,49208,49238
4,262,1,1318,64,1.017899990081787,41,0.640625,0.014221535002434393,0.06505266000021948,49208,49238
4,263,1,1319,64,0.7534101605415344,48,0.75,0.014063741000427399,0.05994438400011859,49208,49238
4,264,1,1320,64,0.7525994777679443,48,0.75,0.013848714996129274,0.06464398499883828,49208,49238
4,265,1,1321,64,0.8269529342651367,48,0.75,0.013633963000756921,0.0634699680013,49208,49238
4,266,1,1322,64,1.0848811864852905,43,0.671875,0.014591414997994434,0.05928613699870766,49208,49238
4,267,1,1323,64,0.9043302536010742,44,0.6875,0.01345905600101105,0.05863563800085103,49208,49238
4,268,1,1324,64,0.8715715408325195,44,0.6875,0.016348142999049742,0.06310537999888766,49208,49238
4,269,1,1325,64,0.7447296380996704,42,0.65625,0.013411236999672838,0.05854897300014272,49208,49238
4,270,1,1326,64,1.0316745042800903,39,0.609375,0.01372430199990049,0.06103112799974042,49208,49238
4,271,1,1327,64,0.6792919635772705,50,0.78125,0.01472580200061202,0.059052208001958206,49208,49238
4,272,1,1328,64,0.69987952709198,48,0.75,0.016793549002613872,0.06588578100127052,49208,49238
4,273,1,1329,64,0.885962724685669,44,0.6875,0.013521351000235882,0.06143647499993676,49208,49238
4,274,1,1330,64,0.7658869028091431,41,0.640625,0.0151483530025871,0.06168512499789358,49208,49238
4,275,1,1331,64,0.7743079662322998,44,0.6875,0.015895461998297833,0.06491986399851157,49208,49238
4,276,1,1332,64,1.1859111785888672,35,0.546875,0.015099695996468654,0.05860539599962067,49208,49238
4,277,1,1333,64,0.9597404599189758,42,0.65625,0.013404822995653376,0.06047221900007571,49208,49238
4,278,1,1334,64,0.9218500256538391,39,0.609375,0.016029148999223253,0.06049936099952902,49208,49238
4,279,1,1335,64,0.8876588940620422,40,0.625,0.014571924999472685,0.07995894700070494,49208,49238
4,280,1,1336,64,0.9775672554969788,40,0.625,0.01656938299856847,0.061820012000680435,49208,49238
4,281,1,1337,64,0.8640114068984985,43,0.671875,0.01368905599883874,0.0579616380018706,49208,49238
4,282,1,1338,64,0.651532769203186,49,0.765625,0.01603880900074728,0.07018402500034426,49208,49238
4,283,1,1339,64,0.7524063587188721,47,0.734375,0.014239706000807928,0.06282229499993264,49208,49238
4,284,1,1340,64,0.7029584646224976,47,0.734375,0.014148992002446903,0.06325791400013259,49208,49238
4,285,1,1341,64,0.9028891324996948,44,0.6875,0.01425543300138088,0.0613640880001185,49208,49238
4,286,1,1342,64,0.9679423570632935,42,0.65625,0.013712047999433707,0.05912314500164939,49208,49238
4,287,1,1343,64,0.9357300400733948,41,0.640625,0.013380185999267269,0.05989435599985882,49208,49238
4,288,1,1344,64,0.9135028123855591,44,0.6875,0.013797930001601344,0.06324329600101919,49208,49238
4,289,1,1345,64,1.018132209777832,38,0.59375,0.014181284001097083,0.06079849300294882,49208,49238
4,290,1,1346,64,1.281845211982727,32,0.5,0.014611199996579671,0.05982580199997756,49208,49238
4,291,1,1347,64,0.7805105447769165,42,0.65625,0.014939763997972477,0.059142231999430805,49208,49238
4,292,1,1348,64,0.8826737999916077,45,0.703125,0.015095845999894664,0.0664490269991802,49208,49238
4,293,1,1349,64,0.7871965169906616,45,0.703125,0.015454748998308787,0.061749688000418246,49208,49238
4,294,1,1350,64,1.1620240211486816,41,0.640625,0.014593177002097946,0.05980334000196308,49208,49238
4,295,1,1351,64,0.7664413452148438,45,0.703125,0.013712383002712158,0.058355444998596795,49208,49238
4,296,1,1352,64,0.9207668304443359,44,0.6875,0.013748089000728214,0.05762047700045514,49208,49238
4,297,1,1353,64,0.7292245626449585,51,0.796875,0.013709544000448659,0.0608642939987476,49208,49238
4,298,1,1354,64,0.8673219680786133,44,0.6875,0.01386921999801416,0.06076914499863051,49208,49238
4,299,1,1355,64,0.9788249135017395,44,0.6875,0.014382228000613395,0.06458039900098811,49208,49238
4,300,1,1356,64,1.0547816753387451,38,0.59375,0.013586543002020335,0.057129857003019424,49208,49238
4,301,1,1357,64,0.816398561000824,49,0.765625,0.013663522000570083,0.059175913000217406,49208,49238
4,302,1,1358,64,0.6697912216186523,50,0.78125,0.01415540300149587,0.05905554100172594,49208,49238
4,303,1,1359,64,0.7363598346710205,51,0.796875,0.016339368998160353,0.06373889499809593,49208,49238
4,304,1,1360,64,0.8762364387512207,48,0.75,0.013785432998702163,0.06123890899834805,49208,49238
4,305,1,1361,64,0.8131768703460693,44,0.6875,0.015518087002419634,0.06632672799969441,49208,49238
4,306,1,1362,64,0.6569149494171143,50,0.78125,0.013818477000313578,0.059987897002429236,49208,49238
4,307,1,1363,64,0.8585578203201294,42,0.65625,0.01577091999934055,0.06336391699733213,49208,49238
4,308,1,1364,64,0.8963648676872253,44,0.6875,0.013830785002937773,0.056723501002124976,49208,49238
4,309,1,1365,64,0.8964783549308777,43,0.671875,0.014335097999719437,0.05888082299861708,49208,49238
4,310,1,1366,64,0.765926718711853,46,0.71875,0.01460569400296663,0.05838539400065201,49208,49238
4,311,1,1367,64,0.7592946290969849,44,0.6875,0.015319740999984788,0.0633716429983906,49208,49238
4,312,1,1368,64,0.6804320812225342,51,0.796875,0.013861727999028517,0.06197189399972558,49208,49238
4,313,1,1369,64,0.8501557111740112,49,0.765625,0.01393618600195623,0.061441847999958554,49208,49238
4,314,1,1370,64,0.6885464191436768,49,0.765625,0.01544723499682732,0.05923766100022476,49208,49238
4,315,1,1371,64,0.7831037044525146,48,0.75,0.013894889001676347,0.058163449000858236,49208,49238
4,316,1,1372,64,0.7705742716789246,47,0.734375,0.014400998003111454,0.05854417700174963,49208,49238
4,317,1,1373,64,0.8138740062713623,42,0.65625,0.014040331003343454,0.06077892100074678,49208,49238
4,318,1,1374,64,1.01516592502594,44,0.6875,0.014840448999166256,0.05995980099760345,49208,49238
4,319,1,1375,64,1.0122509002685547,37,0.578125,0.014441808005358325,0.0570002110034693,49208,49238
4,320,1,1376,64,0.8668454885482788,47,0.734375,0.016019942999264458,0.06092776600053185,49208,49238
4,321,1,1377,64,0.8066778182983398,49,0.765625,0.016591031999269035,0.06327245899956324,49208,49238
4,322,1,1378,64,0.7300140857696533,47,0.734375,0.014596116998291109,0.058296400999097386,49208,49238
4,323,1,1379,64,0.805092990398407,42,0.65625,0.015167551002377877,0.062107805999403354,49208,49238
4,324,1,1380,64,0.8322808742523193,43,0.671875,0.01650795199748245,0.06243013499988592,49208,49238
4,325,1,1381,64,0.891191840171814,43,0.671875,0.01440418299898738,0.06575208700087387,49208,49238
4,326,1,1382,64,0.8637005090713501,45,0.703125,0.01432079000005615,0.06043214900273597,49208,49238
4,327,1,1383,64,0.9493478536605835,43,0.671875,0.01459598899964476,0.05757903899939265,49208,49238
4,328,1,1384,64,0.7626239061355591,46,0.71875,0.014117535003606463,0.06335302099978435,49208,49238
4,329,1,1385,64,0.9514718651771545,45,0.703125,0.014038064000487793,0.06328706500062253,49208,49238
4,330,1,1386,64,1.0638971328735352,44,0.6875,0.013743780000368133,0.06092895199981285,49208,49238
4,331,1,1387,64,0.6369439959526062,51,0.796875,0.014546417001838563,0.060496035002870485,49208,49238
4,332,1,1388,64,0.9566611051559448,41,0.640625,0.015493489998334553,0.06149638200076879,49208,49238
4,333,1,1389,64,1.0609891414642334,36,0.5625,0.017596207002497977,0.06511354599933838,49208,49238
4,334,1,1390,64,0.8033128976821899,47,0.734375,0.015126809001230868,0.059010211003624136,49208,49238
4,335,1,1391,64,0.7678062319755554,47,0.734375,0.016711601998395054,0.06088538500262075,49208,49238
4,336,1,1392,64,1.0486180782318115,42,0.65625,0.014113127996097319,0.06119678799950634,49208,49238
4,337,1,1393,64,0.953424334526062,43,0.671875,0.01433930300117936,0.0573802409999189,49208,49238
4,338,1,1394,64,0.8836156725883484,46,0.71875,0.014127200996881584,0.0583086379992892,49208,49238
4,339,1,1395,64,0.6806043982505798,48,0.75,0.01434961400082102,0.06672381500175106,49208,49238
4,340,1,1396,64,1.0510315895080566,43,0.671875,0.014956177998101339,0.06351867099874653,49208,49238
4,341,1,1397,64,0.8337582349777222,45,0.703125,0.013654284000949701,0.0552998459970695,49208,49238
4,342,1,1398,64,0.8335866928100586,46,0.71875,0.014640528002928477,0.06049263100067037,49208,49238
4,343,1,1399,64,0.7714940905570984,44,0.6875,0.01440886400087038,0.06045675499990466,49208,49238
4,344,1,1400,64,0.9766265153884888,44,0.6875,0.01419201799944858,0.06032573899938143,49208,49238
4,345,1,1401,64,0.681320309638977,46,0.71875,0.016749951002566377,0.05995003000134602,49208,49238
4,346,1,1402,64,0.9298102855682373,40,0.625,0.014054462000785861,0.06319531600092887,49208,49238
4,347,1,1403,64,0.7458681464195251,48,0.75,0.015239026997733163,0.06451000499873771,49208,49238
4,348,1,1404,64,0.7422915697097778,49,0.765625,0.013981731004605535,0.06291703000169946,49208,49238
4,349,1,1405,64,0.7866050004959106,46,0.71875,0.015026258999569109,0.05938954099838156,49208,49238
4,350,1,1406,64,1.2491343021392822,34,0.53125,0.01360596900121891,0.0560702120019414,49208,49238
4,351,1,1407,36,0.8966407775878906,24,0.6666666666666666,0.01451276299849269,0.054001581000193255,27703,27733
5,0,1,1408,64,0.7078971266746521,50,0.78125,0.014147297999443254,0.058212048999848776,49208,49238
5,1,1,1409,64,0.7155117988586426,51,0.796875,0.014300681996246567,0.05807600900152465,49208,49238
5,2,1,1410,64,0.6771500110626221,52,0.8125,0.013697305003006477,0.0583909519991721,49208,49238
5,3,1,1411,64,0.6611567139625549,48,0.75,0.01694412500000908,0.0698301470001752,49208,49238
5,4,1,1412,64,0.7112138271331787,49,0.765625,0.015210819998173974,0.05906047000098624,49208,49238
5,5,1,1413,64,0.738642156124115,48,0.75,0.015747595996799646,0.05971007900006953,49208,49238
5,6,1,1414,64,0.8650259375572205,45,0.703125,0.014095968002948212,0.05803905900029349,49208,49238
5,7,1,1415,64,0.7085059285163879,48,0.75,0.013570806997449836,0.05770582699915394,49208,49238
5,8,1,1416,64,0.780119776725769,47,0.734375,0.01439167699936661,0.056543072998465504,49208,49238
5,9,1,1417,64,0.7517838478088379,46,0.71875,0.017997336999542313,0.06494661100077792,49208,49238
5,10,1,1418,64,0.6641481518745422,50,0.78125,0.016169573998922715,0.06078274699757458,49208,49238
5,11,1,1419,64,0.8741421699523926,44,0.6875,0.014121811000222806,0.056928088000859134,49208,49238
5,12,1,1420,64,0.7728078961372375,43,0.671875,0.013592221999715548,0.05795909099833807,49208,49238
5,13,1,1421,64,0.6876528859138489,47,0.734375,0.013583984997239895,0.060228974998608464,49208,49238
5,14,1,1422,64,0.7355184555053711,49,0.765625,0.015906929998891428,0.06463216400152305,49208,49238
5,15,1,1423,64,0.7306506633758545,48,0.75,0.014187193002726417,0.05681358399669989,49208,49238
5,16,1,1424,64,0.5526124238967896,56,0.875,0.014125466001132736,0.05771934400036116,49208,49238
5,17,1,1425,64,0.7344428300857544,46,0.71875,0.015832507000595797,0.05965497099896311,49208,49238
5,18,1,1426,64,0.6915172338485718,50,0.78125,0.014555409998138202,0.06605864100129111,49208,49238
5,19,1,1427,64,0.7795267105102539,43,0.671875,0.014100190994213335,0.05956031499954406,49208,49238
5,20,1,1428,64,0.8029899597167969,50,0.78125,0.01387484200313338,0.05936218599890708,49208,49238
5,21,1,1429,64,0.6472945809364319,46,0.71875,0.01419526700192364,0.057682626000314485,49208,49238
5,22,1,1430,64,0.5648306608200073,50,0.78125,0.015879030001087813,0.06110778900256264,49208,49238
5,23,1,1431,64,0.6049860715866089,49,0.765625,0.01710552400254528,0.061013061000267044,49208,49238
5,24,1,1432,64,0.6794613599777222,50,0.78125,0.016328065998095553,0.06631701500009513,49208,49238
5,25,1,1433,64,0.6379767656326294,50,0.78125,0.015217083997413283,0.06065941999986535,49208,49238
5,26,1,1434,64,0.5006992816925049,55,0.859375,0.014547686998412246,0.0570302010019077,49208,49238
5,27,1,1435,64,0.5600221157073975,51,0.796875,0.01615390300139552,0.06111471700205584,49208,49238
5,28,1,1436,64,0.5956544876098633,50,0.78125,0.014184269999532262,0.0595582280002418,49208,49238
5,29,1,1437,64,0.5458720922470093,52,0.8125,0.015816267998161493,0.057746333000977756,49208,49238
5,30,1,1438,64,0.5091135501861572,49,0.765625,0.01435003299775417,0.0598042860001442,49208,49238
5,31,1,1439,64,0.4607186019420624,55,0.859375,0.01596620399868698,0.060226402998523554,49208,49238
5,32,1,1440,64,0.5861546993255615,53,0.828125,0.016240457000094466,0.06055462299991632,49208,49238
5,33,1,1441,64,0.8214321136474609,45,0.703125,0.017028185997332912,0.06495429500137107,49208,49238
5,34,1,1442,64,0.6780772805213928,49,0.765625,0.016951707999396604,0.062162414000340505,49208,49238
5,35,1,1443,64,0.7275999784469604,49,0.765625,0.01606457500020042,0.06652066999959061,49208,49238
5,36,1,1444,64,0.7135653495788574,48,0.75,0.015207737000309862,0.06509160100176814,49208,49238
5,37,1,1445,64,0.8047539591789246,47,0.734375,0.016132688004290685,0.06244647499988787,49208,49238
5,38,1,1446,64,0.5793500542640686,50,0.78125,0.015077220999955898,0.05862235699896701,49208,49238
5,39,1,1447,64,0.7580150365829468,49,0.765625,0.01508420800382737,0.06629409399829456,49208,49238
5,40,1,1448,64,0.8069432973861694,46,0.71875,0.016558769999392098,0.061801607997040264,49208,49238
5,41,1,1449,64,0.7746046185493469,49,0.765625,0.014317606997792609,0.057729466003365815,49208,49238
5,42,1,1450,64,0.6248975992202759,55,0.859375,0.01558628999919165,0.05924812900047982,49208,49238
5,43,1,1451,64,0.7056044340133667,46,0.71875,0.013948975003586384,0.06162966299962136,49208,49238
5,44,1,1452,64,0.8255777359008789,45,0.703125,0.013851913001417415,0.05777477499941597,49208,49238
5,45,1,1453,64,0.5362898111343384,51,0.796875,0.017020835999574047,0.061323778001678875,49208,49238
5,46,1,1454,64,0.787577748298645,45,0.703125,0.015622569000697695,0.062001387999771396,49208,49238
5,47,1,1455,64,0.6287140846252441,50,0.78125,0.016930023000895744,0.059260482998070074,49208,49238
5,48,1,1456,64,0.63919997215271,49,0.765625,0.01415093700052239,0.05648996599848033,49208,49238
5,49,1,1457,64,0.804445743560791,49,0.765625,0.013741742997808615,0.05664145500122686,49208,49238
5,50,1,1458,64,0.5894995331764221,52,0.8125,0.013542275002691895,0.05673489599939785,49208,49238
5,51,1,1459,64,0.6953584551811218,51,0.796875,0.015398493000247981,0.06390288999682525,49208,49238
5,52,1,1460,64,0.8121585845947266,47,0.734375,0.013769494998996379,0.05769069700181717,49208,49238
5,53,1,1461,64,0.6523644328117371,51,0.796875,0.013840764000633499,0.061628473002201645,49208,49238
5,54,1,1462,64,0.7851184606552124,47,0.734375,0.013591973001894075,0.059989469998981804,49208,49238
5,55,1,1463,64,0.6013346910476685,52,0.8125,0.014316472999780672,0.058009541000501486,49208,49238
5,56,1,1464,64,0.6490950584411621,51,0.796875,0.013784693001070991,0.056638957001268864,49208,49238
5,57,1,1465,64,0.5516707897186279,55,0.859375,0.013188888999138726,0.05486059400209342,49208,49238
5,58,1,1466,64,0.9087768793106079,42,0.65625,0.015480236001167214,0.06149482599721523,49208,49238
5,59,1,1467,64,0.6769888401031494,53,0.828125,0.013661433000379475,0.0562485589980497,49208,49238
5,60,1,1468,64,0.7431632280349731,50,0.78125,0.016003069998987485,0.06259538799713482,49208,49238
5,61,1,1469,64,0.8920652270317078,46,0.71875,0.01657613399947877,0.06223904900252819,49208,49238
5,62,1,1470,64,0.8885370492935181,43,0.671875,0.014226587998564355,0.06481233399972552,49208,49238
5,63,1,1471,64,0.672303318977356,50,0.78125,0.01620078999985708,0.059154526999918744,49208,49238
5,64,1,1472,64,0.5133585929870605,53,0.828125,0.016647709999233484,0.06175299599999562,49208,49238
5,65,1,1473,64,0.7224756479263306,49,0.765625,0.014252115997805959,0.05872494499999448,49208,49238
5,66,1,1474,64,0.5733116865158081,50,0.78125,0.016707118000340415,0.0649492829979863,49208,49238
5,67,1,1475,64,0.8076231479644775,47,0.734375,0.014727806999871973,0.06857437399958144,49208,49238
5,68,1,1476,64,0.8393694758415222,46,0.71875,0.013888058998418273,0.06123706599828438,49208,49238
5,69,1,1477,64,0.7644127011299133,45,0.703125,0.01386573300260352,0.05855386800249107,49208,49238
5,70,1,1478,64,0.6309658885002136,49,0.765625,0.014286104997154325,0.059253871000692016,49208,49238
5,71,1,1479,64,0.8242849111557007,44,0.6875,0.014738577996467939,0.05674919500233955,49208,49238
5,72,1,1480,64,0.5503935813903809,53,0.828125,0.014495772997179301,0.06486148499971023,49208,49238
5,73,1,1481,64,0.7161760926246643,48,0.75,0.0150501690004603,0.060051415999623714,49208,49238
5,74,1,1482,64,0.7346535921096802,48,0.75,0.015932406997308135,0.0682859799999278,49208,49238
5,75,1,1483,64,0.8468036651611328,42,0.65625,0.015240581000398379,0.06010067299939692,49208,49238
5,76,1,1484,64,0.8879856467247009,43,0.671875,0.015732919000583934,0.060618470997724216,49208,49238
5,77,1,1485,64,0.6578485369682312,49,0.765625,0.014004831995407585,0.06344236999939312,49208,49238
5,78,1,1486,64,0.6211006045341492,48,0.75,0.014301512997917598,0.06020618500042474,49208,49238
5,79,1,1487,64,0.8384631276130676,43,0.671875,0.014227881998522207,0.06023691199879977,49208,49238
5,80,1,1488,64,0.6153314113616943,49,0.765625,0.020290408996515907,0.07267569299801835,49208,49238
5,81,1,1489,64,0.713357150554657,51,0.796875,0.013675484002305893,0.05587726399971871,49208,49238
5,82,1,1490,64,0.9167361855506897,40,0.625,0.017046085002220934,0.06570252799792797,49208,49238
5,83,1,1491,64,0.6555562019348145,50,0.78125,0.01676365599996643,0.06288650300120935,49208,49238
5,84,1,1492,64,0.646126389503479,50,0.78125,0.013442106002912624,0.060085645996878156,49208,49238
5,85,1,1493,64,0.7109399437904358,49,0.765625,0.014832859997113701,0.06052930800069589,49208,49238
5,86,1,1494,64,0.6196526288986206,50,0.78125,0.01583140599905164,0.06152932400073041,49208,49238
5,87,1,1495,64,0.5764238238334656,49,0.765625,0.01510585899814032,0.06745129199771327,49208,49238
5,88,1,1496,64,0.7777606248855591,45,0.703125,0.015231989997118944,0.06354314599957434,49208,49238
5,89,1,1497,64,0.5672680139541626,51,0.796875,0.01543624699843349,0.06052490399815724,49208,49238
5,90,1,1498,64,0.7258972525596619,46,0.71875,0.015081383000506321,0.060362514999724226,49208,49238
5,91,1,1499,64,0.6614412069320679,50,0.78125,0.015295506997063057,0.06135932499819319,49208,49238
5,92,1,1500,64,0.516592264175415,53,0.828125,0.014965860998927383,0.0644609520022641,49208,49238
5,93,1,1501,64,0.7977880239486694,49,0.765625,0.015463777002878487,0.06249503700018977,49208,49238
5,94,1,1502,64,0.7839415073394775,42,0.65625,0.014876212997478433,0.062312686000950634,49208,49238
5,95,1,1503,64,0.8162723779678345,45,0.703125,0.015076088999194326,0.05943325800035382,49208,49238
5,96,1,1504,64,0.832219660282135,42,0.65625,0.015098555999429664,0.059739341002568835,49208,49238
5,97,1,1505,64,0.7558444738388062,44,0.6875,0.016847462000441737,0.06049731399980374,49208,49238
5,98,1,1506,64,0.8991943597793579,42,0.65625,0.015156391000346048,0.05928512000173214,49208,49238
5,99,1,1507,64,0.8128211498260498,48,0.75,0.016959618998953374,0.06361752700104262,49208,49238
5,100,1,1508,64,0.6645491123199463,44,0.6875,0.01488466700175195,0.05915832699974999,49208,49238
5,101,1,1509,64,0.6276311874389648,49,0.765625,0.015099971999006812,0.05973819599967101,49208,49238
5,102,1,1510,64,0.4884595274925232,53,0.828125,0.014950779997889185,0.0606817059997411,49208,49238
5,103,1,1511,64,0.5595079660415649,53,0.828125,0.017760708997229813,0.064531727002759,49208,49238
5,104,1,1512,64,0.5248010158538818,55,0.859375,0.01498714500121423,0.06079274399962742,49208,49238
5,105,1,1513,64,0.6880554556846619,50,0.78125,0.017616168999666115,0.0651337359995523,49208,49238
5,106,1,1514,64,0.7965762615203857,46,0.71875,0.0148554379993584,0.06268890699720941,49208,49238
5,107,1,1515,64,0.5459314584732056,51,0.796875,0.014090034001128515,0.057639735998236574,49208,49238
5,108,1,1516,64,0.6557664275169373,50,0.78125,0.014781833000597544,0.06997286600017105,49208,49238
5,109,1,1517,64,0.6873749494552612,50,0.78125,0.01737761600452359,0.061872700996900676,49208,49238
5,110,1,1518,64,0.6720091104507446,46,0.71875,0.01522390100217308,0.07191851699826657,49208,49238
5,111,1,1519,64,0.5922447443008423,49,0.765625,0.015990012001566356,0.06109162400025525,49208,49238
5,112,1,1520,64,0.768534243106842,47,0.734375,0.015110222000657814,0.06029804600257194,49208,49238
5,113,1,1521,64,0.6548248529434204,50,0.78125,0.01479403099801857,0.05895678899833001,49208,49238
5,114,1,1522,64,0.7861990332603455,45,0.703125,0.014624456005549291,0.05963499399877037,49208,49238
5,115,1,1523,64,0.9316236972808838,45,0.703125,0.013260881998576224,0.05455574100051308,49208,49238
5,116,1,1524,64,0.8373810052871704,44,0.6875,0.015215833998809103,0.06508332700104802,49208,49238
5,117,1,1525,64,0.8283109664916992,43,0.671875,0.015700141000706935,0.0594132959995477,49208,49238
5,118,1,1526,64,0.5973302125930786,49,0.765625,0.014721329000167316,0.06057265399795142,49208,49238
5,119,1,1527,64,0.8247890472412109,48,0.75,0.015560027004539734,0.06167070100127603,49208,49238
5,120,1,1528,64,0.5526524782180786,51,0.796875,0.015686806000303477,0.06731631300135632,49208,49238
5,121,1,1529,64,0.7404481172561646,50,0.78125,0.016495808002218837,0.0647817210010544,49208,49238
5,122,1,1530,64,0.5679053664207458,49,0.765625,0.01486627299891552,0.06242497199855279,49208,49238
5,123,1,1531,64,0.43740469217300415,57,0.890625,0.015519438999035629,0.06279707099747611,49208,49238
5,124,1,1532,64,0.7510014772415161,47,0.734375,0.014151802002743352,0.06739385199762182,49208,49238
5,125,1,1533,64,0.6129117012023926,51,0.796875,0.014992681997682666,0.05821460999868577,49208,49238
5,126,1,1534,64,0.8721988201141357,41,0.640625,0.017015744997479487,0.06602537800063146,49208,49238
5,127,1,1535,64,0.7759726047515869,42,0.65625,0.01426487999924575,0.0601881129987305,49208,49238
5,128,1,1536,64,0.7722712755203247,45,0.703125,0.014055716997972922,0.060433559003286064,49208,49238
5,129,1,1537,64,0.7565584182739258,46,0.71875,0.013614494000648847,0.06259405100354343,49208,49238
5,130,1,1538,64,0.7766923904418945,45,0.703125,0.014255217000027187,0.05798757199954707,49208,49238
5,131,1,1539,64,0.6856199502944946,46,0.71875,0.014079901997320121,0.056494542001019,49208,49238
5,132,1,1540,64,0.8870874643325806,43,0.671875,0.01644687999942107,0.06769610600167653,49208,49238
5,133,1,1541,64,0.6120957732200623,45,0.703125,0.015751135000755312,0.06810283400045591,49208,49238
5,134,1,1542,64,0.5375100374221802,52,0.8125,0.01508204100173316,0.06598430399753852,49208,49238
5,135,1,1543,64,0.9151260852813721,45,0.703125,0.0154519360003178,0.06507215999954497,49208,49238
5,136,1,1544,64,0.8086557388305664,46,0.71875,0.013882578001357615,0.06866040500244708,49208,49238
5,137,1,1545,64,1.0689235925674438,37,0.578125,0.014502918998914538,0.06765427000209456,49208,49238
5,138,1,1546,64,0.837799072265625,45,0.703125,0.014770107001822907,0.05868696600009571,49208,49238
5,139,1,1547,64,0.6638689041137695,48,0.75,0.014103803001489723,0.06132839499696274,49208,49238
5,140,1,1548,64,0.8883416056632996,44,0.6875,0.014099201001954498,0.05964344999665627,49208,49238
5,141,1,1549,64,0.9190534353256226,47,0.734375,0.01498893399912049,0.07127463000142598,49208,49238
5,142,1,1550,64,0.5886902809143066,49,0.765625,0.01739986000029603,0.06724559600115754,49208,49238
5,143,1,1551,64,0.9052278995513916,43,0.671875,0.014267444003053242,0.05641044500225689,49208,49238
5,144,1,1552,64,0.8161252737045288,47,0.734375,0.015070025998284109,0.058108863999223104,49208,49238
5,145,1,1553,64,0.8231894969940186,49,0.765625,0.01561140199919464,0.06483418599964352,49208,49238
5,146,1,1554,64,0.7014294862747192,50,0.78125,0.02031913899918436,0.06488662999981898,49208,49238
5,147,1,1555,64,0.5248103141784668,53,0.828125,0.014482734000921482,0.060187716997461393,49208,49238
5,148,1,1556,64,0.7465961575508118,48,0.75,0.01437045000056969,0.05797514699952444,49208,49238
5,149,1,1557,64,0.5932511687278748,52,0.8125,0.014379241001734044,0.0605819580014213,49208,49238
5,150,1,1558,64,0.7318222522735596,48,0.75,0.014582744999643182,0.0569879190006759,49208,49238
5,151,1,1559,64,0.6865167021751404,47,0.734375,0.01372409200121183,0.06184587099778582,49208,49238
5,152,1,1560,64,0.737553596496582,49,0.765625,0.014111103999312036,0.057726578997971956,49208,49238
5,153,1,1561,64,0.7655187845230103,45,0.703125,0.01427670400153147,0.06540615999983856,49208,49238
5,154,1,1562,64,0.637457013130188,49,0.765625,0.014706422003655462,0.05798364300062531,49208,49238
5,155,1,1563,64,0.6557697057723999,51,0.796875,0.013731934002862545,0.06246408199876896,49208,49238
5,156,1,1564,64,1.001636266708374,44,0.6875,0.01341169599982095,0.057976576001237845,49208,49238
5,157,1,1565,64,0.935096800327301,42,0.65625,0.014711751999129774,0.0673644830021658,49208,49238
5,158,1,1566,64,0.8525965809822083,42,0.65625,0.013669586001924472,0.05937721200098167,49208,49238
5,159,1,1567,64,0.6790986061096191,47,0.734375,0.014601175000279909,0.06056992600133526,49208,49238
5,160,1,1568,64,0.666229248046875,45,0.703125,0.014183546998538077,0.056700273002206814,49208,49238
5,161,1,1569,64,0.8806561231613159,45,0.703125,0.013905894000345143,0.05756721500074491,49208,49238
5,162,1,1570,64,0.6081074476242065,50,0.78125,0.013716181998461252,0.05865526300112833,49208,49238
5,163,1,1571,64,0.8038473129272461,44,0.6875,0.01399316899914993,0.06395591199907358,49208,49238
5,164,1,1572,64,0.9297608733177185,42,0.65625,0.013714394000999164,0.05954639300034614,49208,49238
5,165,1,1573,64,0.5149549245834351,53,0.828125,0.014216409999789903,0.05826770500061684,49208,49238
5,166,1,1574,64,0.793850839138031,49,0.765625,0.014109611998719629,0.05795472999670892,49208,49238
5,167,1,1575,64,0.7148836851119995,43,0.671875,0.014551949996530311,0.05972190800093813,49208,49238
5,168,1,1576,64,0.8284090757369995,48,0.75,0.014286465997429332,0.06107017199974507,49208,49238
5,169,1,1577,64,0.7604421377182007,46,0.71875,0.0154273970038048,0.06151289899935364,49208,49238
5,170,1,1578,64,0.7284702062606812,51,0.796875,0.014058529999601888,0.05888045400206465,49208,49238
5,171,1,1579,64,0.7078150510787964,49,0.765625,0.016759860998718068,0.05879926499983412,49208,49238
5,172,1,1580,64,0.8618400692939758,50,0.78125,0.014726593002706068,0.06066737999935867,49208,49238
5,173,1,1581,64,0.9784857034683228,43,0.671875,0.015089937998709502,0.06665465900005074,49208,49238
5,174,1,1582,64,0.7989665269851685,44,0.6875,0.016473056999529945,0.059070959003292955,49208,49238
5,175,1,1583,64,0.5992868542671204,47,0.734375,0.014159367998217931,0.057429626998782624,49208,49238
5,176,1,1584,64,0.7165378332138062,47,0.734375,0.014731214003404602,0.06288764499913668,49208,49238
5,177,1,1585,64,0.5672690868377686,49,0.765625,0.014044066003407352,0.06152870200094185,49208,49238
5,178,1,1586,64,0.6764465570449829,47,0.734375,0.014417859001696343,0.06032670800050255,49208,49238
5,179,1,1587,64,0.6766360998153687,50,0.78125,0.016726326000934932,0.06257193700002972,49208,49238
5,180,1,1588,64,0.8085711002349854,46,0.71875,0.01403560499966261,0.058655579003243474,49208,49238
5,181,1,1589,64,0.8027369379997253,44,0.6875,0.015539097999862861,0.05926273899967782,49208,49238
5,182,1,1590,64,0.7559022307395935,47,0.734375,0.013915194002038334,0.05700874399917666,49208,49238
5,183,1,1591,64,0.8354271650314331,47,0.734375,0.014563689001079183,0.06575948599856929,49208,49238
5,184,1,1592,64,0.7289384603500366,44,0.6875,0.014751427002920536,0.063089499999478,49208,49238
5,185,1,1593,64,0.8025396466255188,44,0.6875,0.014317698998638662,0.05731401099910727,49208,49238
5,186,1,1594,64,0.6435309648513794,52,0.8125,0.015976700004102895,0.06196868199913297,49208,49238
5,187,1,1595,64,0.8420584201812744,40,0.625,0.016094898001028923,0.057621585998276714,49208,49238
5,188,1,1596,64,0.5802092552185059,51,0.796875,0.014177442997606704,0.060669585000141524,49208,49238
5,189,1,1597,64,0.5129173398017883,52,0.8125,0.014523867001116741,0.0640172010025708,49208,49238
5,190,1,1598,64,0.7402913570404053,45,0.703125,0.015164890999585623,0.0664238130011654,49208,49238
5,191,1,1599,64,0.7206834554672241,48,0.75,0.013773607999610249,0.05837701400014339,49208,49238
5,192,1,1600,64,0.649750828742981,51,0.796875,0.015373519996501273,0.05972524000026169,49208,49238
5,193,1,1601,64,0.6187857985496521,50,0.78125,0.014707845999510027,0.0626183360000141,49208,49238
5,194,1,1602,64,0.8010414838790894,43,0.671875,0.01656753700444824,0.05981999800133053,49208,49238
5,195,1,1603,64,0.7230907678604126,48,0.75,0.015366604002338136,0.06632458700187271,49208,49238
5,196,1,1604,64,0.6566512584686279,50,0.78125,0.014133597996988101,0.059263947998260846,49208,49238
5,197,1,1605,64,0.7055839896202087,49,0.765625,0.01468922500134795,0.057968589000665816,49208,49238
5,198,1,1606,64,0.8028162121772766,43,0.671875,0.014707498001371277,0.058736427999974694,49208,49238
5,199,1,1607,64,0.6548320055007935,49,0.765625,0.01419918900137418,0.062019839002459776,49208,49238
5,200,1,1608,64,0.7123210430145264,50,0.78125,0.015323036001063883,0.06347268800163874,49208,49238
5,201,1,1609,64,0.6717771291732788,49,0.765625,0.017069249002815923,0.0646581109976978,49208,49238
5,202,1,1610,64,0.8399810791015625,47,0.734375,0.015428161997988354,0.06023545900097815,49208,49238
5,203,1,1611,64,0.7713899612426758,45,0.703125,0.014170637001370778,0.06684517400208279,49208,49238
5,204,1,1612,64,0.5926632285118103,49,0.765625,0.014160956001433078,0.05732654099847423,49208,49238
5,205,1,1613,64,0.5970984697341919,48,0.75,0.013746641001489479,0.06009354799971334,49208,49238
5,206,1,1614,64,0.8351725935935974,41,0.640625,0.014209148997906595,0.06340192100105924,49208,49238
5,207,1,1615,64,0.6490817070007324,49,0.765625,0.01491912499841419,0.0660479079997458,49208,49238
5,208,1,1616,64,0.7517880797386169,46,0.71875,0.013919238997914363,0.059908936000283575,49208,49238
5,209,1,1617,64,0.8647201657295227,41,0.640625,0.013590841001132503,0.05983897099940805,49208,49238
5,210,1,1618,64,0.5380546450614929,51,0.796875,0.013717216002987698,0.06163887299771886,49208,49238
5,211,1,1619,64,0.714950442314148,45,0.703125,0.014260892996389885,0.05756467699757195,49208,49238
5,212,1,1620,64,0.7833757996559143,46,0.71875,0.014346599000418792,0.05799591700269957,49208,49238
5,213,1,1621,64,0.7957452535629272,46,0.71875,0.014370294000400463,0.06673703100022976,49208,49238
5,214,1,1622,64,0.7048230171203613,49,0.765625,0.013912472000811249,0.06389098900035606,49208,49238
5,215,1,1623,64,0.7351884841918945,48,0.75,0.01571958700151299,0.060176776998559944,49208,49238
5,216,1,1624,64,0.9429652094841003,40,0.625,0.0150086339963309,0.06606678100069985,49208,49238
5,217,1,1625,64,0.6346074342727661,51,0.796875,0.014719341001182329,0.06722379599887063,49208,49238
5,218,1,1626,64,0.879218339920044,46,0.71875,0.014897809000103734,0.06612462900011451,49208,49238
5,219,1,1627,64,0.9706448912620544,40,0.625,0.014111228003457654,0.059788065002067015,49208,49238
5,220,1,1628,64,0.6422821283340454,48,0.75,0.01446539299649885,0.056292752000445034,49208,49238
5,221,1,1629,64,0.7987917065620422,46,0.71875,0.01600871800110326,0.058740855998621555,49208,49238
5,222,1,1630,64,0.5832005739212036,50,0.78125,0.015461121998669114,0.06717474500328535,49208,49238
5,223,1,1631,64,0.7106331586837769,47,0.734375,0.014225823000742821,0.05646846099989489,49208,49238
5,224,1,1632,64,0.7453775405883789,48,0.75,0.014928672000678489,0.06155661899902043,49208,49238
5,225,1,1633,64,0.7851671576499939,45,0.703125,0.015439453996805241,0.0592198880003707,49208,49238
5,226,1,1634,64,0.8371856808662415,44,0.6875,0.014984743000240996,0.06001446500158636,49208,49238
5,227,1,1635,64,0.5791540145874023,52,0.8125,0.015073211001435993,0.060335275000397814,49208,49238
5,228,1,1636,64,0.7914036512374878,46,0.71875,0.014263449003919959,0.0637261789997865,49208,49238
5,229,1,1637,64,0.7985193729400635,47,0.734375,0.015289275001123315,0.0632959300019138,49208,49238
5,230,1,1638,64,0.6491197943687439,50,0.78125,0.015470476995687932,0.06192758700126433,49208,49238
5,231,1,1639,64,0.7041352987289429,50,0.78125,0.014580769999156473,0.06047842000043602,49208,49238
5,232,1,1640,64,0.6329386234283447,51,0.796875,0.014436591998673975,0.06310596799812629,49208,49238
5,233,1,1641,64,0.6746518015861511,47,0.734375,0.01453496399699361,0.05849215799753438,49208,49238
5,234,1,1642,64,0.739540159702301,48,0.75,0.013845058001606958,0.059603921999951126,49208,49238
5,235,1,1643,64,0.8629029989242554,46,0.71875,0.01407062200087239,0.05784921500162454,49208,49238
5,236,1,1644,64,0.6398857831954956,49,0.765625,0.014416500998777337,0.06136514799800352,49208,49238
5,237,1,1645,64,0.5981885194778442,50,0.78125,0.013505509999959031,0.058455351001612144,49208,49238
5,238,1,1646,64,0.953403115272522,41,0.640625,0.014104896999924676,0.06203151500085369,49208,49238
5,239,1,1647,64,0.540178656578064,53,0.828125,0.015163811996899312,0.06557179100127541,49208,49238
5,240,1,1648,64,0.8318163156509399,44,0.6875,0.014155553002638044,0.06080600499990396,49208,49238
5,241,1,1649,64,0.8876966238021851,46,0.71875,0.013913395003328333,0.06283522100056871,49208,49238
5,242,1,1650,64,0.7050489187240601,46,0.71875,0.015961752000293927,0.05831767900235718,49208,49238
5,243,1,1651,64,0.6800603866577148,48,0.75,0.014985290999902645,0.06188906500028679,49208,49238
5,244,1,1652,64,0.7177306413650513,49,0.765625,0.01418827700035763,0.05839458199989167,49208,49238
5,245,1,1653,64,0.9008150696754456,42,0.65625,0.013347951000469038,0.05878303699864773,49208,49238
5,246,1,1654,64,0.5926926136016846,51,0.796875,0.014000661001773551,0.05710122700111242,49208,49238
5,247,1,1655,64,0.8107161521911621,45,0.703125,0.013947792001999915,0.05971999100074754,49208,49238
5,248,1,1656,64,0.5729824304580688,53,0.828125,0.0135197519994108,0.05541550300040399,49208,49238
5,249,1,1657,64,0.7158728837966919,48,0.75,0.01415072199961287,0.05866815899935318,49208,49238
5,250,1,1658,64,0.854242205619812,43,0.671875,0.016715168003429426,0.0669561069989868,49208,49238
5,251,1,1659,64,0.8414809703826904,44,0.6875,0.01454075599758653,0.05816294200121774,49208,49238
5,252,1,1660,64,0.7836189270019531,46,0.71875,0.014172391998727107,0.06148610099990037,49208,49238
5,253,1,1661,64,0.851938009262085,44,0.6875,0.013831496999046067,0.059586530001979554,49208,49238
5,254,1,1662,64,0.6340107917785645,47,0.734375,0.014646714000264183,0.0569747310000821,49208,49238
5,255,1,1663,64,0.4759522080421448,54,0.84375,0.013912622001953423,0.05962155000088387,49208,49238
5,256,1,1664,64,0.5067079663276672,56,0.875,0.014062158999877283,0.06140872800096986,49208,49238
5,257,1,1665,64,0.5627553462982178,51,0.796875,0.013813995003147284,0.056638293997821165,49208,49238
5,258,1,1666,64,0.6523737907409668,45,0.703125,0.014488982003967976,0.058084940999833634,49208,49238
5,259,1,1667,64,0.7053232192993164,46,0.71875,0.014384529997187201,0.05776608099768055,49208,49238
5,260,1,1668,64,0.8312085866928101,46,0.71875,0.01362307899762527,0.0609596030008106,49208,49238
5,261,1,1669,64,0.6639913320541382,49,0.765625,0.015820510998310056,0.05851259599876357,49208,49238
5,262,1,1670,64,0.7891359329223633,45,0.703125,0.014341382000566227,0.059647898000548594,49208,49238
5,263,1,1671,64,0.6801238059997559,49,0.765625,0.013815341997542419,0.05578448899905197,49208,49238
5,264,1,1672,64,0.5544281601905823,53,0.828125,0.01442839699666365,0.0588316789981036,49208,49238
5,265,1,1673,64,0.6969512104988098,48,0.75,0.015678659998229705,0.06108510600097361,49208,49238
5,266,1,1674,64,0.7010286450386047,50,0.78125,0.014395121001143707,0.06072841299828724,49208,49238
5,267,1,1675,64,0.7936615943908691,46,0.71875,0.01440108599854284,0.05749680900044041,49208,49238
5,268,1,1676,64,0.7927650809288025,45,0.703125,0.014023869003722211,0.05695504299728782,49208,49238
5,269,1,1677,64,0.6270754933357239,49,0.765625,0.014987222999479854,0.05937068999992334,49208,49238
5,270,1,1678,64,0.5603924989700317,50,0.78125,0.015900490998319583,0.05912678399909055,49208,49238
5,271,1,1679,64,0.6202634572982788,49,0.765625,0.01718734200039762,0.06078747400169959,49208,49238
5,272,1,1680,64,0.8016927242279053,46,0.71875,0.015895029999228427,0.06065690199829987,49208,49238
5,273,1,1681,64,0.8133649826049805,50,0.78125,0.013849263999873074,0.05840010099927895,49208,49238
5,274,1,1682,64,0.8771355748176575,45,0.703125,0.015694185000029393,0.06092529199668206,49208,49238
5,275,1,1683,64,0.7144320011138916,47,0.734375,0.015547741997579578,0.058906911999656586,49208,49238
5,276,1,1684,64,0.6273356676101685,50,0.78125,0.014329319001262775,0.05804780000107712,49208,49238
5,277,1,1685,64,0.7936574220657349,44,0.6875,0.01397485699999379,0.05705031800243887,49208,49238
5,278,1,1686,64,0.7949835062026978,45,0.703125,0.015970191001542844,0.060478752999188146,49208,49238
5,279,1,1687,64,0.5984236001968384,51,0.796875,0.014958075000322424,0.06162810800014995,49208,49238
5,280,1,1688,64,0.8091302514076233,42,0.65625,0.015316564997192472,0.06029183500140789,49208,49238
5,281,1,1689,64,0.7727429866790771,44,0.6875,0.014942474004783435,0.06993968599999789,49208,49238
5,282,1,1690,64,0.8367839455604553,43,0.671875,0.015676817998610204,0.061646960999496514,49208,49238
5,283,1,1691,64,0.7421797513961792,47,0.734375,0.0160739070015552,0.0618740110003273,49208,49238
5,284,1,1692,64,0.9856604933738708,43,0.671875,0.014237838004191872,0.063273615000071,49208,49238
5,285,1,1693,64,0.7049398422241211,50,0.78125,0.015198028999293456,0.06306696100000408,49208,49238
5,286,1,1694,64,0.7362345457077026,50,0.78125,0.014822944001934957,0.06118393499855301,49208,49238
5,287,1,1695,64,0.5174486637115479,57,0.890625,0.014030815997102764,0.05562113900305121,49208,49238
5,288,1,1696,64,1.284615397453308,39,0.609375,0.015534209996985737,0.06235790100254235,49208,49238
5,289,1,1697,64,0.639215350151062,49,0.765625,0.01693538900144631,0.06119199999739067,49208,49238
5,290,1,1698,64,0.49418532848358154,53,0.828125,0.016732905998651404,0.061564460997033166,49208,49238
5,291,1,1699,64,0.7103434801101685,48,0.75,0.015025169999717036,0.05980307000208995,49208,49238
5,292,1,1700,64,0.8086021542549133,48,0.75,0.01443503400150803,0.05997881100120139,49208,49238
5,293,1,1701,64,0.9852945804595947,46,0.71875,0.016196016000321833,0.060999271998298354,49208,49238
5,294,1,1702,64,0.7565368413925171,48,0.75,0.014304416999948444,0.06745788899934269,49208,49238
5,295,1,1703,64,0.7511459589004517,50,0.78125,0.017035930999554694,0.06088458199883462,49208,49238
5,296,1,1704,64,0.7773703932762146,48,0.75,0.013885502001357963,0.05727341799865826,49208,49238
5,297,1,1705,64,0.7494851350784302,48,0.75,0.016645484996843152,0.05969496000034269,49208,49238
5,298,1,1706,64,0.8194977641105652,45,0.703125,0.014195482999639353,0.05901281400292646,49208,49238
5,299,1,1707,64,0.6506838798522949,49,0.765625,0.01598299000033876,0.05947178300266387,49208,49238
5,300,1,1708,64,0.5901733040809631,53,0.828125,0.016474463998747524,0.06494525000016438,49208,49238
5,301,1,1709,64,0.6624372005462646,49,0.765625,0.016195607000554446,0.06662250799854519,49208,49238
5,302,1,1710,64,1.0488790273666382,40,0.625,0.01632890799737652,0.06137956000020495,49208,49238
5,303,1,1711,64,0.7230782508850098,49,0.765625,0.01532825399772264,0.06361130600271281,49208,49238
5,304,1,1712,64,0.6117070913314819,52,0.8125,0.015004066000983585,0.05805462799980887,49208,49238
5,305,1,1713,64,0.8396365642547607,43,0.671875,0.014460991998930695,0.05874322200179449,49208,49238
5,306,1,1714,64,0.516634464263916,51,0.796875,0.016653907998261275,0.06196381300105713,49208,49238
5,307,1,1715,64,0.618279218673706,55,0.859375,0.01774109799953294,0.06329680999988341,49208,49238
5,308,1,1716,64,0.9249293804168701,46,0.71875,0.015729239999927813,0.06308775899742614,49208,49238
5,309,1,1717,64,0.6738254427909851,47,0.734375,0.013928896998550044,0.06097015900013503,49208,49238
5,310,1,1718,64,0.7651804685592651,48,0.75,0.014647258998593315,0.05835430099978112,49208,49238
5,311,1,1719,64,0.8321090936660767,47,0.734375,0.016841209999256535,0.06370996300029219,49208,49238
5,312,1,1720,64,0.9097899198532104,40,0.625,0.016807587999210227,0.06095208700207877,49208,49238
5,313,1,1721,64,0.7213727235794067,49,0.765625,0.015403983001306187,0.058865068000159226,49208,49238
5,314,1,1722,64,0.9009004831314087,44,0.6875,0.015987735005182913,0.0643448909977451,49208,49238
5,315,1,1723,64,0.8046225905418396,45,0.703125,0.016542184999707388,0.06431407900163322,49208,49238
5,316,1,1724,64,0.5355712175369263,51,0.796875,0.01420800599953509,0.060668646001431625,49208,49238
5,317,1,1725,64,0.5856995582580566,51,0.796875,0.016070404002675787,0.059395296000730013,49208,49238
5,318,1,1726,64,0.9512680172920227,41,0.640625,0.016867924998223316,0.06635905999792158,49208,49238
5,319,1,1727,64,0.851578950881958,47,0.734375,0.014234999001928372,0.06040304000271135,49208,49238
5,320,1,1728,64,0.8373376131057739,47,0.734375,0.014967036000598455,0.06494876699798624,49208,49238
5,321,1,1729,64,0.6288344264030457,49,0.765625,0.013961881999421166,0.06176931399750174,49208,49238
5,322,1,1730,64,0.6850391030311584,47,0.734375,0.015226302999508334,0.05983524200200918,49208,49238
5,323,1,1731,64,0.5093234777450562,53,0.828125,0.014709797000250546,0.06043940499876044,49208,49238
5,324,1,1732,64,0.8762362003326416,44,0.6875,0.015408450995892053,0.06077659799848334,49208,49238
5,325,1,1733,64,0.5903683304786682,52,0.8125,0.013912923004681943,0.0609007989987731,49208,49238
5,326,1,1734,64,0.9200166463851929,45,0.703125,0.019768984002439538,0.06363278099888703,49208,49238
5,327,1,1735,64,0.6322578191757202,51,0.796875,0.014755117997992784,0.05867343600039021,49208,49238
5,328,1,1736,64,0.6404806971549988,52,0.8125,0.014791594003327191,0.07102912800110062,49208,49238
5,329,1,1737,64,0.5840871334075928,49,0.765625,0.01656822900258703,0.06690252399857854,49208,49238
5,330,1,1738,64,0.6229081749916077,55,0.859375,0.015177427001617616,0.05831891400157474,49208,49238
5,331,1,1739,64,0.9375498294830322,38,0.59375,0.016108523999719182,0.06200626200006809,49208,49238
5,332,1,1740,64,0.7413841485977173,49,0.765625,0.014425884000957012,0.05903195899736602,49208,49238
5,333,1,1741,64,0.454508900642395,54,0.84375,0.01609542100050021,0.06517481400078395,49208,49238
5,334,1,1742,64,0.8777532577514648,45,0.703125,0.01373860200328636,0.058993401002226165,49208,49238
5,335,1,1743,64,0.7727161645889282,44,0.6875,0.016217239000980044,0.06107629400139558,49208,49238
5,336,1,1744,64,0.5991931557655334,52,0.8125,0.01725003100000322,0.059893907000514446,49208,49238
5,337,1,1745,64,0.9024403691291809,43,0.671875,0.015410311996674864,0.06718296300095972,49208,49238
5,338,1,1746,64,0.7696480751037598,48,0.75,0.013944565002020681,0.06614177400115295,49208,49238
5,339,1,1747,64,0.6556195616722107,48,0.75,0.014294243999756873,0.06552507000014884,49208,49238
5,340,1,1748,64,0.9348418712615967,46,0.71875,0.016543915004149312,0.06270748600218212,49208,49238
5,341,1,1749,64,0.7654191851615906,45,0.703125,0.015427151996846078,0.06317200500052422,49208,49238
5,342,1,1750,64,0.4269554018974304,54,0.84375,0.01715960100045777,0.06413445100042736,49208,49238
5,343,1,1751,64,0.8328182697296143,46,0.71875,0.01471514300283161,0.05664838800294092,49208,49238
5,344,1,1752,64,0.81458580493927,47,0.734375,0.014088521998928627,0.05735087899665814,49208,49238
5,345,1,1753,64,0.9766799211502075,44,0.6875,0.018825392002327135,0.06405576999895857,49208,49238
5,346,1,1754,64,0.5090806484222412,50,0.78125,0.015482564002013532,0.06031916400024784,49208,49238
5,347,1,1755,64,0.7601963877677917,46,0.71875,0.013909967001382029,0.06002644599720952,49208,49238
5,348,1,1756,64,0.6743896007537842,49,0.765625,0.016075980001915013,0.06740664999961155,49208,49238
5,349,1,1757,64,0.8339802622795105,43,0.671875,0.016844998001033673,0.06458601099802763,49208,49238
5,350,1,1758,64,0.8834368586540222,47,0.734375,0.014436312001635088,0.06436318600026425,49208,49238
5,351,1,1759,36,0.7351751923561096,29,0.8055555555555556,0.01611641100316774,0.0565186050007469,27703,27733
6,0,1,1760,64,0.46065405011177063,54,0.84375,0.014425465004023863,0.06017434800014598,49208,49238
6,1,1,1761,64,0.7225931286811829,46,0.71875,0.014191528000083053,0.057156243001372786,49208,49238
6,2,1,1762,64,0.593733549118042,51,0.796875,0.017293634002271574,0.06283178600278916,49208,49238
6,3,1,1763,64,0.5314054489135742,52,0.8125,0.015565688998322003,0.06225783899935777,49208,49238
6,4,1,1764,64,0.6591799259185791,51,0.796875,0.015181765000306768,0.06367512500219163,49208,49238
6,5,1,1765,64,0.5392763614654541,53,0.828125,0.014952241999708349,0.05908394699872588,49208,49238
6,6,1,1766,64,0.5780773162841797,57,0.890625,0.01461881499926676,0.06283179700039909,49208,49238
6,7,1,1767,64,0.4425554871559143,56,0.875,0.01536535600098432,0.05972368400034611,49208,49238
6,8,1,1768,64,0.5638458728790283,50,0.78125,0.014412319000257412,0.060407659999327734,49208,49238
6,9,1,1769,64,0.5485024452209473,51,0.796875,0.017003511999064358,0.059885251001105644,49208,49238
6,10,1,1770,64,0.5620541572570801,55,0.859375,0.01505297399853589,0.058984636001696344,49208,49238
6,11,1,1771,64,0.663374662399292,48,0.75,0.014431715000682743,0.060649480001302436,49208,49238
6,12,1,1772,64,0.672372579574585,48,0.75,0.01594303099773242,0.06923310499769286,49208,49238
6,13,1,1773,64,0.4075005054473877,56,0.875,0.014725756998814177,0.06535229700239142,49208,49238
6,14,1,1774,64,0.4256243109703064,55,0.859375,0.017831389002822107,0.06778741199741489,49208,49238
6,15,1,1775,64,0.8114650249481201,45,0.703125,0.016062345002865186,0.06138381799974013,49208,49238
6,16,1,1776,64,0.5529546737670898,52,0.8125,0.017147866001323564,0.0639240320015233,49208,49238
6,17,1,1777,64,0.5424801111221313,49,0.765625,0.01465967599870055,0.05751776499892003,49208,49238
6,18,1,1778,64,0.5760471820831299,47,0.734375,0.017701240998576395,0.06311397299941746,49208,49238
6,19,1,1779,64,0.5439662337303162,57,0.890625,0.0179835280032421,0.06322984999860637,49208,49238
6,20,1,1780,64,0.4786020517349243,54,0.84375,0.015713524997408967,0.07447166099882452,49208,49238
6,21,1,1781,64,0.510711669921875,53,0.828125,0.01414403300077538,0.05665908099763328,49208,49238
6,22,1,1782,64,0.6925516724586487,50,0.78125,0.014681502998428186,0.06490312700043432,49208,49238
6,23,1,1783,64,0.5734703540802002,53,0.828125,0.017129118998127524,0.06138524299967685,49208,49238
6,24,1,1784,64,0.5944505929946899,52,0.8125,0.014089077998505672,0.06173606900119921,49208,49238
6,25,1,1785,64,0.5059172511100769,51,0.796875,0.025497572001768276,0.07698840000011842,49208,49238
6,26,1,1786,64,0.42345595359802246,56,0.875,0.014241516997572035,0.05747029700069106,49208,49238
6,27,1,1787,64,0.4586303234100342,54,0.84375,0.017012751999573084,0.06343406300220522,49208,49238
6,28,1,1788,64,0.5434778332710266,51,0.796875,0.014197608998074429,0.0576847070005897,49208,49238
6,29,1,1789,64,0.4562596380710602,52,0.8125,0.015351641002780525,0.05721014499795274,49208,49238
6,30,1,1790,64,0.6626425385475159,46,0.71875,0.014155615997879067,0.05881098699683207,49208,49238
6,31,1,1791,64,0.6843632459640503,53,0.828125,0.013975056001072517,0.058027270999446046,49208,49238
6,32,1,1792,64,0.4926643371582031,56,0.875,0.013679305997357005,0.05492740499903448,49208,49238
6,33,1,1793,64,0.6575261950492859,50,0.78125,0.015332850998674985,0.05790786599754938,49208,49238
6,34,1,1794,64,0.6143726110458374,51,0.796875,0.01468010700045852,0.0625770359984017,49208,49238
6,35,1,1795,64,0.46211084723472595,52,0.8125,0.01486013800240471,0.058775458001036895,49208,49238
6,36,1,1796,64,0.52073073387146,56,0.875,0.016926285999943502,0.058537721997709014,49208,49238
6,37,1,1797,64,0.5654182434082031,52,0.8125,0.017098273001465714,0.06292924800072797,49208,49238
6,38,1,1798,64,0.5747607350349426,52,0.8125,0.015436800997122191,0.06184717799987993,49208,49238
6,39,1,1799,64,0.7369868755340576,48,0.75,0.014440918999753194,0.056174238001403864,49208,49238
6,40,1,1800,64,0.5182734727859497,53,0.828125,0.01603266900201561,0.06287161399814067,49208,49238
6,41,1,1801,64,0.48248398303985596,55,0.859375,0.01745282100091572,0.060290681998594664,49208,49238
6,42,1,1802,64,0.4577171206474304,56,0.875,0.01620971800366533,0.05971336599759525,49208,49238
6,43,1,1803,64,0.6819318532943726,47,0.734375,0.01625219600100536,0.06043182899884414,49208,49238
6,44,1,1804,64,0.4309919476509094,52,0.8125,0.01575866299754125,0.06369923199963523,49208,49238
6,45,1,1805,64,0.4357092082500458,53,0.828125,0.015700576001108857,0.0652411109986133,49208,49238
6,46,1,1806,64,0.47965577244758606,54,0.84375,0.014337530999910086,0.0613509780014283,49208,49238
6,47,1,1807,64,0.5696379542350769,54,0.84375,0.01578745199731202,0.060641883999778656,49208,49238
6,48,1,1808,64,0.46611496806144714,54,0.84375,0.015405584999825805,0.05784265799957211,49208,49238
6,49,1,1809,64,0.5196707248687744,53,0.828125,0.014284038999903714,0.062036637998971855,49208,49238
6,50,1,1810,64,0.6715797185897827,52,0.8125,0.019805947002168978,0.0660760049977398,49208,49238
6,51,1,1811,64,0.43385130167007446,55,0.859375,0.015748955000162823,0.0658238709984289,49208,49238
6,52,1,1812,64,0.5886132717132568,50,0.78125,0.015467295001144521,0.06043163000140339,49208,49238
6,53,1,1813,64,0.6052149534225464,50,0.78125,0.015488776996789966,0.06624088899843628,49208,49238
6,54,1,1814,64,0.40263694524765015,55,0.859375,0.016610621998552233,0.06351009399804752,49208,49238
6,55,1,1815,64,0.4953436255455017,54,0.84375,0.014495088002149714,0.059586047998891445,49208,49238
6,56,1,1816,64,0.7617794871330261,50,0.78125,0.015035461001389194,0.06151382100142655,49208,49238
6,57,1,1817,64,0.6059224605560303,50,0.78125,0.016209227997023845,0.06048245700003463,49208,49238
6,58,1,1818,64,0.5567632913589478,50,0.78125,0.014453672996751266,0.05874378700173111,49208,49238
6,59,1,1819,64,0.5989080667495728,52,0.8125,0.014849810999294277,0.060759214000427164,49208,49238
6,60,1,1820,64,0.6274360418319702,51,0.796875,0.015268784998625051,0.06387363400062895,49208,49238
6,61,1,1821,64,0.5396010875701904,50,0.78125,0.014585356002498884,0.06022107099852292,49208,49238
6,62,1,1822,64,0.41037556529045105,55,0.859375,0.015507980999245774,0.060889111999131273,49208,49238
6,63,1,1823,64,0.5557907819747925,50,0.78125,0.014094234997173771,0.05838489600137109,49208,49238
6,64,1,1824,64,0.5279121398925781,54,0.84375,0.01650590600183932,0.06805467600133852,49208,49238
6,65,1,1825,64,0.6856563687324524,46,0.71875,0.014667145998828346,0.0583174949970271,49208,49238
6,66,1,1826,64,0.535061776638031,53,0.828125,0.014229228003387107,0.06121423099830281,49208,49238
6,67,1,1827,64,0.537871241569519,56,0.875,0.016606846995273372,0.060050513999158284,49208,49238
6,68,1,1828,64,0.4039711356163025,55,0.859375,0.013832774002366932,0.05945782200069516,49208,49238
6,69,1,1829,64,0.5294426083564758,53,0.828125,0.014271708998421673,0.060348645001795376,49208,49238
6,70,1,1830,64,0.6458829641342163,50,0.78125,0.015619215002516285,0.0650019569984579,49208,49238
6,71,1,1831,64,0.7990742921829224,44,0.6875,0.015589995000482304,0.06070845000067493,49208,49238
6,72,1,1832,64,0.6526871919631958,48,0.75,0.016225122999458108,0.06281053700149641,49208,49238
6,73,1,1833,64,0.3382985293865204,57,0.890625,0.0156750269998156,0.07528837399877375,49208,49238
6,74,1,1834,64,0.4001528322696686,55,0.859375,0.0144171939973603,0.058800407001399435,49208,49238
6,75,1,1835,64,0.6057214736938477,54,0.84375,0.01446698699874105,0.0611864290003723,49208,49238
6,76,1,1836,64,0.6470937728881836,48,0.75,0.014865503999317298,0.06592045199795393,49208,49238
6,77,1,1837,64,0.5237882137298584,54,0.84375,0.015607068002282176,0.06002719000025536,49208,49238
6,78,1,1838,64,0.6730046272277832,49,0.765625,0.015324033003707882,0.0648156930001278,49208,49238
6,79,1,1839,64,0.5604239106178284,52,0.8125,0.016230245000770083,0.0626036120011122,49208,49238
6,80,1,1840,64,0.6734849214553833,51,0.796875,0.01566623799953959,0.0685778789993492,49208,49238
6,81,1,1841,64,0.516672670841217,50,0.78125,0.014871203002257971,0.0597016639985668,49208,49238
6,82,1,1842,64,0.5145770907402039,51,0.796875,0.016205115000047954,0.06721572699825629,49208,49238
6,83,1,1843,64,0.641512393951416,46,0.71875,0.014425515000766609,0.05911080999794649,49208,49238
6,84,1,1844,64,0.5396121740341187,56,0.875,0.014646021998487413,0.059316941998986294,49208,49238
6,85,1,1845,64,0.619584321975708,48,0.75,0.018904557004134404,0.061792968001100235,49208,49238
6,86,1,1846,64,0.379096120595932,55,0.859375,0.014734268999745836,0.0671676079982717,49208,49238
6,87,1,1847,64,0.4819234013557434,51,0.796875,0.014068786003917921,0.06539180300023872,49208,49238
6,88,1,1848,64,0.4990697205066681,51,0.796875,0.01409834699734347,0.06505649800237734,49208,49238
6,89,1,1849,64,0.5371314883232117,50,0.78125,0.016442832002212526,0.0660386319977988,49208,49238
6,90,1,1850,64,0.5250673294067383,52,0.8125,0.014557098998920992,0.06138797899984638,49208,49238
6,91,1,1851,64,0.5591822266578674,52,0.8125,0.01775774099951377,0.06263675700029125,49208,49238
6,92,1,1852,64,0.7158940434455872,45,0.703125,0.01750045300286729,0.06935987100223429,49208,49238
6,93,1,1853,64,0.5870622396469116,48,0.75,0.013848226997652091,0.05902502200115123,49208,49238
6,94,1,1854,64,0.7206522822380066,48,0.75,0.015922606999083655,0.06561838299967349,49208,49238
6,95,1,1855,64,0.5332176685333252,50,0.78125,0.015112948000023607,0.06299591499919188,49208,49238
6,96,1,1856,64,0.6797431707382202,49,0.765625,0.01455994599746191,0.0631838389999757,49208,49238
6,97,1,1857,64,0.7435592412948608,48,0.75,0.014798892003454966,0.05904540499977884,49208,49238
6,98,1,1858,64,0.5977157950401306,53,0.828125,0.015130441999644972,0.06273655499899178,49208,49238
6,99,1,1859,64,0.49660009145736694,55,0.859375,0.013873394000256667,0.06024748500203714,49208,49238
6,100,1,1860,64,0.4598105847835541,54,0.84375,0.014355507999425754,0.05916657900161226,49208,49238
6,101,1,1861,64,0.5221291780471802,52,0.8125,0.01556122699912521,0.058130014997004764,49208,49238
6,102,1,1862,64,0.6692163348197937,49,0.765625,0.014303442996606464,0.058776283000042895,49208,49238
6,103,1,1863,64,0.48847872018814087,52,0.8125,0.015133745997445658,0.061492305001593195,49208,49238
6,104,1,1864,64,0.6090188026428223,50,0.78125,0.01655138100250042,0.06955373299933854,49208,49238
6,105,1,1865,64,0.671681821346283,45,0.703125,0.018677553001907654,0.07646020600077463,49208,49238
6,106,1,1866,64,0.5832492113113403,51,0.796875,0.016306783003528835,0.06207671399897663,49208,49238
6,107,1,1867,64,0.4459580183029175,55,0.859375,0.015132959000766277,0.05987531000209856,49208,49238
6,108,1,1868,64,0.6272720098495483,50,0.78125,0.015386180999485077,0.06536830500044744,49208,49238
6,109,1,1869,64,0.4604496359825134,55,0.859375,0.014865286997519433,0.06245008300174959,49208,49238
6,110,1,1870,64,0.5948326587677002,50,0.78125,0.015349427998444298,0.0605142540007364,49208,49238
6,111,1,1871,64,0.5633742809295654,51,0.796875,0.017907707999256672,0.06095863399968948,49208,49238
6,112,1,1872,64,0.5882633924484253,53,0.828125,0.014364069000293966,0.05980917900160421,49208,49238
6,113,1,1873,64,0.4356990456581116,55,0.859375,0.015600284998072311,0.06369135400018422,49208,49238
6,114,1,1874,64,0.6407299637794495,47,0.734375,0.01668592599889962,0.06337263899695245,49208,49238
6,115,1,1875,64,0.5810829401016235,53,0.828125,0.014627267999458127,0.05964017800215515,49208,49238
6,116,1,1876,64,0.6529126167297363,51,0.796875,0.015086928997334326,0.06175707500005956,49208,49238
6,117,1,1877,64,0.661017656326294,51,0.796875,0.014847129998088349,0.06800720400133287,49208,49238
6,118,1,1878,64,0.6911019682884216,48,0.75,0.016792152997368248,0.07268453899814631,49208,49238
6,119,1,1879,64,0.6801429986953735,46,0.71875,0.01913809500183561,0.07344299700343981,49208,49238
6,120,1,1880,64,0.6608180999755859,48,0.75,0.015701791999163106,0.06750077700053225,49208,49238
6,121,1,1881,64,0.42349281907081604,55,0.859375,0.017993806999584194,0.06564913299735053,49208,49238
6,122,1,1882,64,0.37239474058151245,58,0.90625,0.014278544000262627,0.060049989999242825,49208,49238
6,123,1,1883,64,0.4606313705444336,55,0.859375,0.021849466000276152,0.08712630399895716,49208,49238
6,124,1,1884,64,0.7128412127494812,48,0.75,0.01665323699853616,0.06170942500102683,49208,49238
6,125,1,1885,64,0.4589133560657501,54,0.84375,0.014688278999528848,0.060819461999926716,49208,49238
6,126,1,1886,64,0.5190456509590149,53,0.828125,0.015909691999695497,0.06147836200034362,49208,49238
6,127,1,1887,64,0.4941363036632538,53,0.828125,0.014692930999444798,0.06138891699811211,49208,49238
6,128,1,1888,64,0.48265397548675537,54,0.84375,0.014885139997204533,0.059721906000049785,49208,49238
6,129,1,1889,64,0.49030786752700806,53,0.828125,0.014607107998017455,0.05735773199921823,49208,49238
6,130,1,1890,64,0.5339613556861877,53,0.828125,0.015409528001327999,0.06039700199835352,49208,49238
6,131,1,1891,64,0.7055485248565674,48,0.75,0.015390102002129424,0.06582701699881,49208,49238
6,132,1,1892,64,0.4362682104110718,55,0.859375,0.016333316001691855,0.06932940000115195,49208,49238
6,133,1,1893,64,0.5910999774932861,51,0.796875,0.015752781000628602,0.06114973899821052,49208,49238
6,134,1,1894,64,0.5785037279129028,48,0.75,0.015250587999616982,0.061710081001365324,49208,49238
6,135,1,1895,64,0.4779859185218811,55,0.859375,0.014282903001003433,0.05584089399781078,49208,49238
6,136,1,1896,64,0.444205641746521,53,0.828125,0.014581039002223406,0.059141978999832645,49208,49238
6,137,1,1897,64,0.48771631717681885,54,0.84375,0.015718234000814846,0.059211955001956085,49208,49238
6,138,1,1898,64,0.6732087135314941,50,0.78125,0.015674448000936536,0.05918061899865279,49208,49238
6,139,1,1899,64,0.46283990144729614,56,0.875,0.01578456100105541,0.06603185499989195,49208,49238
6,140,1,1900,64,0.5082176923751831,52,0.8125,0.016291423002257943,0.0613490349969652,49208,49238
6,141,1,1901,64,0.46185410022735596,56,0.875,0.01554815400231746,0.06191726200268022,49208,49238
6,142,1,1902,64,0.5115150213241577,54,0.84375,0.015439645998412743,0.060599200001888676,49208,49238
6,143,1,1903,64,0.40829020738601685,54,0.84375,0.015573365999443922,0.06553660500139813,49208,49238
6,144,1,1904,64,0.33369874954223633,57,0.890625,0.014532634002534905,0.05932424599814112,49208,49238
6,145,1,1905,64,0.3836355209350586,57,0.890625,0.014823233002971392,0.059330167998268735,49208,49238
6,146,1,1906,64,0.4687095582485199,52,0.8125,0.01378191999901901,0.05686761900142301,49208,49238
6,147,1,1907,64,0.6864054799079895,51,0.796875,0.013677786002517678,0.0573181489999115,49208,49238
6,148,1,1908,64,0.4583530128002167,55,0.859375,0.014366940999025246,0.05956054000125732,49208,49238
6,149,1,1909,64,0.6453745365142822,48,0.75,0.014833158998953877,0.062303300997882616,49208,49238
6,150,1,1910,64,0.7884024381637573,46,0.71875,0.01509358300245367,0.06128316299873404,49208,49238
6,151,1,1911,64,0.21413035690784454,63,0.984375,0.016435001998615917,0.061185114998806966,49208,49238
6,152,1,1912,64,0.5071114301681519,52,0.8125,0.014095807000558125,0.060022745998139726,49208,49238
6,153,1,1913,64,0.6456669569015503,49,0.765625,0.01443837399710901,0.06485531500220532,49208,49238
6,154,1,1914,64,0.6125084757804871,51,0.796875,0.013804276000882965,0.057653114999993704,49208,49238
6,155,1,1915,64,0.58423912525177,49,0.765625,0.014133348999166628,0.05714512399936211,49208,49238
6,156,1,1916,64,0.5628129243850708,52,0.8125,0.014856839999993099,0.06295660199975828,49208,49238
6,157,1,1917,64,0.7241343259811401,50,0.78125,0.01555497599838418,0.05743268399965018,49208,49238
6,158,1,1918,64,0.5859224200248718,51,0.796875,0.013787549003609456,0.06121169800098869,49208,49238
6,159,1,1919,64,0.3919912278652191,56,0.875,0.014076742001634557,0.060586116000195034,49208,49238
6,160,1,1920,64,0.5724755525588989,49,0.765625,0.014710778999869945,0.06256566799856955,49208,49238
6,161,1,1921,64,0.4828943610191345,57,0.890625,0.014475640000455314,0.059905128000536934,49208,49238
6,162,1,1922,64,0.7903885841369629,45,0.703125,0.013989483999466756,0.05686206200334709,49208,49238
6,163,1,1923,64,0.543293297290802,52,0.8125,0.014093431000219425,0.06285053200190305,49208,49238
6,164,1,1924,64,0.6421445608139038,51,0.796875,0.017280332001973875,0.07648181699914858,49208,49238
6,165,1,1925,64,0.6307600736618042,50,0.78125,0.015235522001603385,0.059878677002416225,49208,49238
6,166,1,1926,64,0.5578169226646423,51,0.796875,0.014208448996214429,0.05996610800139024,49208,49238
6,167,1,1927,64,0.669377326965332,45,0.703125,0.016779564997705165,0.06726172599883284,49208,49238
6,168,1,1928,64,0.6033493280410767,52,0.8125,0.013908897999499459,0.05941943699872354,49208,49238
6,169,1,1929,64,0.7542722225189209,45,0.703125,0.015799608001543675,0.06637062399749993,49208,49238
6,170,1,1930,64,0.48089009523391724,49,0.765625,0.014597814999433467,0.07128886300051818,49208,49238
6,171,1,1931,64,0.5275327563285828,52,0.8125,0.014000665003550239,0.06170105199998943,49208,49238
6,172,1,1932,64,0.47857439517974854,55,0.859375,0.013925852003012551,0.0599158430013631,49208,49238
6,173,1,1933,64,0.683808445930481,48,0.75,0.014606019998609554,0.06721067399848835,49208,49238
6,174,1,1934,64,0.7626993060112,47,0.734375,0.01972534599917708,0.06729340499805403,49208,49238
6,175,1,1935,64,0.765055775642395,45,0.703125,0.014776844000152778,0.05756566499985638,49208,49238
6,176,1,1936,64,0.6202448606491089,51,0.796875,0.014819524996710243,0.05965621699942858,49208,49238
6,177,1,1937,64,0.42369091510772705,56,0.875,0.014771746999031166,0.057664088999445084,49208,49238
6,178,1,1938,64,0.6127887964248657,49,0.765625,0.01373066199812456,0.05897026299862773,49208,49238
6,179,1,1939,64,0.7448914051055908,47,0.734375,0.013979871000628918,0.06450250800116919,49208,49238
6,180,1,1940,64,0.6400291919708252,47,0.734375,0.015101297001820058,0.06078460100252414,49208,49238
6,181,1,1941,64,0.6348698735237122,46,0.71875,0.0139705010005855,0.06491409899899736,49208,49238
6,182,1,1942,64,0.765949547290802,48,0.75,0.013617809003335424,0.0564332319991081,49208,49238
6,183,1,1943,64,0.6042646169662476,51,0.796875,0.013548850998631679,0.05575493799915421,49208,49238
6,184,1,1944,64,0.6234503388404846,51,0.796875,0.01711022300150944,0.06453947999762022,49208,49238
6,185,1,1945,64,0.4727431833744049,52,0.8125,0.018181633000494912,0.07260463599959621,49208,49238
6,186,1,1946,64,0.5127800107002258,53,0.828125,0.014587884001230123,0.06042625299960491,49208,49238
6,187,1,1947,64,0.6114388704299927,49,0.765625,0.014602900999307167,0.05972689400005038,49208,49238
6,188,1,1948,64,0.47793975472450256,54,0.84375,0.014308083002106287,0.05713515200113761,49208,49238
6,189,1,1949,64,0.6019560098648071,50,0.78125,0.014205651998054236,0.06423604899828206,49208,49238
6,190,1,1950,64,0.5543596744537354,51,0.796875,0.016592778003541753,0.06567382299908786,49208,49238
6,191,1,1951,64,0.4083385169506073,57,0.890625,0.014660783002909739,0.062126185999659356,49208,49238
6,192,1,1952,64,0.5418519377708435,52,0.8125,0.013683747998584295,0.06008866000047419,49208,49238
6,193,1,1953,64,0.6533068418502808,48,0.75,0.014135951998468954,0.0579092980005953,49208,49238
6,194,1,1954,64,0.477744996547699,54,0.84375,0.014684360001410823,0.05885064599715406,49208,49238
6,195,1,1955,64,0.7478018999099731,49,0.765625,0.01485575300102937,0.06094666699937079,49208,49238
6,196,1,1956,64,0.5903053283691406,52,0.8125,0.013949371001217514,0.061039732998324325,49208,49238
6,197,1,1957,64,0.5300740003585815,53,0.828125,0.013976103000459261,0.06106820500281174,49208,49238
6,198,1,1958,64,0.33669227361679077,57,0.890625,0.015539711002929835,0.05974311200043303,49208,49238
6,199,1,1959,64,0.6129772663116455,52,0.8125,0.015500050001719501,0.06146833700040588,49208,49238
6,200,1,1960,64,0.5995267629623413,55,0.859375,0.013232118002633797,0.054500081001606304,49208,49238
6,201,1,1961,64,0.45612454414367676,51,0.796875,0.015647133001039037,0.05928159600080107,49208,49238
6,202,1,1962,64,0.5852996706962585,52,0.8125,0.01440411599833169,0.059231535997241735,49208,49238
6,203,1,1963,64,0.4843897223472595,51,0.796875,0.01411211699814885,0.05909998800052563,49208,49238
6,204,1,1964,64,0.5530900359153748,54,0.84375,0.01414636600020458,0.05747574999986682,49208,49238
6,205,1,1965,64,0.7784867882728577,49,0.765625,0.014640194000094198,0.06787437799721374,49208,49238
6,206,1,1966,64,0.5101296901702881,57,0.890625,0.013849702001607511,0.05937818899838021,49208,49238
6,207,1,1967,64,0.5969291925430298,50,0.78125,0.014551910000591306,0.06253101200127276,49208,49238
6,208,1,1968,64,0.568069577217102,52,0.8125,0.013976283997180872,0.06227009999929578,49208,49238
6,209,1,1969,64,0.5671759843826294,50,0.78125,0.014367432002472924,0.06302476899873,49208,49238
6,210,1,1970,64,0.48321303725242615,50,0.78125,0.014159679998556385,0.0643701279986999,49208,49238
6,211,1,1971,64,0.6013898849487305,51,0.796875,0.014369141001225216,0.05670503199871746,49208,49238
6,212,1,1972,64,0.5792354345321655,50,0.78125,0.014767879001738038,0.061425253999914275,49208,49238
6,213,1,1973,64,0.48180946707725525,54,0.84375,0.015363106002041604,0.06622293200052809,49208,49238
6,214,1,1974,64,0.7075700759887695,51,0.796875,0.014200137000443647,0.06228830300096888,49208,49238
6,215,1,1975,64,0.4665447175502777,52,0.8125,0.013836305002769222,0.062365170000703074,49208,49238
6,216,1,1976,64,0.5668190717697144,50,0.78125,0.014425674002268352,0.0603202769998461,49208,49238
6,217,1,1977,64,0.47767356038093567,52,0.8125,0.014233349997084588,0.05951621400163276,49208,49238
6,218,1,1978,64,0.46567749977111816,54,0.84375,0.015489416997297667,0.060360777999449056,49208,49238
6,219,1,1979,64,0.4896717071533203,54,0.84375,0.0185135240026284,0.06335186700016493,49208,49238
6,220,1,1980,64,0.6384718418121338,52,0.8125,0.016082409001683118,0.06384613100090064,49208,49238
6,221,1,1981,64,0.5104779601097107,53,0.828125,0.015348617002018727,0.06371891500020865,49208,49238
6,222,1,1982,64,0.6577977538108826,46,0.71875,0.01695110600121552,0.07785709200106794,49208,49238
6,223,1,1983,64,0.5652641654014587,50,0.78125,0.015338585999415955,0.06878804099687841,49208,49238
6,224,1,1984,64,0.49331748485565186,52,0.8125,0.014303361997008324,0.06126732300253934,49208,49238
6,225,1,1985,64,0.6990382075309753,49,0.765625,0.01698165999914636,0.06831759799752035,49208,49238
6,226,1,1986,64,0.4819405674934387,55,0.859375,0.0184156110008189,0.0680885389992909,49208,49238
6,227,1,1987,64,0.5567113161087036,52,0.8125,0.017125641999882646,0.0627578480016382,49208,49238
6,228,1,1988,64,0.5003371238708496,54,0.84375,0.016563673998462036,0.06449972100017476,49208,49238
6,229,1,1989,64,0.5627747774124146,48,0.75,0.015243709996866528,0.06284066000080202,49208,49238
6,230,1,1990,64,0.6403530240058899,50,0.78125,0.0178155780013185,0.0638610219975817,49208,49238
6,231,1,1991,64,0.5241302847862244,51,0.796875,0.015434708999237046,0.0610631720010133,49208,49238
6,232,1,1992,64,0.5376603603363037,54,0.84375,0.015249330997903598,0.06031540399999358,49208,49238
6,233,1,1993,64,0.43050509691238403,54,0.84375,0.01497920499969041,0.060010723002051236,49208,49238
6,234,1,1994,64,0.4510369300842285,53,0.828125,0.015575530000205617,0.060658716000034474,49208,49238
6,235,1,1995,64,0.48038893938064575,54,0.84375,0.015802763002284337,0.06065103199944133,49208,49238
6,236,1,1996,64,0.6436740756034851,49,0.765625,0.01753765100147575,0.06727580100050545,49208,49238
6,237,1,1997,64,0.8047970533370972,43,0.671875,0.01573952500257292,0.06134705500153359,49208,49238
6,238,1,1998,64,0.4846932590007782,54,0.84375,0.014654119000624632,0.06466364700099803,49208,49238
6,239,1,1999,64,0.7625596523284912,44,0.6875,0.01455350600372185,0.059349572999053635,49208,49238
6,240,1,2000,64,0.804425835609436,47,0.734375,0.015176377000898356,0.059434111000882694,49208,49238
6,241,1,2001,64,0.5279535055160522,53,0.828125,0.014948018004361074,0.05986130100063747,49208,49238
6,242,1,2002,64,0.6812112331390381,50,0.78125,0.015188658999250038,0.06025534000218613,49208,49238
6,243,1,2003,64,0.6980496644973755,44,0.6875,0.015498099997785175,0.05991070800155285,49208,49238
6,244,1,2004,64,0.6891982555389404,48,0.75,0.015550892996543553,0.06306110999867087,49208,49238
6,245,1,2005,64,0.7945306301116943,47,0.734375,0.0156526489990938,0.06149270799869555,49208,49238
6,246,1,2006,64,0.5189213752746582,51,0.796875,0.015553243003523676,0.06067207699743449,49208,49238
6,247,1,2007,64,0.7723932862281799,46,0.71875,0.015135863002797123,0.06043507900176337,49208,49238
6,248,1,2008,64,0.5409319400787354,50,0.78125,0.01618679700186476,0.061730148998321965,49208,49238
6,249,1,2009,64,0.5467820167541504,50,0.78125,0.016074062998086447,0.06233950200112304,49208,49238
6,250,1,2010,64,0.6375941038131714,49,0.765625,0.016297074002068257,0.0634262489984394,49208,49238
6,251,1,2011,64,0.492671936750412,52,0.8125,0.015225753999402514,0.06014193400187651,49208,49238
6,252,1,2012,64,0.4635383188724518,56,0.875,0.015299748003599234,0.05992783200053964,49208,49238
6,253,1,2013,64,0.5853835344314575,52,0.8125,0.01663540799927432,0.06943818399668089,49208,49238
6,254,1,2014,64,0.7394670844078064,47,0.734375,0.014616101994761266,0.060135558000183664,49208,49238
6,255,1,2015,64,0.4727926552295685,52,0.8125,0.014889442998537561,0.06150075400000787,49208,49238
6,256,1,2016,64,0.508323609828949,53,0.828125,0.01480318199901376,0.06018047199904686,49208,49238
6,257,1,2017,64,0.46830832958221436,54,0.84375,0.015596854002069449,0.06056606799756992,49208,49238
6,258,1,2018,64,0.8151518106460571,46,0.71875,0.01467803599734907,0.05951467099657748,49208,49238
6,259,1,2019,64,0.5165314674377441,55,0.859375,0.015262122000422096,0.06037628800186212,49208,49238
6,260,1,2020,64,0.651097297668457,52,0.8125,0.01509340099801193,0.060450592998677166,49208,49238
6,261,1,2021,64,0.4936344623565674,52,0.8125,0.014541243999701692,0.06223889000102645,49208,49238
6,262,1,2022,64,0.5345785617828369,57,0.890625,0.014562808002665406,0.06482301299911342,49208,49238
6,263,1,2023,64,0.6340702176094055,49,0.765625,0.015486915999645134,0.059353727996494854,49208,49238
6,264,1,2024,64,0.8171913027763367,52,0.8125,0.014507646999845747,0.06112615899837692,49208,49238
6,265,1,2025,64,0.5070559978485107,53,0.828125,0.014244133999454789,0.05888928899730672,49208,49238
6,266,1,2026,64,0.6125541925430298,50,0.78125,0.015335562002292136,0.06502958700002637,49208,49238
6,267,1,2027,64,0.6777026653289795,49,0.765625,0.015543543002422666,0.05971194499943522,49208,49238
6,268,1,2028,64,0.7030335068702698,49,0.765625,0.015283050997823011,0.06344265699954121,49208,49238
6,269,1,2029,64,0.5763158798217773,54,0.84375,0.015061388996400638,0.05939029399814899,49208,49238
6,270,1,2030,64,0.6448343396186829,50,0.78125,0.019063005998759763,0.06488450500182807,49208,49238
6,271,1,2031,64,0.6517016887664795,47,0.734375,0.0165514849977626,0.062405291999311885,49208,49238
6,272,1,2032,64,0.5557136535644531,52,0.8125,0.01534322700172197,0.062336032002349384,49208,49238
6,273,1,2033,64,0.6611544489860535,48,0.75,0.015935437000734964,0.0633999390011013,49208,49238
6,274,1,2034,64,0.5697879195213318,55,0.859375,0.01697428899933584,0.06370079900079872,49208,49238
6,275,1,2035,64,0.5303481221199036,53,0.828125,0.01445542199871852,0.06166594399837777,49208,49238
6,276,1,2036,64,0.7107625007629395,49,0.765625,0.015189077999821166,0.06000996100192424,49208,49238
6,277,1,2037,64,0.5688374042510986,50,0.78125,0.014581393003027188,0.0593776159985282,49208,49238
6,278,1,2038,64,0.45601898431777954,56,0.875,0.014616522999858717,0.0569372520003526,49208,49238
6,279,1,2039,64,0.7623565196990967,44,0.6875,0.014800593999098055,0.06464046200198936,49208,49238
6,280,1,2040,64,0.6740339994430542,49,0.765625,0.01392791699981899,0.05902930800220929,49208,49238
6,281,1,2041,64,0.6606043577194214,47,0.734375,0.014414067998586688,0.0694038619985804,49208,49238
6,282,1,2042,64,0.8930630683898926,42,0.65625,0.015765389001899166,0.0591324449997046,49208,49238
6,283,1,2043,64,0.5140392184257507,53,0.828125,0.014402132001123391,0.057787379999354016,49208,49238
6,284,1,2044,64,0.6334303021430969,53,0.828125,0.014271195002947934,0.05800114700105041,49208,49238
6,285,1,2045,64,0.5431171655654907,52,0.8125,0.014822971999819856,0.06128307499966468,49208,49238
6,286,1,2046,64,0.5638335347175598,48,0.75,0.01551047399698291,0.06084163500054274,49208,49238
6,287,1,2047,64,0.8061769008636475,43,0.671875,0.016864641002030112,0.062247113997727865,49208,49238
6,288,1,2048,64,0.4740098714828491,54,0.84375,0.01460016900091432,0.060997870001301635,49208,49238
6,289,1,2049,64,0.49497851729393005,54,0.84375,0.014838170998700662,0.06687681100083864,49208,49238
6,290,1,2050,64,0.5569545030593872,51,0.796875,0.014071148001676193,0.05971180599954096,49208,49238
6,291,1,2051,64,0.34694427251815796,56,0.875,0.015782133999891812,0.058496726996963844,49208,49238
6,292,1,2052,64,0.561246931552887,52,0.8125,0.016747832003602525,0.06149300299875904,49208,49238
6,293,1,2053,64,0.8243939876556396,48,0.75,0.015141592000873061,0.06098088300132076,49208,49238
6,294,1,2054,64,0.633037805557251,48,0.75,0.01598049899985199,0.064360085001681,49208,49238
6,295,1,2055,64,0.5813626646995544,50,0.78125,0.01684113999363035,0.06255911499829381,49208,49238
6,296,1,2056,64,0.668828010559082,49,0.765625,0.015535177997662686,0.06642251599987503,49208,49238
6,297,1,2057,64,0.7208510637283325,48,0.75,0.014929548997315578,0.05804213200099184,49208,49238
6,298,1,2058,64,0.6025282144546509,49,0.765625,0.01561633500023163,0.05988032899767859,49208,49238
6,299,1,2059,64,0.720149576663971,50,0.78125,0.014117688002443174,0.05933576700044796,49208,49238
6,300,1,2060,64,0.5124737024307251,52,0.8125,0.016365630999644054,0.06875797999964561,49208,49238
6,301,1,2061,64,0.6712744235992432,50,0.78125,0.02041594800175517,0.06834676500147907,49208,49238
6,302,1,2062,64,0.6166067719459534,49,0.765625,0.014029248999577248,0.05822930900103529,49208,49238
6,303,1,2063,64,0.6518865823745728,47,0.734375,0.014094775997364195,0.05950222300089081,49208,49238
6,304,1,2064,64,0.562174379825592,47,0.734375,0.015911760994640645,0.060685889002343174,49208,49238
6,305,1,2065,64,0.6974215507507324,47,0.734375,0.019321101000969065,0.06797596700198483,49208,49238
6,306,1,2066,64,0.7002283334732056,47,0.734375,0.015105928996490547,0.06043682500239811,49208,49238
6,307,1,2067,64,0.8004077672958374,48,0.75,0.0165693260023545,0.06521936900026049,49208,49238
6,308,1,2068,64,0.8666999340057373,47,0.734375,0.01691404199664248,0.061790596999344416,49208,49238
6,309,1,2069,64,0.6481928825378418,48,0.75,0.016030750000936678,0.06750958799966611,49208,49238
6,310,1,2070,64,0.46255064010620117,56,0.875,0.01483964500221191,0.0616998949990375,49208,49238
6,311,1,2071,64,0.5783900022506714,50,0.78125,0.014747296001587529,0.05900838399975328,49208,49238
6,312,1,2072,64,0.4809876084327698,54,0.84375,0.015770177997183055,0.06522909599880222,49208,49238
6,313,1,2073,64,0.6532520651817322,47,0.734375,0.017094629001803696,0.06306673700237297,49208,49238
6,314,1,2074,64,0.6716569066047668,52,0.8125,0.021096499996929197,0.06763378300092882,49208,49238
6,315,1,2075,64,0.46878668665885925,52,0.8125,0.015615083000739105,0.06312282099679578,49208,49238
6,316,1,2076,64,0.7754813432693481,44,0.6875,0.01814746499803732,0.06634759900043719,49208,49238
6,317,1,2077,64,0.6616246700286865,48,0.75,0.017760842001735,0.064195748000202,49208,49238
6,318,1,2078,64,0.7387964725494385,46,0.71875,0.017462613999668974,0.06529285299984622,49208,49238
6,319,1,2079,64,0.7118006348609924,49,0.765625,0.01527569799873163,0.06323799099845928,49208,49238
6,320,1,2080,64,0.7217816114425659,48,0.75,0.01508253300198703,0.06744952799999737,49208,49238
6,321,1,2081,64,0.5524351596832275,55,0.859375,0.016758817997470032,0.06975642100223922,49208,49238
6,322,1,2082,64,0.7479887008666992,47,0.734375,0.016923032999329735,0.06525917399994796,49208,49238
6,323,1,2083,64,0.6521773338317871,45,0.703125,0.014284916003816761,0.06779311100035557,49208,49238
6,324,1,2084,64,0.593752384185791,53,0.828125,0.018054101998131955,0.0662213020004856,49208,49238
6,325,1,2085,64,0.4499032199382782,54,0.84375,0.014745063999725971,0.06059866400028113,49208,49238
6,326,1,2086,64,0.5313369035720825,53,0.828125,0.01678474399886909,0.06805868299852591,49208,49238
6,327,1,2087,64,0.6841369867324829,49,0.765625,0.016530472003069008,0.05929527699845494,49208,49238
6,328,1,2088,64,0.6062942743301392,49,0.765625,0.01656223499958287,0.0625389080014429,49208,49238
6,329,1,2089,64,0.5010914206504822,49,0.765625,0.015885379994870164,0.06129245100237313,49208,49238
6,330,1,2090,64,0.7681735157966614,44,0.6875,0.016314189000695478,0.062265417000162415,49208,49238
6,331,1,2091,64,0.503143846988678,50,0.78125,0.015127599999686936,0.06149891600216506,49208,49238
6,332,1,2092,64,0.5239233374595642,50,0.78125,0.014084976002777694,0.06494493599893758,49208,49238
6,333,1,2093,64,0.49537378549575806,51,0.796875,0.021030080002674367,0.07126164800138213,49208,49238
6,334,1,2094,64,0.6278037428855896,50,0.78125,0.014684550998936174,0.06297147400255199,49208,49238
6,335,1,2095,64,0.6119654178619385,50,0.78125,0.014738735000719316,0.05765781099762535,49208,49238
6,336,1,2096,64,0.655612051486969,51,0.796875,0.015659149998100474,0.06021940299979178,49208,49238
6,337,1,2097,64,0.46132272481918335,54,0.84375,0.014527452000038465,0.06141468200075906,49208,49238
6,338,1,2098,64,0.7573119401931763,45,0.703125,0.016888101999938954,0.06432414499795414,49208,49238
6,339,1,2099,64,0.640819787979126,49,0.765625,0.01732070400248631,0.06430511000144179,49208,49238
6,340,1,2100,64,0.5295531749725342,53,0.828125,0.01527396200253861,0.05774888700034353,49208,49238
6,341,1,2101,64,0.4977845847606659,53,0.828125,0.017159539998829132,0.0648871869998402,49208,49238
6,342,1,2102,64,0.5248149037361145,54,0.84375,0.01515944999846397,0.05833993800115422,49208,49238
6,343,1,2103,64,0.5835132598876953,52,0.8125,0.013881033002689946,0.05720454799666186,49208,49238
6,344,1,2104,64,0.6168894171714783,49,0.765625,0.01406839799892623,0.059322412002075,49208,49238
6,345,1,2105,64,0.5825843811035156,48,0.75,0.015243102003296372,0.06112744300116901,49208,49238
6,346,1,2106,64,0.8396918177604675,44,0.6875,0.015084081998793408,0.06720415600284468,49208,49238
6,347,1,2107,64,0.5807534456253052,52,0.8125,0.014102189994446235,0.060009100001479965,49208,49238
6,348,1,2108,64,0.6423103213310242,50,0.78125,0.01441644499936956,0.06739519300026586,49208,49238
6,349,1,2109,64,0.7567875385284424,45,0.703125,0.016535631999431644,0.06071488499947009,49208,49238
6,350,1,2110,64,0.5186657905578613,52,0.8125,0.01643256499664858,0.06278429700250854,49208,49238
6,351,1,2111,36,0.7765023708343506,26,0.7222222222222222,0.014357274001667975,0.05455478099975153,27703,27733
7,0,1,2112,64,0.49974891543388367,54,0.84375,0.015489205001358641,0.058978240002034,49208,49238
7,1,1,2113,64,0.4021725654602051,57,0.890625,0.01716896799916867,0.06296661500164191,49208,49238
7,2,1,2114,64,0.45152610540390015,55,0.859375,0.014311727998574497,0.05968510900129331,49208,49238
7,3,1,2115,64,0.5253421068191528,53,0.828125,0.015924271996482275,0.061330724998697406,49208,49238
7,4,1,2116,64,0.40909141302108765,51,0.796875,0.014239584001188632,0.06027261599956546,49208,49238
7,5,1,2117,64,0.3653392791748047,56,0.875,0.015137977003178094,0.05838284900164581,49208,49238
7,6,1,2118,64,0.43693047761917114,54,0.84375,0.014547985996614443,0.06161367299864651,49208,49238
7,7,1,2119,64,0.3924587368965149,54,0.84375,0.014905264000844909,0.06316041000172845,49208,49238
7,8,1,2120,64,0.4053535461425781,55,0.859375,0.014544177000061609,0.06227950399988913,49208,49238
7,9,1,2121,64,0.3264386057853699,60,0.9375,0.014344897997943917,0.062547536999773,49208,49238
7,10,1,2122,64,0.35915786027908325,59,0.921875,0.01395090499863727,0.06003771500036237,49208,49238
7,11,1,2123,64,0.515632152557373,50,0.78125,0.015951420995406806,0.06509864599865978,49208,49238
7,12,1,2124,64,0.2921600937843323,59,0.921875,0.016591381001489935,0.06557621200045105,49208,49238
7,13,1,2125,64,0.48916321992874146,53,0.828125,0.015244529000483453,0.06321987900082604,49208,49238
7,14,1,2126,64,0.3106967508792877,58,0.90625,0.014889325000694953,0.06217538500277442,49208,49238
7,15,1,2127,64,0.3560153841972351,58,0.90625,0.015206620999379084,0.06678730199928395,49208,49238
7,16,1,2128,64,0.5560404658317566,51,0.796875,0.015060591998917516,0.06187848099943949,49208,49238
7,17,1,2129,64,0.5611618757247925,55,0.859375,0.013808920997689711,0.0588609650003491,49208,49238
7,18,1,2130,64,0.5302993655204773,55,0.859375,0.014049027999135433,0.06031978999817511,49208,49238
7,19,1,2131,64,0.3342718482017517,55,0.859375,0.01497967300019809,0.06081585600259132,49208,49238
7,20,1,2132,64,0.3853260278701782,55,0.859375,0.014534608999383636,0.06177924800067558,49208,49238
7,21,1,2133,64,0.46799707412719727,55,0.859375,0.013748728000791743,0.0618727810033306,49208,49238
7,22,1,2134,64,0.32919538021087646,58,0.90625,0.013688014001672855,0.057631936000689166,49208,49238
7,23,1,2135,64,0.32041895389556885,58,0.90625,0.016146207999554463,0.06355634799911059,49208,49238
7,24,1,2136,64,0.5691967010498047,54,0.84375,0.014491373996861512,0.06221546799861244,49208,49238
7,25,1,2137,64,0.4219197928905487,57,0.890625,0.016508156004420016,0.061708204997557914,49208,49238
7,26,1,2138,64,0.32119572162628174,57,0.890625,0.01453744500031462,0.06396339999992051,49208,49238
7,27,1,2139,64,0.39593273401260376,58,0.90625,0.014904055002261885,0.06434822899973369,49208,49238
7,28,1,2140,64,0.43678832054138184,55,0.859375,0.01607893599793897,0.06306379500165349,49208,49238
7,29,1,2141,64,0.35155871510505676,58,0.90625,0.014401360000192653,0.0624365219991887,49208,49238
7,30,1,2142,64,0.3122316598892212,58,0.90625,0.016757593002694193,0.0631073810000089,49208,49238
7,31,1,2143,64,0.3681212067604065,55,0.859375,0.013703187003557105,0.06475118800153723,49208,49238
7,32,1,2144,64,0.4726409316062927,52,0.8125,0.01574582400280633,0.0642885169982037,49208,49238
7,33,1,2145,64,0.44023367762565613,55,0.859375,0.01484963099937886,0.058098663997952826,49208,49238
7,34,1,2146,64,0.25550517439842224,58,0.90625,0.014310812999610789,0.06393682500129216,49208,49238
7,35,1,2147,64,0.3459587097167969,58,0.90625,0.01545569499648991,0.061125864998757606,49208,49238
7,36,1,2148,64,0.3530831038951874,57,0.890625,0.014928418000636157,0.06136504599999171,49208,49238
7,37,1,2149,64,0.37230855226516724,57,0.890625,0.01609897099842783,0.0663432279980043,49208,49238
7,38,1,2150,64,0.3219110667705536,58,0.90625,0.016281135998724494,0.06063285699929111,49208,49238
7,39,1,2151,64,0.4907824397087097,51,0.796875,0.014041152000572765,0.05780577500263462,49208,49238
7,40,1,2152,64,0.644817590713501,44,0.6875,0.015266423997672973,0.06845127699853037,49208,49238
7,41,1,2153,64,0.26844027638435364,59,0.921875,0.01590755200231797,0.06065902000045753,49208,49238
7,42,1,2154,64,0.34687328338623047,57,0.890625,0.016667719999531982,0.06531340600122348,49208,49238
7,43,1,2155,64,0.3993282914161682,54,0.84375,0.014689103001728654,0.060083723001298495,49208,49238
7,44,1,2156,64,0.5006705522537231,50,0.78125,0.01388176000182284,0.05644995100010419,49208,49238
7,45,1,2157,64,0.34568312764167786,56,0.875,0.015516127001319546,0.06070451899722684,49208,49238
7,46,1,2158,64,0.47822457551956177,53,0.828125,0.015193738996458706,0.060623991001193644,49208,49238
7,47,1,2159,64,0.3702041804790497,53,0.828125,0.014695768000819953,0.062098575002892176,49208,49238
7,48,1,2160,64,0.36175280809402466,58,0.90625,0.013516407998395152,0.061610920001839986,49208,49238
7,49,1,2161,64,0.4024803638458252,56,0.875,0.017132782999397023,0.06554378000146244,49208,49238
7,50,1,2162,64,0.6437212228775024,51,0.796875,0.015313771000364795,0.05907620500147459,49208,49238
7,51,1,2163,64,0.40893906354904175,55,0.859375,0.013666214996192139,0.0619510190008441,49208,49238
7,52,1,2164,64,0.4201772212982178,51,0.796875,0.016268940002191812,0.06489132500064443,49208,49238
7,53,1,2165,64,0.49325355887413025,52,0.8125,0.014669831998617155,0.06513061800069408,49208,49238
7,54,1,2166,64,0.3583405613899231,58,0.90625,0.013970243999210652,0.06744783599788207,49208,49238
7,55,1,2167,64,0.36191681027412415,57,0.890625,0.014312604002043372,0.0603604810021352,49208,49238
7,56,1,2168,64,0.22596797347068787,61,0.953125,0.01597037999817985,0.06896561800022027,49208,49238
7,57,1,2169,64,0.4331752359867096,53,0.828125,0.014953906003938755,0.06387436799923307,49208,49238
7,58,1,2170,64,0.4718940258026123,55,0.859375,0.01581747000091127,0.0762622550028027,49208,49238
7,59,1,2171,64,0.4278710186481476,53,0.828125,0.013940704997366993,0.061924020999867935,49208,49238
7,60,1,2172,64,0.5209941267967224,52,0.8125,0.013859156999387778,0.0621598340003402,49208,49238
7,61,1,2173,64,0.3426484763622284,56,0.875,0.015246984999976121,0.06940799099902506,49208,49238
7,62,1,2174,64,0.41306957602500916,57,0.890625,0.013488223998137983,0.06222562300172285,49208,49238
7,63,1,2175,64,0.3789244294166565,58,0.90625,0.014084361002460355,0.061151640002208296,49208,49238
7,64,1,2176,64,0.275655597448349,59,0.921875,0.014789188000577269,0.06165732600129559,49208,49238
7,65,1,2177,64,0.5831853151321411,52,0.8125,0.013930079996498534,0.06403778899766621,49208,49238
7,66,1,2178,64,0.48245683312416077,54,0.84375,0.014763881001272239,0.06139265299862018,49208,49238
7,67,1,2179,64,0.4316028952598572,58,0.90625,0.015063907001604093,0.06100685199999134,49208,49238
7,68,1,2180,64,0.5531008243560791,52,0.8125,0.014183995997882448,0.06506716700096149,49208,49238
7,69,1,2181,64,0.3446120619773865,58,0.90625,0.013765461000730284,0.05982574800145812,49208,49238
7,70,1,2182,64,0.36271119117736816,57,0.890625,0.014023531999555416,0.05712965799830272,49208,49238
7,71,1,2183,64,0.5393569469451904,51,0.796875,0.017255325001315214,0.060856168001919286,49208,49238
7,72,1,2184,64,0.4773702919483185,54,0.84375,0.013589365997177083,0.055952597002033144,49208,49238
7,73,1,2185,64,0.5308462381362915,53,0.828125,0.015106062000995735,0.06269450800027698,49208,49238
7,74,1,2186,64,0.3418880105018616,59,0.921875,0.014439540002058493,0.058099125999433454,49208,49238
7,75,1,2187,64,0.553168535232544,55,0.859375,0.013716234996536514,0.06073167700014892,49208,49238
7,76,1,2188,64,0.4900059401988983,54,0.84375,0.014029850000952138,0.05879408200053149,49208,49238
7,77,1,2189,64,0.30967360734939575,58,0.90625,0.014039615001820493,0.057442668003204744,49208,49238
7,78,1,2190,64,0.465947687625885,53,0.828125,0.013851026000338607,0.05678463200092665,49208,49238
7,79,1,2191,64,0.3917279541492462,53,0.828125,0.01424799399683252,0.06558696399952169,49208,49238
7,80,1,2192,64,0.35756903886795044,54,0.84375,0.014712793996295659,0.05921587299962994,49208,49238
7,81,1,2193,64,0.45301035046577454,54,0.84375,0.014001038998685544,0.05814014299903647,49208,49238
7,82,1,2194,64,0.5720031261444092,51,0.796875,0.014314899995952146,0.06027150400041137,49208,49238
7,83,1,2195,64,0.39815184473991394,55,0.859375,0.01381114500327385,0.06105117699917173,49208,49238
7,84,1,2196,64,0.4128434658050537,55,0.859375,0.013854036998964148,0.05559335499856388,49208,49238
7,85,1,2197,64,0.4565242528915405,55,0.859375,0.014125813999271486,0.056882388998928946,49208,49238
7,86,1,2198,64,0.4420998692512512,56,0.875,0.015182085000560619,0.06099974699827726,49208,49238
7,87,1,2199,64,0.6305044293403625,49,0.765625,0.013869762995454948,0.05539913800021168,49208,49238
7,88,1,2200,64,0.4639403522014618,53,0.828125,0.014019464004377369,0.05782186400028877,49208,49238
7,89,1,2201,64,0.43296536803245544,56,0.875,0.014724988999660127,0.05841742800112115,49208,49238
7,90,1,2202,64,0.45464056730270386,57,0.890625,0.014427272999455454,0.05903580100130057,49208,49238
7,91,1,2203,64,0.5016171932220459,51,0.796875,0.014009237002028385,0.05829011999958311,49208,49238
7,92,1,2204,64,0.5780171155929565,51,0.796875,0.013719880000280682,0.05665032899923972,49208,49238
7,93,1,2205,64,0.5767979621887207,51,0.796875,0.013947889998235041,0.057297081002616324,49208,49238
7,94,1,2206,64,0.25812292098999023,60,0.9375,0.013797567997244187,0.06310355000096024,49208,49238
7,95,1,2207,64,0.4598580002784729,54,0.84375,0.013485481998941395,0.05924515899823746,49208,49238
7,96,1,2208,64,0.48548030853271484,51,0.796875,0.01541897999777575,0.060545803997229086,49208,49238
7,97,1,2209,64,0.5175139904022217,55,0.859375,0.014483279002888594,0.07143768100286252,49208,49238
7,98,1,2210,64,0.4728109836578369,52,0.8125,0.014823666999291163,0.06346483299785177,49208,49238
7,99,1,2211,64,0.365690678358078,56,0.875,0.0161604740023904,0.06037137699968298,49208,49238
7,100,1,2212,64,0.6204898357391357,52,0.8125,0.01391000100193196,0.06813041300119949,49208,49238
7,101,1,2213,64,0.4410322904586792,51,0.796875,0.01544434500101488,0.06519964999824879,49208,49238
7,102,1,2214,64,0.344807893037796,55,0.859375,0.01418106799974339,0.05993819500145037,49208,49238
7,103,1,2215,64,0.37868350744247437,53,0.828125,0.014948969001125079,0.059522791001654696,49208,49238
7,104,1,2216,64,0.3037381172180176,56,0.875,0.013992094998684479,0.060807704998296686,49208,49238
7,105,1,2217,64,0.3807288706302643,56,0.875,0.01427790099842241,0.05852540499836323,49208,49238
7,106,1,2218,64,0.4710621237754822,55,0.859375,0.014676943002996268,0.06020085700220079,49208,49238
7,107,1,2219,64,0.4209192991256714,55,0.859375,0.014663335994555382,0.059411006001028,49208,49238
7,108,1,2220,64,0.3073713183403015,59,0.921875,0.01701848099764902,0.06400407500041183,49208,49238
7,109,1,2221,64,0.4344909191131592,54,0.84375,0.013992448995850282,0.058522608000203036,49208,49238
7,110,1,2222,64,0.2988242506980896,58,0.90625,0.013452579001750564,0.06696131699936814,49208,49238
7,111,1,2223,64,0.3317909240722656,58,0.90625,0.014181862999976147,0.06047439800022403,49208,49238
7,112,1,2224,64,0.3335888981819153,57,0.890625,0.014620673999161227,0.07187997499931953,49208,49238
7,113,1,2225,64,0.4548153281211853,56,0.875,0.01471443700211239,0.056753100998321315,49208,49238
7,114,1,2226,64,0.43627387285232544,53,0.828125,0.014522027002385585,0.05802268799743615,49208,49238
7,115,1,2227,64,0.39957988262176514,56,0.875,0.014406312999199145,0.06000892700103577,49208,49238
7,116,1,2228,64,0.28077277541160583,60,0.9375,0.017527659998449963,0.06400681100058137,49208,49238
7,117,1,2229,64,0.5699650049209595,49,0.765625,0.014464844003668986,0.05747958199935965,49208,49238
7,118,1,2230,64,0.3005329370498657,58,0.90625,0.014186952001182362,0.060139846998936264,49208,49238
7,119,1,2231,64,0.373690664768219,56,0.875,0.016307329999108333,0.06221431399899302,49208,49238
7,120,1,2232,64,0.5390067100524902,55,0.859375,0.013642853999044746,0.05787488300120458,49208,49238
7,121,1,2233,64,0.3737497329711914,53,0.828125,0.014227990999643225,0.06640964500184054,49208,49238
7,122,1,2234,64,0.40376749634742737,54,0.84375,0.013678943996637827,0.05492727599994396,49208,49238
7,123,1,2235,64,0.4094681143760681,56,0.875,0.014038160003110534,0.05995976800113567,49208,49238
7,124,1,2236,64,0.37379884719848633,57,0.890625,0.014898535002430435,0.060165979997691466,49208,49238
7,125,1,2237,64,0.37970423698425293,55,0.859375,0.014087791998463217,0.060002430000167806,49208,49238
7,126,1,2238,64,0.5293077230453491,54,0.84375,0.014411899996048305,0.05739158800133737,49208,49238
7,127,1,2239,64,0.3546139597892761,55,0.859375,0.01465595500121708,0.05959117900056299,49208,49238
7,128,1,2240,64,0.5763444304466248,55,0.859375,0.014922539001418045,0.05922082799952477,49208,49238
7,129,1,2241,64,0.4581361413002014,55,0.859375,0.014945284998248098,0.05853545100035262,49208,49238
7,130,1,2242,64,0.6672279834747314,48,0.75,0.014581986997654894,0.06043927300197538,49208,49238
7,131,1,2243,64,0.2902849316596985,58,0.90625,0.014492183003312675,0.05685130499841762,49208,49238
7,132,1,2244,64,0.3926171064376831,54,0.84375,0.01574198699745466,0.06369377300143242,49208,49238
7,133,1,2245,64,0.26152390241622925,61,0.953125,0.014761786995222792,0.05918619700241834,49208,49238
7,134,1,2246,64,0.5542521476745605,51,0.796875,0.015772134000144433,0.0646964109982946,49208,49238
7,135,1,2247,64,0.3297920227050781,58,0.90625,0.014950578995922115,0.06263975800175103,49208,49238
7,136,1,2248,64,0.5556528568267822,53,0.828125,0.014717605998157524,0.06439603699982399,49208,49238
7,137,1,2249,64,0.6885462999343872,47,0.734375,0.015066255000419915,0.05872553299923311,49208,49238
7,138,1,2250,64,0.43513697385787964,56,0.875,0.01843380900027114,0.06168745800096076,49208,49238
7,139,1,2251,64,0.4297999143600464,54,0.84375,0.013676907998160459,0.06605782599945087,49208,49238
7,140,1,2252,64,0.46046367287635803,54,0.84375,0.013791968998702941,0.05733202500050538,49208,49238
7,141,1,2253,64,0.3601999878883362,55,0.859375,0.01515857300182688,0.06101761700119823,49208,49238
7,142,1,2254,64,0.3343215584754944,55,0.859375,0.014679424995847512,0.059464999998454005,49208,49238
7,143,1,2255,64,0.6238925457000732,51,0.796875,0.018536151001171675,0.06116678599937586,49208,49238
7,144,1,2256,64,0.43974751234054565,53,0.828125,0.014406548005354125,0.06082436400174629,49208,49238
7,145,1,2257,64,0.48462384939193726,51,0.796875,0.015129225997952744,0.0688302750022558,49208,49238
7,146,1,2258,64,0.5902267098426819,50,0.78125,0.014574404998711543,0.06512583899893798,49208,49238
7,147,1,2259,64,0.40356120467185974,55,0.859375,0.015599723999912385,0.07064647099832655,49208,49238
7,148,1,2260,64,0.46928709745407104,54,0.84375,0.016399378997448366,0.0708422059979057,49208,49238
7,149,1,2261,64,0.3203955292701721,57,0.890625,0.014985056001023622,0.06094916599977296,49208,49238
7,150,1,2262,64,0.3132844567298889,58,0.90625,0.014200773999618832,0.06094465299975127,49208,49238
7,151,1,2263,64,0.45523202419281006,55,0.859375,0.014147271002002526,0.05894274199818028,49208,49238
7,152,1,2264,64,0.6075520515441895,55,0.859375,0.014377600000443636,0.05744729399884818,49208,49238
7,153,1,2265,64,0.6475009918212891,50,0.78125,0.014985348003392573,0.06318944599843235,49208,49238
7,154,1,2266,64,0.4899512529373169,52,0.8125,0.0145242770013283,0.0605892000021413,49208,49238
7,155,1,2267,64,0.4967334270477295,51,0.796875,0.013944068999990122,0.05850989900136483,49208,49238
7,156,1,2268,64,0.4505043029785156,53,0.828125,0.01650341000276967,0.0608573730023636,49208,49238
7,157,1,2269,64,0.29674214124679565,59,0.921875,0.014844323002762394,0.05904012900282396,49208,49238
7,158,1,2270,64,0.5717262029647827,47,0.734375,0.014229472999431891,0.057008646999747725,49208,49238
7,159,1,2271,64,0.32322177290916443,58,0.90625,0.014859917002468137,0.060988006000116,49208,49238
7,160,1,2272,64,0.33543211221694946,60,0.9375,0.016195429001527373,0.063693593001517,49208,49238
7,161,1,2273,64,0.35599106550216675,57,0.890625,0.014994814999226946,0.05982213900279021,49208,49238
7,162,1,2274,64,0.6601051688194275,50,0.78125,0.0145514780015219,0.05810364799981471,49208,49238
7,163,1,2275,64,0.42395758628845215,54,0.84375,0.013769536002655514,0.06529749799665296,49208,49238
7,164,1,2276,64,0.26921695470809937,59,0.921875,0.017606380995857762,0.060110929000074975,49208,49238
7,165,1,2277,64,0.44838598370552063,56,0.875,0.013703381002414972,0.06080915699931211,49208,49238
7,166,1,2278,64,0.45030319690704346,55,0.859375,0.014486799998849165,0.06466172600266873,49208,49238
7,167,1,2279,64,0.4966731071472168,53,0.828125,0.017062320999684744,0.06631694800307741,49208,49238
7,168,1,2280,64,0.5808887481689453,51,0.796875,0.01636378200055333,0.06391192799856071,49208,49238
7,169,1,2281,64,0.4634403884410858,52,0.8125,0.014799382002820494,0.059534937998250825,49208,49238
7,170,1,2282,64,0.4486240744590759,54,0.84375,0.014207268002792262,0.05713758300043992,49208,49238
7,171,1,2283,64,0.5112650990486145,52,0.8125,0.015008690999820828,0.059594907997961855,49208,49238
7,172,1,2284,64,0.24404290318489075,60,0.9375,0.015350364999903832,0.06385305799994967,49208,49238
7,173,1,2285,64,0.5735934376716614,50,0.78125,0.014497817999654217,0.06690647299910779,49208,49238
7,174,1,2286,64,0.5640386939048767,50,0.78125,0.016318818998115603,0.0653213549994689,49208,49238
7,175,1,2287,64,0.7145398259162903,50,0.78125,0.014936002997274045,0.06679023499964387,49208,49238
7,176,1,2288,64,0.3358670473098755,57,0.890625,0.016525893999641994,0.0605651410005521,49208,49238
7,177,1,2289,64,0.4058077335357666,55,0.859375,0.014539590996719198,0.061870836001617135,49208,49238
7,178,1,2290,64,0.209217369556427,62,0.96875,0.014330115998745896,0.06208573599724332,49208,49238
7,179,1,2291,64,0.33238905668258667,60,0.9375,0.015702392000093823,0.060731527002644725,49208,49238
7,180,1,2292,64,0.3592158257961273,57,0.890625,0.016002039999875706,0.06165607100047055,49208,49238
7,181,1,2293,64,0.26571738719940186,59,0.921875,0.015497804000915494,0.05870373800280504,49208,49238
7,182,1,2294,64,0.5351608991622925,51,0.796875,0.017386247996910242,0.06074755399822607,49208,49238
7,183,1,2295,64,0.404562383890152,53,0.828125,0.01714647899643751,0.06155845200191834,49208,49238
7,184,1,2296,64,0.5101118087768555,54,0.84375,0.014903559000231326,0.0633127949986374,49208,49238
7,185,1,2297,64,0.3090978264808655,56,0.875,0.0180779039983463,0.06127267099873279,49208,49238
7,186,1,2298,64,0.3669012784957886,55,0.859375,0.01725016099953791,0.06553012000222225,49208,49238
7,187,1,2299,64,0.4859985411167145,51,0.796875,0.015425992998643778,0.06050568299906445,49208,49238
7,188,1,2300,64,0.5285570025444031,49,0.765625,0.0169351500007906,0.06092910000006668,49208,49238
7,189,1,2301,64,0.3670691251754761,55,0.859375,0.017076476997317513,0.06030279900005553,49208,49238
7,190,1,2302,64,0.4240005314350128,54,0.84375,0.014894800002366537,0.05922313800328993,49208,49238
7,191,1,2303,64,0.39461517333984375,54,0.84375,0.016891638002562104,0.07046769199951086,49208,49238
7,192,1,2304,64,0.5425448417663574,51,0.796875,0.014884983000229113,0.06301730099949054,49208,49238
7,193,1,2305,64,0.443619966506958,55,0.859375,0.01461374800055637,0.06528258400066989,49208,49238
7,194,1,2306,64,0.5480472445487976,48,0.75,0.015531480999925407,0.06290781400093692,49208,49238
7,195,1,2307,64,0.35579854249954224,55,0.859375,0.014824304002104327,0.05889070500052185,49208,49238
7,196,1,2308,64,0.4217456579208374,55,0.859375,0.015775309002492577,0.0629257869986759,49208,49238
7,197,1,2309,64,0.6269365549087524,49,0.765625,0.013999977003550157,0.06485870200049249,49208,49238
7,198,1,2310,64,0.37636372447013855,56,0.875,0.017084638002415886,0.07142808899880038,49208,49238
7,199,1,2311,64,0.44435158371925354,57,0.890625,0.015530464999756077,0.0620124630004284,49208,49238
7,200,1,2312,64,0.3868493437767029,58,0.90625,0.018108749001839897,0.06212044399944716,49208,49238
7,201,1,2313,64,0.5286561250686646,50,0.78125,0.01402138200137415,0.056919143000413897,49208,49238
7,202,1,2314,64,0.29203665256500244,56,0.875,0.01531566699850373,0.06312394499764196,49208,49238
7,203,1,2315,64,0.7071255445480347,48,0.75,0.014103261000855127,0.06136153400075273,49208,49238
7,204,1,2316,64,0.4399964511394501,54,0.84375,0.01683483699525823,0.06058135599960224,49208,49238
7,205,1,2317,64,0.37436240911483765,56,0.875,0.015896660999715095,0.06424268199771177,49208,49238
7,206,1,2318,64,0.4507288336753845,54,0.84375,0.01696396899933461,0.06827428199903807,49208,49238
7,207,1,2319,64,0.3390253782272339,57,0.890625,0.014972970999224344,0.060289436998573365,49208,49238
7,208,1,2320,64,0.5973681807518005,50,0.78125,0.0153089400009776,0.05991852100123651,49208,49238
7,209,1,2321,64,0.3778519332408905,55,0.859375,0.014578459999029292,0.06375104800099507,49208,49238
7,210,1,2322,64,0.2906331717967987,57,0.890625,0.017315856002824148,0.062213902001531096,49208,49238
7,211,1,2323,64,0.4495764672756195,55,0.859375,0.01421912400110159,0.059218762999080354,49208,49238
7,212,1,2324,64,0.5155430436134338,53,0.828125,0.017498721001175,0.06818147499870975,49208,49238
7,213,1,2325,64,0.25647449493408203,60,0.9375,0.01730880299510318,0.06240480700216722,49208,49238
7,214,1,2326,64,0.3566616177558899,55,0.859375,0.015139666000322904,0.06358302899752744,49208,49238
7,215,1,2327,64,0.35728028416633606,58,0.90625,0.015001766001660144,0.06701029000032577,49208,49238
7,216,1,2328,64,0.44479724764823914,55,0.859375,0.015324348998547066,0.06696076200023526,49208,49238
7,217,1,2329,64,0.3727458715438843,55,0.859375,0.016196193995710928,0.07086961100139888,49208,49238
7,218,1,2330,64,0.48882541060447693,52,0.8125,0.014069020002352772,0.06254868699761573,49208,49238
7,219,1,2331,64,0.36432573199272156,56,0.875,0.015067033000377705,0.06079239499740652,49208,49238
7,220,1,2332,64,0.5824945569038391,49,0.765625,0.01566216299761436,0.06281179500001599,49208,49238
7,221,1,2333,64,0.39376991987228394,54,0.84375,0.014798504998907447,0.056611120999150444,49208,49238
7,222,1,2334,64,0.41547733545303345,54,0.84375,0.01802606799537898,0.06109647899938864,49208,49238
7,223,1,2335,64,0.42790138721466064,54,0.84375,0.016153881999343866,0.05969821399776265,49208,49238
7,224,1,2336,64,0.5155901312828064,54,0.84375,0.015565976998914266,0.061632323002413614,49208,49238
7,225,1,2337,64,0.5343214273452759,52,0.8125,0.0153525779969641,0.060282394999376265,49208,49238
7,226,1,2338,64,0.3184986412525177,57,0.890625,0.017510049998236354,0.06033272000058787,49208,49238
7,227,1,2339,64,0.3981967866420746,56,0.875,0.01719449399752193,0.06838425400201231,49208,49238
7,228,1,2340,64,0.3467858135700226,58,0.90625,0.015364879996923264,0.062583998998889,49208,49238
7,229,1,2341,64,0.4390636384487152,51,0.796875,0.01591935000033118,0.05932699700133526,49208,49238
7,230,1,2342,64,0.5812650918960571,50,0.78125,0.014487162003206322,0.061808631999156205,49208,49238
7,231,1,2343,64,0.4476502537727356,53,0.828125,0.017389521999575663,0.06497427000067546,49208,49238
7,232,1,2344,64,0.4635220766067505,55,0.859375,0.014928862001397647,0.061618743999133585,49208,49238
7,233,1,2345,64,0.41654038429260254,53,0.828125,0.015300780003599357,0.058611688000382856,49208,49238
7,234,1,2346,64,0.28995537757873535,58,0.90625,0.013435865999781527,0.056314786001166794,49208,49238
7,235,1,2347,64,0.4964940845966339,55,0.859375,0.01706921799996053,0.06075427800169564,49208,49238
7,236,1,2348,64,0.5655726194381714,50,0.78125,0.016764692998549435,0.0630904779973207,49208,49238
7,237,1,2349,64,0.4991927444934845,51,0.796875,0.018375225001364015,0.06369975100096781,49208,49238
7,238,1,2350,64,0.5123717784881592,52,0.8125,0.01454957900205045,0.06331658900307957,49208,49238
7,239,1,2351,64,0.4331689476966858,54,0.84375,0.014774761999433395,0.06152184499660507,49208,49238
7,240,1,2352,64,0.3465942442417145,55,0.859375,0.014709164999658242,0.06448819700017339,49208,49238
7,241,1,2353,64,0.5227508544921875,54,0.84375,0.016282587999739917,0.06497478800156387,49208,49238
7,242,1,2354,64,0.35273608565330505,56,0.875,0.01534616999924765,0.05856547000075807,49208,49238
7,243,1,2355,64,0.44921815395355225,50,0.78125,0.014011975999892456,0.06235667100190767,49208,49238
7,244,1,2356,64,0.4360666871070862,54,0.84375,0.014353406000736868,0.059850231002201326,49208,49238
7,245,1,2357,64,0.6122887134552002,53,0.828125,0.016384652004489908,0.06949446100043133,49208,49238
7,246,1,2358,64,0.4023995101451874,56,0.875,0.013683324996236479,0.05652625699804048,49208,49238
7,247,1,2359,64,0.40760913491249084,54,0.84375,0.01651269000285538,0.07449961900056223,49208,49238
7,248,1,2360,64,0.30009496212005615,56,0.875,0.015327495999372331,0.06082705899825669,49208,49238
7,249,1,2361,64,0.44117918610572815,51,0.796875,0.01507210699855932,0.06005787799949758,49208,49238
7,250,1,2362,64,0.25918638706207275,59,0.921875,0.015150557996093994,0.060449771997809876,49208,49238
7,251,1,2363,64,0.44918838143348694,54,0.84375,0.0167155660019489,0.06046949299707194,49208,49238
7,252,1,2364,64,0.3404010534286499,55,0.859375,0.015017760997579899,0.058599028998287395,49208,49238
7,253,1,2365,64,0.30857378244400024,57,0.890625,0.01691757300068275,0.06370209799933946,49208,49238
7,254,1,2366,64,0.5262598991394043,52,0.8125,0.016393729998526396,0.06851967799957492,49208,49238
7,255,1,2367,64,0.31932803988456726,58,0.90625,0.014782793998165289,0.057579479998821625,49208,49238
7,256,1,2368,64,0.40948542952537537,55,0.859375,0.014525916998536559,0.05774035699869273,49208,49238
7,257,1,2369,64,0.5982497930526733,49,0.765625,0.01582080500156735,0.05783900800088304,49208,49238
7,258,1,2370,64,0.6062687635421753,52,0.8125,0.01429088799704914,0.06291174099897034,49208,49238
7,259,1,2371,64,0.5145528316497803,51,0.796875,0.01665252699604025,0.06163894500059541,49208,49238
7,260,1,2372,64,0.49612706899642944,52,0.8125,0.015096618000825401,0.05976915400242433,49208,49238
7,261,1,2373,64,0.36336660385131836,58,0.90625,0.01696590099891182,0.05930370400164975,49208,49238
7,262,1,2374,64,0.35440224409103394,53,0.828125,0.014628966997406678,0.062269105001178104,49208,49238
7,263,1,2375,64,0.4424499571323395,53,0.828125,0.01382576400283142,0.0577078239984985,49208,49238
7,264,1,2376,64,0.49200934171676636,55,0.859375,0.014428738999413326,0.059275593997881515,49208,49238
7,265,1,2377,64,0.5180770754814148,53,0.828125,0.017719347997626755,0.0639660279994132,49208,49238
7,266,1,2378,64,0.5388832092285156,50,0.78125,0.014792620000662282,0.06254373200135888,49208,49238
7,267,1,2379,64,0.8186360597610474,47,0.734375,0.014457289002166362,0.05780752999999095,49208,49238
7,268,1,2380,64,0.4327353835105896,54,0.84375,0.01618994599994039,0.06454045300051803,49208,49238
7,269,1,2381,64,0.4487987160682678,52,0.8125,0.014607854001951637,0.05862807999801589,49208,49238
7,270,1,2382,64,0.6459556221961975,51,0.796875,0.014843765002297005,0.06180872899858514,49208,49238
7,271,1,2383,64,0.5399796962738037,52,0.8125,0.016100777000247035,0.06238929800019832,49208,49238
7,272,1,2384,64,0.3802557587623596,59,0.921875,0.014843072000076063,0.057542388000001665,49208,49238
7,273,1,2385,64,0.5706190466880798,50,0.78125,0.017119767999247415,0.05956465300187119,49208,49238
7,274,1,2386,64,0.5841361880302429,51,0.796875,0.017247489999135723,0.0663965969979472,49208,49238
7,275,1,2387,64,0.5384125113487244,52,0.8125,0.014126466998277465,0.05931393100036075,49208,49238
7,276,1,2388,64,0.43270692229270935,51,0.796875,0.0147518769990711,0.05884728200180689,49208,49238
7,277,1,2389,64,0.5014158487319946,53,0.828125,0.014404694000404561,0.05800943199938047,49208,49238
7,278,1,2390,64,0.5883942246437073,49,0.765625,0.017043965999619104,0.06921989599868539,49208,49238
7,279,1,2391,64,0.5145592093467712,51,0.796875,0.014623769002355402,0.05829601699952036,49208,49238
7,280,1,2392,64,0.5252419114112854,58,0.90625,0.01643693599908147,0.05985737400260405,49208,49238
7,281,1,2393,64,0.595969557762146,48,0.75,0.014109256997471675,0.05975150399899576,49208,49238
7,282,1,2394,64,0.37773367762565613,53,0.828125,0.016988609000691213,0.06175189100031275,49208,49238
7,283,1,2395,64,0.6008304953575134,50,0.78125,0.013442634000966791,0.05813445700187003,49208,49238
7,284,1,2396,64,0.4811926484107971,51,0.796875,0.016966981998848496,0.06821776099968702,49208,49238
7,285,1,2397,64,0.5993338823318481,51,0.796875,0.015143382002861472,0.061449233999155695,49208,49238
7,286,1,2398,64,0.3979251980781555,59,0.921875,0.015575698998873122,0.06022413200116716,49208,49238
7,287,1,2399,64,0.41506025195121765,55,0.859375,0.014116436999756843,0.0641939969973464,49208,49238
7,288,1,2400,64,0.426177442073822,53,0.828125,0.01653709399761283,0.06068816200058791,49208,49238
7,289,1,2401,64,0.4764516353607178,54,0.84375,0.014031792001333088,0.0569413839984918,49208,49238
7,290,1,2402,64,0.42713662981987,56,0.875,0.015619396999682067,0.060628333001659485,49208,49238
7,291,1,2403,64,0.6495335102081299,49,0.765625,0.01378803199986578,0.0570537020030315,49208,49238
7,292,1,2404,64,0.569911539554596,51,0.796875,0.013953951001894893,0.060441604000516236,49208,49238
7,293,1,2405,64,0.3926199674606323,56,0.875,0.017116922997956863,0.06439507300092373,49208,49238
7,294,1,2406,64,0.5669535398483276,49,0.765625,0.016464728003484197,0.05957899300119607,49208,49238
7,295,1,2407,64,0.4925612807273865,50,0.78125,0.013360377000935841,0.05724447399916244,49208,49238
7,296,1,2408,64,0.42038416862487793,55,0.859375,0.01391956300358288,0.05873262399836676,49208,49238
7,297,1,2409,64,0.7209768295288086,44,0.6875,0.015633499999239575,0.06184906099952059,49208,49238
7,298,1,2410,64,0.4486294388771057,53,0.828125,0.016709265997633338,0.06171007500233827,49208,49238
7,299,1,2411,64,0.36736157536506653,58,0.90625,0.01456362600220018,0.0612579939988791,49208,49238
7,300,1,2412,64,0.4495994746685028,51,0.796875,0.014679374999104766,0.0618395910023537,49208,49238
7,301,1,2413,64,0.4706355929374695,56,0.875,0.015226055998937227,0.0646602039996651,49208,49238
7,302,1,2414,64,0.6959190368652344,47,0.734375,0.01586663700072677,0.06205884200244327,49208,49238
7,303,1,2415,64,0.4149530231952667,56,0.875,0.0153104050004913,0.06539728300049319,49208,49238
7,304,1,2416,64,0.6613520383834839,51,0.796875,0.014998676997493021,0.06182079700010945,49208,49238
7,305,1,2417,64,0.39682942628860474,54,0.84375,0.014565293000487145,0.05992090099971392,49208,49238
7,306,1,2418,64,0.6049606800079346,50,0.78125,0.013910810001107166,0.06104347500149743,49208,49238
7,307,1,2419,64,0.7559081315994263,46,0.71875,0.01390137000271352,0.06218660299782641,49208,49238
7,308,1,2420,64,0.403414785861969,54,0.84375,0.014666335002402775,0.06148960100108525,49208,49238
7,309,1,2421,64,0.3173932433128357,58,0.90625,0.017227699001523433,0.06037671100057196,49208,49238
7,310,1,2422,64,0.29874151945114136,57,0.890625,0.016079659999377327,0.057656126002257224,49208,49238
7,311,1,2423,64,0.6021661758422852,49,0.765625,0.014983802000642754,0.062284504998388,49208,49238
7,312,1,2424,64,0.46793586015701294,51,0.796875,0.014848040002107155,0.0597634490004566,49208,49238
7,313,1,2425,64,0.6459559202194214,46,0.71875,0.01696267100123805,0.06019023200133233,49208,49238
7,314,1,2426,64,0.2941610813140869,58,0.90625,0.016488940000272123,0.06206335100068827,49208,49238
7,315,1,2427,64,0.3575422465801239,57,0.890625,0.016842531997099286,0.05909857100050431,49208,49238
7,316,1,2428,64,0.3669431805610657,55,0.859375,0.013503565998689737,0.05817081399800372,49208,49238
7,317,1,2429,64,0.5314871072769165,53,0.828125,0.014337881999381352,0.05775055800040718,49208,49238
7,318,1,2430,64,0.4865521490573883,52,0.8125,0.015717833000962855,0.060957214001973625,49208,49238
7,319,1,2431,64,0.4467962384223938,52,0.8125,0.013788865995593369,0.05586002999916673,49208,49238
7,320,1,2432,64,0.4045636057853699,52,0.8125,0.013853380998625653,0.05781436199686141,49208,49238
7,321,1,2433,64,0.5008913278579712,54,0.84375,0.01610469999650377,0.06108039700120571,49208,49238
7,322,1,2434,64,0.35043612122535706,60,0.9375,0.013801072997011943,0.060381906001566676,49208,49238
7,323,1,2435,64,0.7554116249084473,47,0.734375,0.015938837997964583,0.06142965999970329,49208,49238
7,324,1,2436,64,0.624515175819397,49,0.765625,0.022687387998303166,0.06731765299991821,49208,49238
7,325,1,2437,64,0.5338361263275146,50,0.78125,0.014516740997351008,0.06218885799898999,49208,49238
7,326,1,2438,64,0.5405006408691406,52,0.8125,0.013705379999009892,0.06285333000050741,49208,49238
7,327,1,2439,64,0.6576209664344788,50,0.78125,0.014015026998094982,0.05752468300124747,49208,49238
7,328,1,2440,64,0.7424976825714111,47,0.734375,0.01723325600323733,0.060265386000537546,49208,49238
7,329,1,2441,64,0.7796016931533813,47,0.734375,0.014268063998315483,0.06381596100254683,49208,49238
7,330,1,2442,64,0.524915337562561,49,0.765625,0.016748324000218417,0.05919686500055832,49208,49238
7,331,1,2443,64,0.5602708458900452,52,0.8125,0.01687552900330047,0.060266897999099456,49208,49238
7,332,1,2444,64,0.46552956104278564,56,0.875,0.014874375996441813,0.059665695000148844,49208,49238
7,333,1,2445,64,0.4896716773509979,55,0.859375,0.014960518998123007,0.05968427200059523,49208,49238
7,334,1,2446,64,0.3321908116340637,59,0.921875,0.014431781000894262,0.05873016100304085,49208,49238
7,335,1,2447,64,0.42416608333587646,53,0.828125,0.014423238000745187,0.06034600300336024,49208,49238
7,336,1,2448,64,0.3470028042793274,57,0.890625,0.015714694000052987,0.061368757000309415,49208,49238
7,337,1,2449,64,0.4440780580043793,54,0.84375,0.015809772001375677,0.05946942000082345,49208,49238
7,338,1,2450,64,0.47116005420684814,52,0.8125,0.014600763999624178,0.05938777799747186,49208,49238
7,339,1,2451,64,0.5525626540184021,52,0.8125,0.014986698999564396,0.06110941500082845,49208,49238
7,340,1,2452,64,0.4827059507369995,52,0.8125,0.014941694000299321,0.0625323810018017,49208,49238
7,341,1,2453,64,0.4411052465438843,52,0.8125,0.015031497001473326,0.05678180199902272,49208,49238
7,342,1,2454,64,0.2766939401626587,59,0.921875,0.017077320997486822,0.06325708200165536,49208,49238
7,343,1,2455,64,0.7104280591011047,46,0.71875,0.013813680998282507,0.055578102997969836,49208,49238
7,344,1,2456,64,0.537948727607727,51,0.796875,0.01643533799870056,0.06418331199893146,49208,49238
7,345,1,2457,64,0.3215591609477997,56,0.875,0.0151774390033097,0.06024547200286179,49208,49238
7,346,1,2458,64,0.5755754709243774,49,0.765625,0.017636909997236216,0.06089743200209341,49208,49238
7,347,1,2459,64,0.43694883584976196,54,0.84375,0.015776673000800656,0.06697690899818554,49208,49238
7,348,1,2460,64,0.557663083076477,52,0.8125,0.014134114000626141,0.05990922500132001,49208,49238
7,349,1,2461,64,0.5493067502975464,54,0.84375,0.0149059989998932,0.06564205300310277,49208,49238
7,350,1,2462,64,0.49138590693473816,50,0.78125,0.014504143997328356,0.06202917500195326,49208,49238
7,351,1,2463,36,0.794213056564331,30,0.8333333333333334,0.01328831999853719,0.05554121699969983,27703,27733
8,0,1,2464,64,0.2516501247882843,59,0.921875,0.014683529996545985,0.066566817000421,49208,49238
8,1,1,2465,64,0.31024813652038574,55,0.859375,0.018366329997661524,0.06335763099923497,49208,49238
8,2,1,2466,64,0.21087881922721863,61,0.953125,0.015593757998431101,0.06474586100011948,49208,49238
8,3,1,2467,64,0.279409259557724,60,0.9375,0.018679702996450942,0.08608335300232284,49208,49238
8,4,1,2468,64,0.4358087480068207,56,0.875,0.014270028001192259,0.058055491997947684,49208,49238
8,5,1,2469,64,0.2335839569568634,62,0.96875,0.013406794005277334,0.06214456299858284,49208,49238
8,6,1,2470,64,0.24846121668815613,60,0.9375,0.01577216700388817,0.0643413830002828,49208,49238
8,7,1,2471,64,0.303769052028656,60,0.9375,0.014780345998588018,0.06460254800185794,49208,49238
8,8,1,2472,64,0.2595769762992859,59,0.921875,0.014568870999937644,0.07499670899778721,49208,49238
8,9,1,2473,64,0.2982434034347534,59,0.921875,0.015422656000737334,0.06276771600096254,49208,49238
8,10,1,2474,64,0.3473438322544098,56,0.875,0.015420616000483278,0.06944785299856449,49208,49238
8,11,1,2475,64,0.30158013105392456,59,0.921875,0.01829255399934482,0.06718059700142476,49208,49238
8,12,1,2476,64,0.21836118400096893,59,0.921875,0.018126339000446023,0.06630277600197587,49208,49238
8,13,1,2477,64,0.2833932042121887,58,0.90625,0.014161664996208856,0.06424926599720493,49208,49238
8,14,1,2478,64,0.4205983281135559,55,0.859375,0.028094245000829687,0.07409641500271391,49208,49238
8,15,1,2479,64,0.30831170082092285,56,0.875,0.017053861000022152,0.06773846600117395,49208,49238
8,16,1,2480,64,0.20431870222091675,61,0.953125,0.020995309998397715,0.08836350199999288,49208,49238
8,17,1,2481,64,0.48609453439712524,51,0.796875,0.016445604000182357,0.06618562000221573,49208,49238
8,18,1,2482,64,0.22765395045280457,59,0.921875,0.01584658900173963,0.06593991999761784,49208,49238
8,19,1,2483,64,0.23672279715538025,61,0.953125,0.01849479600059567,0.07506620699859923,49208,49238
8,20,1,2484,64,0.15970009565353394,61,0.953125,0.014863537999190157,0.07254346899935626,49208,49238
8,21,1,2485,64,0.22703169286251068,61,0.953125,0.019247526000981452,0.07477940100216074,49208,49238
8,22,1,2486,64,0.30048227310180664,60,0.9375,0.01492290799797047,0.06253437299892539,49208,49238
8,23,1,2487,64,0.20018687844276428,60,0.9375,0.0156263740027498,0.07250681299774442,49208,49238
8,24,1,2488,64,0.3934880495071411,57,0.890625,0.015365785995527403,0.06264182200175128,49208,49238
8,25,1,2489,64,0.262084424495697,58,0.90625,0.015670874003262725,0.07764792000307352,49208,49238
8,26,1,2490,64,0.2924140393733978,60,0.9375,0.014992972999607446,0.07141070399666205,49208,49238
8,27,1,2491,64,0.30277615785598755,60,0.9375,0.015449761998752365,0.06835230000069714,49208,49238
8,28,1,2492,64,0.25018250942230225,62,0.96875,0.015244777001498733,0.07024314199952642,49208,49238
8,29,1,2493,64,0.2938931882381439,59,0.921875,0.016749073001847137,0.06390890599868726,49208,49238
8,30,1,2494,64,0.3103131949901581,57,0.890625,0.01826767799866502,0.06332806299906224,49208,49238
8,31,1,2495,64,0.41158926486968994,55,0.859375,0.014820704000158003,0.06518710900127189,49208,49238
8,32,1,2496,64,0.22698824107646942,58,0.90625,0.015592185998684727,0.07111602700024378,49208,49238
8,33,1,2497,64,0.32096731662750244,56,0.875,0.015351679998275358,0.06895031999738421,49208,49238
8,34,1,2498,64,0.2943184971809387,56,0.875,0.018447835002007196,0.06880089600235806,49208,49238
8,35,1,2499,64,0.45698273181915283,52,0.8125,0.017792640999687137,0.07172949199957657,49208,49238
8,36,1,2500,64,0.17528292536735535,59,0.921875,0.015578729999106145,0.07385014699684689,49208,49238
8,37,1,2501,64,0.24527306854724884,60,0.9375,0.015433768996444996,0.06394785000156844,49208,49238
8,38,1,2502,64,0.5024454593658447,54,0.84375,0.017205542000738205,0.06705339200198068,49208,49238
8,39,1,2503,64,0.37010353803634644,56,0.875,0.015305749999242835,0.08048934699763777,49208,49238
8,40,1,2504,64,0.27953892946243286,59,0.921875,0.01494395500048995,0.07304711200049496,49208,49238
8,41,1,2505,64,0.2560340166091919,59,0.921875,0.01601209499858669,0.07306815100309905,49208,49238
8,42,1,2506,64,0.2563078701496124,60,0.9375,0.015379471002233913,0.07534443700205884,49208,49238
8,43,1,2507,64,0.3213728666305542,56,0.875,0.015197962999081938,0.0775116100012383,49208,49238
8,44,1,2508,64,0.1688207983970642,60,0.9375,0.018437995000567753,0.07314544200198725,49208,49238
8,45,1,2509,64,0.3653809428215027,55,0.859375,0.014027018001797842,0.06945746000201325,49208,49238
8,46,1,2510,64,0.16469800472259521,63,0.984375,0.014749113001016667,0.06914095500178519,49208,49238
8,47,1,2511,64,0.2074134349822998,62,0.96875,0.015095550999831175,0.07188033200145583,49208,49238
8,48,1,2512,64,0.36499908566474915,57,0.890625,0.014451082995947218,0.06711184600135311,49208,49238
8,49,1,2513,64,0.2466305047273636,59,0.921875,0.015176727996731643,0.06918283800041536,49208,49238
8,50,1,2514,64,0.31664222478866577,56,0.875,0.015191585996944923,0.07397786300134612,49208,49238
8,51,1,2515,64,0.2599901556968689,59,0.921875,0.017151113999716472,0.07178990099782823,49208,49238
8,52,1,2516,64,0.3904188275337219,57,0.890625,0.014730426002643071,0.06996912199974759,49208,49238
8,53,1,2517,64,0.26957622170448303,58,0.90625,0.016346720996807562,0.06762175399853732,49208,49238
8,54,1,2518,64,0.2785208523273468,58,0.90625,0.015600509999785572,0.07190506500046467,49208,49238
8,55,1,2519,64,0.2582131326198578,57,0.890625,0.016328936002537375,0.07151543300278718,49208,49238
8,56,1,2520,64,0.33141499757766724,52,0.8125,0.014515676000883104,0.06685593300062465,49208,49238
8,57,1,2521,64,0.4386273920536041,52,0.8125,0.014491729998553637,0.06633495300047798,49208,49238
8,58,1,2522,64,0.3041842579841614,59,0.921875,0.015715291003289167,0.0699558230007824,49208,49238
8,59,1,2523,64,0.3332197070121765,55,0.859375,0.014945858998544281,0.07163645399850793,49208,49238
8,60,1,2524,64,0.4411047101020813,54,0.84375,0.017039510996255558,0.06999793199793203,49208,49238
8,61,1,2525,64,0.3171063959598541,59,0.921875,0.01431381899965345,0.07315024099807488,49208,49238
8,62,1,2526,64,0.3989744186401367,58,0.90625,0.01426909799920395,0.06828826099808794,49208,49238
8,63,1,2527,64,0.2747839689254761,57,0.890625,0.014901627000654116,0.05567248999795993,49208,49238
8,64,1,2528,64,0.3990631103515625,53,0.828125,0.01721664199794759,0.06871286100067664,49208,49238
8,65,1,2529,64,0.24144232273101807,60,0.9375,0.0156896520020382,0.057951095997850643,49208,49238
8,66,1,2530,64,0.20026955008506775,64,1.0,0.014839188999758335,0.062416992001089966,49208,49238
8,67,1,2531,64,0.23391704261302948,59,0.921875,0.01343574799830094,0.05649596100192866,49208,49238
8,68,1,2532,64,0.17980828881263733,60,0.9375,0.013942992001830135,0.06362249299854739,49208,49238
8,69,1,2533,64,0.40080928802490234,55,0.859375,0.013293006999447243,0.05839189199832617,49208,49238
8,70,1,2534,64,0.28675156831741333,57,0.890625,0.017048198002157733,0.05806867900173529,49208,49238
8,71,1,2535,64,0.3355865776538849,58,0.90625,0.016172234998521162,0.06322086499858415,49208,49238
8,72,1,2536,64,0.2388913929462433,61,0.953125,0.015631400998245226,0.06305386399981217,49208,49238
8,73,1,2537,64,0.4657958149909973,50,0.78125,0.019294019999506418,0.06891105300019262,49208,49238
8,74,1,2538,64,0.17521898448467255,60,0.9375,0.013557831996877212,0.05537025800003903,49208,49238
8,75,1,2539,64,0.2768774628639221,60,0.9375,0.015023015996121103,0.05912968399934471,49208,49238
8,76,1,2540,64,0.26463598012924194,58,0.90625,0.01714224799798103,0.06025449499793467,49208,49238
8,77,1,2541,64,0.38489606976509094,53,0.828125,0.017174366999824997,0.06894724599987967,49208,49238
8,78,1,2542,64,0.36217767000198364,54,0.84375,0.016871933999937028,0.06373390799853951,49208,49238
8,79,1,2543,64,0.37654995918273926,51,0.796875,0.015848391001782147,0.06419045700022252,49208,49238
8,80,1,2544,64,0.19031000137329102,60,0.9375,0.013939313004811993,0.056776543002342805,49208,49238
8,81,1,2545,64,0.40267056226730347,56,0.875,0.016127816998050548,0.05935174700061907,49208,49238
8,82,1,2546,64,0.270207017660141,59,0.921875,0.014567479000106687,0.05801710599916987,49208,49238
8,83,1,2547,64,0.4296494722366333,54,0.84375,0.014041189999261405,0.056973468002979644,49208,49238
8,84,1,2548,64,0.33034127950668335,58,0.90625,0.01415193900174927,0.0641847709994181,49208,49238
8,85,1,2549,64,0.3670322299003601,55,0.859375,0.01760119000027771,0.0668830960021296,49208,49238
8,86,1,2550,64,0.14219079911708832,61,0.953125,0.014400719999684952,0.05955867099692114,49208,49238
8,87,1,2551,64,0.401350736618042,57,0.890625,0.017846522001491394,0.06322148899926106,49208,49238
8,88,1,2552,64,0.2640392780303955,57,0.890625,0.015313875999709126,0.05746525900030974,49208,49238
8,89,1,2553,64,0.27387815713882446,57,0.890625,0.014288712001871318,0.06098209799893084,49208,49238
8,90,1,2554,64,0.13252362608909607,62,0.96875,0.01507600499826367,0.06600263099971926,49208,49238
8,91,1,2555,64,0.3545880913734436,55,0.859375,0.015728623999166302,0.05828043799920124,49208,49238
8,92,1,2556,64,0.3137936294078827,58,0.90625,0.01625787400189438,0.060462735000328394,49208,49238
8,93,1,2557,64,0.25128790736198425,60,0.9375,0.01540920799743617,0.061644396999327,49208,49238
8,94,1,2558,64,0.3811852037906647,55,0.859375,0.016790117999335052,0.06573015699905227,49208,49238
8,95,1,2559,64,0.36433181166648865,51,0.796875,0.01631454299786128,0.0657347660016967,49208,49238
8,96,1,2560,64,0.3592503070831299,54,0.84375,0.015651568002795102,0.06436025200309814,49208,49238
8,97,1,2561,64,0.23909100890159607,58,0.90625,0.014249727999413153,0.06217094099702081,49208,49238
8,98,1,2562,64,0.32364484667778015,55,0.859375,0.017647436001425376,0.065357027000573,49208,49238
8,99,1,2563,64,0.3863302171230316,55,0.859375,0.01558290199682233,0.05681476400059182,49208,49238
8,100,1,2564,64,0.4567182660102844,53,0.828125,0.016182117997232126,0.060267303000728134,49208,49238
8,101,1,2565,64,0.35210567712783813,55,0.859375,0.014355124003486708,0.05964775900065433,49208,49238
8,102,1,2566,64,0.2926868200302124,56,0.875,0.014991051000833977,0.06583303699881071,49208,49238
8,103,1,2567,64,0.23151376843452454,61,0.953125,0.015204197996354196,0.06031366299794172,49208,49238
8,104,1,2568,64,0.2611982524394989,60,0.9375,0.017015824996633455,0.06390841399843339,49208,49238
8,105,1,2569,64,0.2550053000450134,57,0.890625,0.015348082000855356,0.058864357000857126,49208,49238
8,106,1,2570,64,0.32290467619895935,59,0.921875,0.015447771998879034,0.06276943099874188,49208,49238
8,107,1,2571,64,0.37051188945770264,58,0.90625,0.014309651000075974,0.06384619699747418,49208,49238
8,108,1,2572,64,0.22117158770561218,58,0.90625,0.013835179001034703,0.05502033499942627,49208,49238
8,109,1,2573,64,0.21140435338020325,61,0.953125,0.016582253996602958,0.06570657900010701,49208,49238
8,110,1,2574,64,0.3195852041244507,55,0.859375,0.01501581499906024,0.06264406099944608,49208,49238
8,111,1,2575,64,0.20318256318569183,61,0.953125,0.015906832999462495,0.06327564700040966,49208,49238
8,112,1,2576,64,0.20920330286026,58,0.90625,0.01443856500191032,0.06243816500136745,49208,49238
8,113,1,2577,64,0.4239756464958191,57,0.890625,0.014926959000149509,0.06350144799944246,49208,49238
8,114,1,2578,64,0.37920430302619934,55,0.859375,0.014548063998518046,0.06287056300061522,49208,49238
8,115,1,2579,64,0.24302729964256287,59,0.921875,0.014203872000507545,0.06096608900043066,49208,49238
8,116,1,2580,64,0.3597416877746582,52,0.8125,0.01550506900093751,0.061370807998173404,49208,49238
8,117,1,2581,64,0.29324114322662354,60,0.9375,0.013634334001835668,0.07351212699722964,49208,49238
8,118,1,2582,64,0.2569465637207031,57,0.890625,0.014862952997646062,0.06489217000125791,49208,49238
8,119,1,2583,64,0.3478594422340393,57,0.890625,0.01466080200043507,0.06260675500016077,49208,49238
8,120,1,2584,64,0.4508563280105591,51,0.796875,0.014150456998322625,0.06230933400001959,49208,49238
8,121,1,2585,64,0.41935840249061584,56,0.875,0.015912435999780428,0.06577278699842282,49208,49238
8,122,1,2586,64,0.16780486702919006,63,0.984375,0.015433385997312143,0.06310000399753335,49208,49238
8,123,1,2587,64,0.320435494184494,55,0.859375,0.017088611002691323,0.07354930799920112,49208,49238
8,124,1,2588,64,0.30957746505737305,56,0.875,0.016868131002411246,0.06375526899864781,49208,49238
8,125,1,2589,64,0.35547757148742676,53,0.828125,0.016354727998987073,0.06377681600133656,49208,49238
8,126,1,2590,64,0.3313923478126526,56,0.875,0.0153201139983139,0.06221748700045282,49208,49238
8,127,1,2591,64,0.3850557804107666,56,0.875,0.014291812996816589,0.06781554700137349,49208,49238
8,128,1,2592,64,0.4191075563430786,58,0.90625,0.017125964997831034,0.07110927900066599,49208,49238
8,129,1,2593,64,0.2764952480792999,56,0.875,0.014740066999365808,0.06601960899934056,49208,49238
8,130,1,2594,64,0.3169405162334442,55,0.859375,0.017789768000511685,0.06274606000079075,49208,49238
8,131,1,2595,64,0.22922126948833466,59,0.921875,0.016112879995489493,0.06778601899713976,49208,49238
8,132,1,2596,64,0.2417391836643219,62,0.96875,0.017774454998289002,0.0685980140005995,49208,49238
8,133,1,2597,64,0.38049525022506714,55,0.859375,0.014649573997303378,0.06294257099943934,49208,49238
8,134,1,2598,64,0.2497739940881729,57,0.890625,0.01610105599684175,0.06494459299938171,49208,49238
8,135,1,2599,64,0.390431672334671,55,0.859375,0.014236261002224637,0.06591771400053403,49208,49238
8,136,1,2600,64,0.44909489154815674,55,0.859375,0.0166370930019184,0.06522131399833597,49208,49238
8,137,1,2601,64,0.29204261302948,58,0.90625,0.01650014100232511,0.06352071099900058,49208,49238
8,138,1,2602,64,0.3228616714477539,56,0.875,0.014762978000362637,0.0618895120023808,49208,49238
8,139,1,2603,64,0.29757457971572876,57,0.890625,0.015581686002406059,0.0667424259991094,49208,49238
8,140,1,2604,64,0.28403064608573914,58,0.90625,0.015351149999332847,0.0639694059973408,49208,49238
8,141,1,2605,64,0.2170436829328537,58,0.90625,0.013616553998872405,0.06510328799777199,49208,49238
8,142,1,2606,64,0.44025343656539917,56,0.875,0.01591817699954845,0.06388048299777438,49208,49238
8,143,1,2607,64,0.446388840675354,55,0.859375,0.014111518001300283,0.06252798900095513,49208,49238
8,144,1,2608,64,0.29515448212623596,56,0.875,0.01636898699507583,0.06031234699912602,49208,49238
8,145,1,2609,64,0.314267098903656,57,0.890625,0.0172144419993856,0.06472853500235942,49208,49238
8,146,1,2610,64,0.2921190857887268,56,0.875,0.014167146997351665,0.06237525899996399,49208,49238
8,147,1,2611,64,0.3274715542793274,58,0.90625,0.015294875000108732,0.06442962199798785,49208,49238
8,148,1,2612,64,0.2403545379638672,58,0.90625,0.01661006699578138,0.06253819500125246,49208,49238
8,149,1,2613,64,0.33030813932418823,57,0.890625,0.013563095999415964,0.06616788500105031,49208,49238
8,150,1,2614,64,0.3124833106994629,56,0.875,0.01704984699972556,0.0668093599997519,49208,49238
8,151,1,2615,64,0.464680552482605,53,0.828125,0.017845448997832136,0.07207924300018931,49208,49238
8,152,1,2616,64,0.18100795149803162,61,0.953125,0.014083826998103177,0.058676296001067385,49208,49238
8,153,1,2617,64,0.33557945489883423,56,0.875,0.014502898000500863,0.05948249400171335,49208,49238
8,154,1,2618,64,0.17462851107120514,61,0.953125,0.015478630000870908,0.06014049800069188,49208,49238
8,155,1,2619,64,0.3160037100315094,58,0.90625,0.01688615899911383,0.07207442900107708,49208,49238
8,156,1,2620,64,0.3580787777900696,52,0.8125,0.01408993099903455,0.059651315001246985,49208,49238
8,157,1,2621,64,0.32586920261383057,58,0.90625,0.014702694996231003,0.06143429099756759,49208,49238
8,158,1,2622,64,0.3319171965122223,58,0.90625,0.014963039000576828,0.06172501400214969,49208,49238
8,159,1,2623,64,0.40584731101989746,53,0.828125,0.014073282000026666,0.06247771400012425,49208,49238
8,160,1,2624,64,0.29179808497428894,59,0.921875,0.016988246999972034,0.06238703800045187,49208,49238
8,161,1,2625,64,0.4149782061576843,55,0.859375,0.018057935001706937,0.0674022170023818,49208,49238
8,162,1,2626,64,0.2978982925415039,58,0.90625,0.015365312996436842,0.06076719100019545,49208,49238
8,163,1,2627,64,0.353016197681427,57,0.890625,0.017062622999219457,0.06335487500109593,49208,49238
8,164,1,2628,64,0.5349770188331604,52,0.8125,0.016507611999259098,0.0626352070030407,49208,49238
8,165,1,2629,64,0.323974609375,59,0.921875,0.01624648500364856,0.07156039899928146,49208,49238
8,166,1,2630,64,0.2937021553516388,59,0.921875,0.016117658000439405,0.061067754999385215,49208,49238
8,167,1,2631,64,0.3164706826210022,58,0.90625,0.014240243999665836,0.059380811002483824,49208,49238
8,168,1,2632,64,0.3144553303718567,56,0.875,0.016308296002534917,0.06438241899741115,49208,49238
8,169,1,2633,64,0.37596917152404785,54,0.84375,0.016608133999397978,0.059902136999880895,49208,49238
8,170,1,2634,64,0.27536046504974365,58,0.90625,0.014133634998870548,0.058973074999812525,49208,49238
8,171,1,2635,64,0.22734534740447998,59,0.921875,0.01668672699815943,0.05927307099773316,49208,49238
8,172,1,2636,64,0.4375111162662506,52,0.8125,0.013692246000573505,0.05989435399897047,49208,49238
8,173,1,2637,64,0.20284712314605713,60,0.9375,0.013481338002748089,0.05991796699890983,49208,49238
8,174,1,2638,64,0.3260789215564728,56,0.875,0.014979003000917146,0.060234835000301246,49208,49238
8,175,1,2639,64,0.4243272542953491,54,0.84375,0.014408180002646986,0.0692606020020321,49208,49238
8,176,1,2640,64,0.28123611211776733,56,0.875,0.014014925000083167,0.060430091001762776,49208,49238
8,177,1,2641,64,0.25886625051498413,59,0.921875,0.014564693003194407,0.06419431399990572,49208,49238
8,178,1,2642,64,0.4155639410018921,52,0.8125,0.014142534000711748,0.06004993399983505,49208,49238
8,179,1,2643,64,0.4140610098838806,58,0.90625,0.014348905999213457,0.06214376199932303,49208,49238
8,180,1,2644,64,0.2894076406955719,55,0.859375,0.014152079002087703,0.059932223997748224,49208,49238
8,181,1,2645,64,0.22781997919082642,60,0.9375,0.01577841499602073,0.0634522759974061,49208,49238
8,182,1,2646,64,0.34293898940086365,58,0.90625,0.01721181299944874,0.07092175999787287,49208,49238
8,183,1,2647,64,0.3302086591720581,56,0.875,0.013976723999803653,0.06075182199856499,49208,49238
8,184,1,2648,64,0.28148555755615234,59,0.921875,0.014811715001997072,0.05941044000064721,49208,49238
8,185,1,2649,64,0.43257996439933777,52,0.8125,0.01807110899608233,0.06310828799905721,49208,49238
8,186,1,2650,64,0.38769036531448364,55,0.859375,0.013866639998013852,0.06485734099987894,49208,49238
8,187,1,2651,64,0.3389081060886383,59,0.921875,0.014159021997329546,0.061509915998612996,49208,49238
8,188,1,2652,64,0.2835630774497986,59,0.921875,0.01391918100125622,0.06470059499770286,49208,49238
8,189,1,2653,64,0.38078951835632324,56,0.875,0.01372841000193148,0.05840562199955457,49208,49238
8,190,1,2654,64,0.3600905239582062,54,0.84375,0.015188623998255935,0.06256566599768121,49208,49238
8,191,1,2655,64,0.4399309456348419,52,0.8125,0.014155467997625237,0.061582311001984635,49208,49238
8,192,1,2656,64,0.30058297514915466,57,0.890625,0.013539603001845535,0.06241443999897456,49208,49238
8,193,1,2657,64,0.16064421832561493,62,0.96875,0.014342783997562947,0.06141351399855921,49208,49238
8,194,1,2658,64,0.28784725069999695,57,0.890625,0.015083197002240922,0.06491833199834218,49208,49238
8,195,1,2659,64,0.2673894464969635,58,0.90625,0.0166842180005915,0.06626145900008851,49208,49238
8,196,1,2660,64,0.4800710082054138,51,0.796875,0.01608562600085861,0.06231921699873055,49208,49238
8,197,1,2661,64,0.3072376549243927,59,0.921875,0.013968653001938947,0.05740554600197356,49208,49238
8,198,1,2662,64,0.34071084856987,58,0.90625,0.015430924002430402,0.06211776700001792,49208,49238
8,199,1,2663,64,0.2866794764995575,58,0.90625,0.014050145004148362,0.06086606100143399,49208,49238
8,200,1,2664,64,0.40589866042137146,57,0.890625,0.017206420001457445,0.0677545110011124,49208,49238
8,201,1,2665,64,0.2784804701805115,58,0.90625,0.01391441899977508,0.05925358199965558,49208,49238
8,202,1,2666,64,0.3014358580112457,57,0.890625,0.017397409999830415,0.061618649000592995,49208,49238
8,203,1,2667,64,0.4180941581726074,55,0.859375,0.014648876003775513,0.05922446800104808,49208,49238
8,204,1,2668,64,0.2631584405899048,56,0.875,0.013900240999646485,0.058592626999597996,49208,49238
8,205,1,2669,64,0.37936365604400635,54,0.84375,0.013825242000166327,0.06110660200283746,49208,49238
8,206,1,2670,64,0.2924039661884308,54,0.84375,0.014869396996800788,0.059275976000208175,49208,49238
8,207,1,2671,64,0.2443966120481491,60,0.9375,0.014342208996822592,0.06418081399897346,49208,49238
8,208,1,2672,64,0.38720351457595825,54,0.84375,0.01448648299992783,0.06389650200071628,49208,49238
8,209,1,2673,64,0.2954958975315094,55,0.859375,0.014360594999743626,0.05938189500011504,49208,49238
8,210,1,2674,64,0.28048548102378845,59,0.921875,0.01669481499993708,0.0624363019996963,49208,49238
8,211,1,2675,64,0.31806516647338867,56,0.875,0.014412580003408948,0.06292946200119331,49208,49238
8,212,1,2676,64,0.3694480359554291,55,0.859375,0.014049965000594966,0.06140704899735283,49208,49238
8,213,1,2677,64,0.3120931088924408,58,0.90625,0.014278066995757399,0.06476006999946549,49208,49238
8,214,1,2678,64,0.25511085987091064,57,0.890625,0.015461518996744417,0.0611203620028391,49208,49238
8,215,1,2679,64,0.24343305826187134,61,0.953125,0.014406516002054559,0.0647480940024252,49208,49238
8,216,1,2680,64,0.22753068804740906,58,0.90625,0.013972029002616182,0.06010531500214711,49208,49238
8,217,1,2681,64,0.44387245178222656,51,0.796875,0.014878234000207158,0.06060708999939379,49208,49238
8,218,1,2682,64,0.3830709755420685,56,0.875,0.014182898001308786,0.05933328299943241,49208,49238
8,219,1,2683,64,0.316768079996109,55,0.859375,0.013634092996653635,0.06023606399685377,49208,49238
8,220,1,2684,64,0.4272168278694153,53,0.828125,0.013794195998343639,0.06992089500272414,49208,49238
8,221,1,2685,64,0.24249103665351868,60,0.9375,0.0170602640027937,0.06142643299972406,49208,49238
8,222,1,2686,64,0.3024248480796814,56,0.875,0.015470284997718409,0.06822945599924424,49208,49238
8,223,1,2687,64,0.5076051354408264,52,0.8125,0.014215031002095202,0.05758994099960546,49208,49238
8,224,1,2688,64,0.49957212805747986,51,0.796875,0.013971619999210816,0.06606467200253974,49208,49238
8,225,1,2689,64,0.46700340509414673,52,0.8125,0.014220125998690492,0.06774562899954617,49208,49238
8,226,1,2690,64,0.33936020731925964,56,0.875,0.01671438700213912,0.061546658998850035,49208,49238
8,227,1,2691,64,0.30853039026260376,60,0.9375,0.013983431999804452,0.06639385699963896,49208,49238
8,228,1,2692,64,0.41511285305023193,54,0.84375,0.01469998899847269,0.06499891499697696,49208,49238
8,229,1,2693,64,0.3432372212409973,59,0.921875,0.014212388996384107,0.06782646999999997,49208,49238
8,230,1,2694,64,0.354251503944397,55,0.859375,0.014214064998668619,0.05918120199930854,49208,49238
8,231,1,2695,64,0.3224993944168091,57,0.890625,0.01666914099769201,0.06701509800041094,49208,49238
8,232,1,2696,64,0.46104490756988525,50,0.78125,0.015685633003158728,0.06078917600098066,49208,49238
8,233,1,2697,64,0.36782562732696533,56,0.875,0.014726891000464093,0.06336821500008227,49208,49238
8,234,1,2698,64,0.37194788455963135,54,0.84375,0.015133537002839148,0.06006864799928735,49208,49238
8,235,1,2699,64,0.2068735510110855,59,0.921875,0.017004704004648374,0.06557644900021842,49208,49238
8,236,1,2700,64,0.22688411176204681,59,0.921875,0.01541976800217526,0.06060575900119147,49208,49238
8,237,1,2701,64,0.38708415627479553,57,0.890625,0.017371390997141134,0.06644790700011072,49208,49238
8,238,1,2702,64,0.3221387565135956,58,0.90625,0.016237510997598292,0.06028850499933469,49208,49238
8,239,1,2703,64,0.32859888672828674,56,0.875,0.015253536999807693,0.0595458919997327,49208,49238
8,240,1,2704,64,0.29884254932403564,56,0.875,0.013788958996883593,0.057322420998389134,49208,49238
8,241,1,2705,64,0.27671152353286743,57,0.890625,0.017412379002053058,0.062148123997758375,49208,49238
8,242,1,2706,64,0.2222781479358673,59,0.921875,0.01604840499931015,0.05992363499899511,49208,49238
8,243,1,2707,64,0.4716373085975647,52,0.8125,0.015412778997415444,0.06120187399938004,49208,49238
8,244,1,2708,64,0.3759220838546753,56,0.875,0.01586955200036755,0.06389359899912961,49208,49238
8,245,1,2709,64,0.3542020916938782,55,0.859375,0.014633844002673868,0.06516731699957745,49208,49238
8,246,1,2710,64,0.15172070264816284,61,0.953125,0.014069236003706465,0.061365303001366556,49208,49238
8,247,1,2711,64,0.3978153467178345,55,0.859375,0.016522736001206795,0.06199110399757046,49208,49238
8,248,1,2712,64,0.6277414560317993,52,0.8125,0.01728781500059995,0.07323835799979861,49208,49238
8,249,1,2713,64,0.5682950019836426,47,0.734375,0.014729526999872178,0.061467723000532715,49208,49238
8,250,1,2714,64,0.4241509437561035,56,0.875,0.015287200003513135,0.06061283800227102,49208,49238
8,251,1,2715,64,0.409771203994751,57,0.890625,0.016738594000344165,0.06386060400109272,49208,49238
8,252,1,2716,64,0.4497069716453552,54,0.84375,0.01741744599712547,0.06415122600083123,49208,49238
8,253,1,2717,64,0.4418071508407593,51,0.796875,0.017225169998710044,0.06656343299982836,49208,49238
8,254,1,2718,64,0.3627268075942993,58,0.90625,0.016845255999214714,0.06116757099880488,49208,49238
8,255,1,2719,64,0.5505028367042542,51,0.796875,0.015823453999473713,0.06159008599934168,49208,49238
8,256,1,2720,64,0.45075124502182007,53,0.828125,0.016808836997370236,0.06139575899942429,49208,49238
8,257,1,2721,64,0.4001113176345825,55,0.859375,0.014115022000623867,0.062496619000739884,49208,49238
8,258,1,2722,64,0.5573112368583679,52,0.8125,0.01490604599530343,0.06058098599896766,49208,49238
8,259,1,2723,64,0.500449538230896,55,0.859375,0.01617111299856333,0.061175304999778746,49208,49238
8,260,1,2724,64,0.574681282043457,48,0.75,0.014154332002362935,0.06138576600278611,49208,49238
8,261,1,2725,64,0.468417763710022,51,0.796875,0.015522713998507243,0.0708418559988786,49208,49238
8,262,1,2726,64,0.44595250487327576,54,0.84375,0.01584046300195041,0.06407155399938347,49208,49238
8,263,1,2727,64,0.3776087760925293,55,0.859375,0.015294182001525769,0.061070961000950774,49208,49238
8,264,1,2728,64,0.45446133613586426,55,0.859375,0.017671649999101646,0.0640055760013638,49208,49238
8,265,1,2729,64,0.287223756313324,56,0.875,0.015010410999821033,0.058108164001168916,49208,49238
8,266,1,2730,64,0.4655833840370178,54,0.84375,0.01716909199967631,0.06457083699933719,49208,49238
8,267,1,2731,64,0.3474584221839905,55,0.859375,0.014458215995546198,0.060423853999964194,49208,49238
8,268,1,2732,64,0.307098388671875,58,0.90625,0.01695880599800148,0.06478953399710008,49208,49238
8,269,1,2733,64,0.33977383375167847,59,0.921875,0.017342993000056595,0.06675411100150086,49208,49238
8,270,1,2734,64,0.4601074457168579,53,0.828125,0.0139879930029565,0.06830657000318752,49208,49238
8,271,1,2735,64,0.27775412797927856,56,0.875,0.015574445998936426,0.06523412599926814,49208,49238
8,272,1,2736,64,0.34247124195098877,54,0.84375,0.013599701997009106,0.05986508099886123,49208,49238
8,273,1,2737,64,0.23223960399627686,58,0.90625,0.017614709999179468,0.062191465000069,49208,49238
8,274,1,2738,64,0.3797597289085388,54,0.84375,0.01566557100159116,0.07791986300071585,49208,49238
8,275,1,2739,64,0.47476568818092346,54,0.84375,0.014519993001158582,0.058335442998213693,49208,49238
8,276,1,2740,64,0.49276530742645264,51,0.796875,0.01473659000112093,0.06218895900019561,49208,49238
8,277,1,2741,64,0.2555385231971741,58,0.90625,0.014428982998651918,0.06812292099857586,49208,49238
8,278,1,2742,64,0.393174946308136,57,0.890625,0.016313886004354572,0.06669699999838485,49208,49238
8,279,1,2743,64,0.2962924838066101,57,0.890625,0.016247157000179868,0.06728220299919485,49208,49238
8,280,1,2744,64,0.38354045152664185,58,0.90625,0.017246299001271836,0.06689977800124325,49208,49238
8,281,1,2745,64,0.2821260094642639,58,0.90625,0.013899004996346775,0.060005298000760376,49208,49238
8,282,1,2746,64,0.41321688890457153,55,0.859375,0.01709108599970932,0.06731675700211781,49208,49238
8,283,1,2747,64,0.29527246952056885,56,0.875,0.01716096499876585,0.06330206599886878,49208,49238
8,284,1,2748,64,0.27601876854896545,58,0.90625,0.016977106002741493,0.06062267299785162,49208,49238
8,285,1,2749,64,0.4040525257587433,55,0.859375,0.015476771000976441,0.07016596000175923,49208,49238
8,286,1,2750,64,0.22729472815990448,60,0.9375,0.015408784995088354,0.0645025110025017,49208,49238
8,287,1,2751,64,0.32147276401519775,55,0.859375,0.02130894900255953,0.07507865600200603,49208,49238
8,288,1,2752,64,0.26584628224372864,60,0.9375,0.017275848000281258,0.06373355899995659,49208,49238
8,289,1,2753,64,0.22311154007911682,60,0.9375,0.014346230003866367,0.06586486200103536,49208,49238
8,290,1,2754,64,0.27274149656295776,59,0.921875,0.014396598999155685,0.058828609999181936,49208,49238
8,291,1,2755,64,0.3393245339393616,56,0.875,0.015413588000228629,0.06323209000038332,49208,49238
8,292,1,2756,64,0.3066754937171936,57,0.890625,0.015038139001262607,0.05825856599767576,49208,49238
8,293,1,2757,64,0.2618640065193176,59,0.921875,0.01687868200315279,0.06554097900152556,49208,49238
8,294,1,2758,64,0.2911614775657654,57,0.890625,0.014819614996667951,0.06453949399656267,49208,49238
8,295,1,2759,64,0.1994495689868927,59,0.921875,0.016988405001029605,0.06974786300270353,49208,49238
8,296,1,2760,64,0.19967976212501526,60,0.9375,0.01471210400268319,0.06203376900157309,49208,49238
8,297,1,2761,64,0.3578161895275116,59,0.921875,0.015989813997293822,0.06433850100074778,49208,49238
8,298,1,2762,64,0.2461032122373581,59,0.921875,0.016005236997443717,0.06265550299940514,49208,49238
8,299,1,2763,64,0.30169034004211426,58,0.90625,0.017488265002612025,0.07043507699927432,49208,49238
8,300,1,2764,64,0.5341693162918091,48,0.75,0.022703145998093532,0.06769411599816522,49208,49238
8,301,1,2765,64,0.2299797236919403,61,0.953125,0.015584966997266747,0.05818003700187546,49208,49238
8,302,1,2766,64,0.3445245623588562,54,0.84375,0.013912307997088647,0.06166388199926587,49208,49238
8,303,1,2767,64,0.685213029384613,49,0.765625,0.013986121000925777,0.06195149099949049,49208,49238
8,304,1,2768,64,0.39305275678634644,56,0.875,0.014222186000552028,0.07005040199874202,49208,49238
8,305,1,2769,64,0.42257454991340637,52,0.8125,0.014561599997250596,0.06515700299860328,49208,49238
8,306,1,2770,64,0.3272264301776886,57,0.890625,0.0164548040011141,0.0615633710003749,49208,49238
8,307,1,2771,64,0.3032275438308716,57,0.890625,0.014038470999366837,0.06360120300087146,49208,49238
8,308,1,2772,64,0.2646237015724182,58,0.90625,0.017247336996661033,0.0658071200014092,49208,49238
8,309,1,2773,64,0.31472867727279663,54,0.84375,0.015025647000584286,0.06336713899872848,49208,49238
8,310,1,2774,64,0.3487319052219391,56,0.875,0.016112230998260202,0.06392565200076206,49208,49238
8,311,1,2775,64,0.3185475468635559,56,0.875,0.014821184995525982,0.06432721500095795,49208,49238
8,312,1,2776,64,0.2788413465023041,58,0.90625,0.01727917999960482,0.06071725700167008,49208,49238
8,313,1,2777,64,0.5519192814826965,49,0.765625,0.014831382002739701,0.0621007660010946,49208,49238
8,314,1,2778,64,0.45311665534973145,50,0.78125,0.015146911999181611,0.06316854799661087,49208,49238
8,315,1,2779,64,0.29541847109794617,55,0.859375,0.014442981999309268,0.06004693800059613,49208,49238
8,316,1,2780,64,0.4433911442756653,53,0.828125,0.014016825996804982,0.06446566299928236,49208,49238
8,317,1,2781,64,0.44556277990341187,55,0.859375,0.015497098000196274,0.06134985999960918,49208,49238
8,318,1,2782,64,0.3430131673812866,57,0.890625,0.014478368997515645,0.06871898700046586,49208,49238
8,319,1,2783,64,0.32361122965812683,58,0.90625,0.01363482600208954,0.06341886000154773,49208,49238
8,320,1,2784,64,0.32819664478302,59,0.921875,0.015619442998286104,0.06615598899952602,49208,49238
8,321,1,2785,64,0.2785475254058838,59,0.921875,0.01537125300092157,0.06499844000063604,49208,49238
8,322,1,2786,64,0.32884353399276733,54,0.84375,0.014126790996670024,0.05990382799791405,49208,49238
8,323,1,2787,64,0.32978254556655884,57,0.890625,0.01371694000044954,0.05946591499741771,49208,49238
8,324,1,2788,64,0.30304187536239624,54,0.84375,0.01558187199771055,0.060078559999965364,49208,49238
8,325,1,2789,64,0.36195236444473267,57,0.890625,0.01645673800157965,0.06151384799886728,49208,49238
8,326,1,2790,64,0.36278340220451355,55,0.859375,0.0146429390006233,0.06248101000164752,49208,49238
8,327,1,2791,64,0.5077529549598694,52,0.8125,0.01705481799945119,0.06427999600055045,49208,49238
8,328,1,2792,64,0.2858353853225708,56,0.875,0.017269225001655286,0.06859955599793466,49208,49238
8,329,1,2793,64,0.4792839586734772,54,0.84375,0.014282715001172619,0.06694023299860419,49208,49238
8,330,1,2794,64,0.43538111448287964,57,0.890625,0.01356673000191222,0.06081873899893253,49208,49238
8,331,1,2795,64,0.3301889896392822,56,0.875,0.014344687995617278,0.0629240039997967,49208,49238
8,332,1,2796,64,0.2879171073436737,59,0.921875,0.014167532997817034,0.060753780002414715,49208,49238
8,333,1,2797,64,0.24886325001716614,59,0.921875,0.015757818997371942,0.0688042099973245,49208,49238
8,334,1,2798,64,0.5262805819511414,54,0.84375,0.015173012998275226,0.05990408700017724,49208,49238
8,335,1,2799,64,0.3622841536998749,56,0.875,0.013626112002384616,0.05696619800073677,49208,49238
8,336,1,2800,64,0.37177160382270813,54,0.84375,0.014593457002774812,0.06044419099998777,49208,49238
8,337,1,2801,64,0.36347082257270813,54,0.84375,0.013659920001373393,0.05702597299750778,49208,49238
8,338,1,2802,64,0.3979176878929138,56,0.875,0.015453123000042979,0.06038252900179941,49208,49238
8,339,1,2803,64,0.21993382275104523,61,0.953125,0.013619680001283996,0.06377296299979207,49208,49238
8,340,1,2804,64,0.43693143129348755,53,0.828125,0.02026804199704202,0.06442293600048288,49208,49238
8,341,1,2805,64,0.1716793179512024,63,0.984375,0.014800257002207218,0.060278320001089014,49208,49238
8,342,1,2806,64,0.33674919605255127,57,0.890625,0.013960692998807644,0.06444990299860365,49208,49238
8,343,1,2807,64,0.30549106001853943,59,0.921875,0.013947217998065753,0.05801802600035444,49208,49238
8,344,1,2808,64,0.4258979260921478,55,0.859375,0.017455147000873694,0.06219469500138075,49208,49238
8,345,1,2809,64,0.28990018367767334,55,0.859375,0.01589776999753667,0.06538850300057675,49208,49238
8,346,1,2810,64,0.4178590774536133,55,0.859375,0.01490309900327702,0.05780135800159769,49208,49238
8,347,1,2811,64,0.3634304404258728,57,0.890625,0.013934457001596456,0.06447116900017136,49208,49238
8,348,1,2812,64,0.2617725729942322,58,0.90625,0.015240830998664023,0.06373539999913191,49208,49238
8,349,1,2813,64,0.4027116894721985,55,0.859375,0.01693493100174237,0.0656144159984251,49208,49238
8,350,1,2814,64,0.2541137635707855,56,0.875,0.013571269002568442,0.06007893000059994,49208,49238
8,351,1,2815,36,0.2605009377002716,31,0.8611111111111112,0.013174971001717495,0.056590791002236074,27703,27733
9,0,1,2816,64,0.18777084350585938,61,0.953125,0.017654270999628352,0.06472482299795956,49208,49238
9,1,1,2817,64,0.2699543833732605,59,0.921875,0.01742186500268872,0.061259483998583164,49208,49238
9,2,1,2818,64,0.2268945425748825,62,0.96875,0.01494848800211912,0.07260895500076003,49208,49238
9,3,1,2819,64,0.3148072361946106,58,0.90625,0.017245102004380897,0.06990185800168547,49208,49238
9,4,1,2820,64,0.2571362853050232,57,0.890625,0.015794730996276485,0.06782868300069822,49208,49238
9,5,1,2821,64,0.16517788171768188,61,0.953125,0.016564330995606724,0.06519572500110371,49208,49238
9,6,1,2822,64,0.16238157451152802,62,0.96875,0.01591686399478931,0.06905364100020961,49208,49238
9,7,1,2823,64,0.16557735204696655,61,0.953125,0.016704026998922927,0.07122180100122932,49208,49238
9,8,1,2824,64,0.14779791235923767,60,0.9375,0.014049520999833476,0.05830383799911942,49208,49238
9,9,1,2825,64,0.1680334061384201,62,0.96875,0.013885560001654085,0.06629901199994492,49208,49238
9,10,1,2826,64,0.1796821653842926,61,0.953125,0.01548087799892528,0.06160744899898418,49208,49238
9,11,1,2827,64,0.14866644144058228,63,0.984375,0.014878288995532785,0.06312078400151222,49208,49238
9,12,1,2828,64,0.21299947798252106,61,0.953125,0.014767692999157589,0.06221858600110863,49208,49238
9,13,1,2829,64,0.2931123971939087,58,0.90625,0.01578407000124571,0.06226607400094508,49208,49238
9,14,1,2830,64,0.2632824778556824,58,0.90625,0.014234469999792054,0.05830287400021916,49208,49238
9,15,1,2831,64,0.2362627238035202,59,0.921875,0.017787315999157727,0.06549840400111862,49208,49238
9,16,1,2832,64,0.13840723037719727,60,0.9375,0.01828369100257987,0.07126356400112854,49208,49238
9,17,1,2833,64,0.15252822637557983,61,0.953125,0.015020241000456735,0.0602492739999434,49208,49238
9,18,1,2834,64,0.3334953784942627,56,0.875,0.015618550001818221,0.06736884500060114,49208,49238
9,19,1,2835,64,0.14078299701213837,63,0.984375,0.013522313001885777,0.07560847700005979,49208,49238
9,20,1,2836,64,0.16593296825885773,60,0.9375,0.017294556004344486,0.07123636600226746,49208,49238
9,21,1,2837,64,0.17065846920013428,61,0.953125,0.015093776997673558,0.06089168999824324,49208,49238
9,22,1,2838,64,0.13690468668937683,62,0.96875,0.014130224000837188,0.07388418900154647,49208,49238
9,23,1,2839,64,0.28391143679618835,57,0.890625,0.01559565199931967,0.061212391996377846,49208,49238
9,24,1,2840,64,0.24882613122463226,57,0.890625,0.019692743000632618,0.06752220899943495,49208,49238
9,25,1,2841,64,0.16427186131477356,59,0.921875,0.017729622002661927,0.07692784200116876,49208,49238
9,26,1,2842,64,0.1600141078233719,62,0.96875,0.016411955002695322,0.06317504899925552,49208,49238
9,27,1,2843,64,0.260932981967926,59,0.921875,0.01658749799753423,0.061825831999158254,49208,49238
9,28,1,2844,64,0.27293819189071655,57,0.890625,0.017349042998830555,0.06635105200257385,49208,49238
9,29,1,2845,64,0.1430172175168991,62,0.96875,0.015960296001139795,0.06424066499675973,49208,49238
9,30,1,2846,64,0.17054004967212677,62,0.96875,0.014521548000629991,0.06401166700015892,49208,49238
9,31,1,2847,64,0.2530471086502075,59,0.921875,0.014314864998596022,0.0628210750001017,49208,49238
9,32,1,2848,64,0.30306166410446167,56,0.875,0.02034739000009722,0.07207209800253622,49208,49238
9,33,1,2849,64,0.21401235461235046,61,0.953125,0.014323735998914344,0.05983056900004158,49208,49238
9,34,1,2850,64,0.3368676006793976,58,0.90625,0.016807724998216145,0.061448123000445776,49208,49238
9,35,1,2851,64,0.19635328650474548,58,0.90625,0.01547524299530778,0.0672342519974336,49208,49238
9,36,1,2852,64,0.12745963037014008,60,0.9375,0.014265073001297424,0.06205669600240071,49208,49238
9,37,1,2853,64,0.2517748177051544,60,0.9375,0.017110411998146446,0.06754947199806338,49208,49238
9,38,1,2854,64,0.20669540762901306,61,0.953125,0.016884406002645846,0.06562252000003355,49208,49238
9,39,1,2855,64,0.25336623191833496,58,0.90625,0.01661021100153448,0.06317922999733128,49208,49238
9,40,1,2856,64,0.16650822758674622,61,0.953125,0.014851683001325,0.060644517001492204,49208,49238
9,41,1,2857,64,0.11841942369937897,63,0.984375,0.01440537600137759,0.06814310900153941,49208,49238
9,42,1,2858,64,0.18100780248641968,60,0.9375,0.01479209399985848,0.06908467099856352,49208,49238
9,43,1,2859,64,0.1231377124786377,61,0.953125,0.015990107000106946,0.06033882300107507,49208,49238
9,44,1,2860,64,0.22987474501132965,58,0.90625,0.014280210998549592,0.06382649000079255,49208,49238
9,45,1,2861,64,0.20176641643047333,60,0.9375,0.01664920099938172,0.0824773099993763,49208,49238
9,46,1,2862,64,0.13769985735416412,62,0.96875,0.014519113996357191,0.06138860300052329,49208,49238
9,47,1,2863,64,0.1420154869556427,61,0.953125,0.014509043001453392,0.06401946000187309,49208,49238
9,48,1,2864,64,0.20452627539634705,59,0.921875,0.01610942899787915,0.06623577900245436,49208,49238
9,49,1,2865,64,0.32374632358551025,58,0.90625,0.01575015200069174,0.05847216000256594,49208,49238
9,50,1,2866,64,0.20247650146484375,58,0.90625,0.016363528000510996,0.06724825300261728,49208,49238
9,51,1,2867,64,0.21322044730186462,60,0.9375,0.013815197999065276,0.06224241499876371,49208,49238
9,52,1,2868,64,0.20486345887184143,59,0.921875,0.015326118998927996,0.06311543700212496,49208,49238
9,53,1,2869,64,0.13013041019439697,60,0.9375,0.01500050899994676,0.06399456399958581,49208,49238
9,54,1,2870,64,0.19417528808116913,61,0.953125,0.016022364998207195,0.06114809800055809,49208,49238
9,55,1,2871,64,0.2240961492061615,58,0.90625,0.013688664002984297,0.06694392999997945,49208,49238
9,56,1,2872,64,0.08791501820087433,63,0.984375,0.013879617003112799,0.0684470730011526,49208,49238
9,57,1,2873,64,0.23627765476703644,58,0.90625,0.01594691000354942,0.06064922899895464,49208,49238
9,58,1,2874,64,0.1952517032623291,59,0.921875,0.013876320001145359,0.06417142700229306,49208,49238
9,59,1,2875,64,0.3121930956840515,58,0.90625,0.014182006001647096,0.06265384200014523,49208,49238
9,60,1,2876,64,0.10787702351808548,62,0.96875,0.016875491997780045,0.07546341799752554,49208,49238
9,61,1,2877,64,0.1430206447839737,60,0.9375,0.014122578999376856,0.06223453399798018,49208,49238
9,62,1,2878,64,0.19608013331890106,61,0.953125,0.014011009003297659,0.06021903500004555,49208,49238
9,63,1,2879,64,0.2965627908706665,57,0.890625,0.015359293000074103,0.06644040100218263,49208,49238
9,64,1,2880,64,0.10543534904718399,63,0.984375,0.014506536001135828,0.06198940299873357,49208,49238
9,65,1,2881,64,0.16895489394664764,58,0.90625,0.014070649001951097,0.05999952700221911,49208,49238
9,66,1,2882,64,0.11697635054588318,61,0.953125,0.015205938998406054,0.06379120799829252,49208,49238
9,67,1,2883,64,0.15667209029197693,61,0.953125,0.016478612000355497,0.06352982300086296,49208,49238
9,68,1,2884,64,0.1666947305202484,61,0.953125,0.014123720000497997,0.058616420999896945,49208,49238
9,69,1,2885,64,0.12292632460594177,62,0.96875,0.014434208998864051,0.06568259599953308,49208,49238
9,70,1,2886,64,0.22365084290504456,59,0.921875,0.013739996997173876,0.06278282800121815,49208,49238
9,71,1,2887,64,0.1626296043395996,63,0.984375,0.01669272599974647,0.06310147100157337,49208,49238
9,72,1,2888,64,0.20909126102924347,59,0.921875,0.01570636899850797,0.06196844299847726,49208,49238
9,73,1,2889,64,0.2248869687318802,59,0.921875,0.014984882000135258,0.0689025599967863,49208,49238
9,74,1,2890,64,0.1596875637769699,60,0.9375,0.013731406001170399,0.060262355000304524,49208,49238
9,75,1,2891,64,0.1715344786643982,61,0.953125,0.01403507100258139,0.05964640399906784,49208,49238
9,76,1,2892,64,0.19228479266166687,58,0.90625,0.013932096997450572,0.0592067510006018,49208,49238
9,77,1,2893,64,0.2336881458759308,60,0.9375,0.013843114000337664,0.05927639299989096,49208,49238
9,78,1,2894,64,0.1665385663509369,60,0.9375,0.01689564500338747,0.06561462200261303,49208,49238
9,79,1,2895,64,0.2559951841831207,59,0.921875,0.014078224001423223,0.07278827699701651,49208,49238
9,80,1,2896,64,0.19056466221809387,61,0.953125,0.020372216000396293,0.07515375399816548,49208,49238
9,81,1,2897,64,0.12550121545791626,61,0.953125,0.015922922997560818,0.06821601099727559,49208,49238
9,82,1,2898,64,0.21839627623558044,60,0.9375,0.014077217998419655,0.059259523997752694,49208,49238
9,83,1,2899,64,0.21624165773391724,59,0.921875,0.01442125500398106,0.06697784700008924,49208,49238
9,84,1,2900,64,0.261678546667099,59,0.921875,0.019374348001292674,0.07066901300277095,49208,49238
9,85,1,2901,64,0.21273007988929749,58,0.90625,0.015943899998092093,0.06659210799989523,49208,49238
9,86,1,2902,64,0.16764777898788452,59,0.921875,0.014663996997114737,0.06590594299996155,49208,49238
9,87,1,2903,64,0.27094197273254395,58,0.90625,0.01866471100220224,0.067228187002911,49208,49238
9,88,1,2904,64,0.22249458730220795,59,0.921875,0.014954364003642695,0.06457412400050089,49208,49238
9,89,1,2905,64,0.24118614196777344,59,0.921875,0.015984829002263723,0.07350939200114226,49208,49238
9,90,1,2906,64,0.16997960209846497,61,0.953125,0.015515791998041095,0.06339049500093097,49208,49238
9,91,1,2907,64,0.12953783571720123,63,0.984375,0.015186476997769205,0.061052242999721784,49208,49238
9,92,1,2908,64,0.25639596581459045,58,0.90625,0.014976170998124871,0.0615333890018519,49208,49238
9,93,1,2909,64,0.2632581889629364,59,0.921875,0.016910837002797052,0.0698348049991182,49208,49238
9,94,1,2910,64,0.33051741123199463,56,0.875,0.015197518998320447,0.06342694400154869,49208,49238
9,95,1,2911,64,0.17838072776794434,60,0.9375,0.0156856469984632,0.06551998699796968,49208,49238
9,96,1,2912,64,0.2702987790107727,57,0.890625,0.01656787500178325,0.0904389400020591,49208,49238
9,97,1,2913,64,0.4102940857410431,55,0.859375,0.016282507000141777,0.07363292499940144,49208,49238
9,98,1,2914,64,0.2838168740272522,58,0.90625,0.015225005001411773,0.06079849399975501,49208,49238
9,99,1,2915,64,0.1684030294418335,61,0.953125,0.015179925001575612,0.06422031500187586,49208,49238
9,100,1,2916,64,0.12602876126766205,62,0.96875,0.014857615999062546,0.0603566680001677,49208,49238
9,101,1,2917,64,0.335540771484375,58,0.90625,0.01378505500179017,0.06577514899981907,49208,49238
9,102,1,2918,64,0.3162972927093506,58,0.90625,0.013834178997058189,0.057567599000321934,49208,49238
9,103,1,2919,64,0.19876906275749207,60,0.9375,0.013613518996862695,0.059628340997733176,49208,49238
9,104,1,2920,64,0.21605926752090454,57,0.890625,0.013724042000831105,0.061236801997438306,49208,49238
9,105,1,2921,64,0.12436619400978088,63,0.984375,0.017304603003140073,0.06596264399922802,49208,49238
9,106,1,2922,64,0.2630172073841095,59,0.921875,0.01409599499675096,0.06404016999658779,49208,49238
9,107,1,2923,64,0.1711624264717102,60,0.9375,0.014460309997957665,0.06450813300034497,49208,49238
9,108,1,2924,64,0.21137785911560059,59,0.921875,0.013903973998822039,0.061069762999977684,49208,49238
9,109,1,2925,64,0.250130832195282,58,0.90625,0.01568793800106505,0.06183944900112692,49208,49238
9,110,1,2926,64,0.2103489339351654,60,0.9375,0.015063609000208089,0.057805730000836775,49208,49238
9,111,1,2927,64,0.13901495933532715,63,0.984375,0.014582904001144925,0.06402954299846897,49208,49238
9,112,1,2928,64,0.16822649538516998,62,0.96875,0.014396594997378998,0.06110545599949546,49208,49238
9,113,1,2929,64,0.1931750774383545,59,0.921875,0.014747039997018874,0.06231398000090849,49208,49238
9,114,1,2930,64,0.3026908338069916,55,0.859375,0.013949733001936693,0.06948188599926652,49208,49238
9,115,1,2931,64,0.25987404584884644,58,0.90625,0.014459033998718951,0.05951079399892478,49208,49238
9,116,1,2932,64,0.18238450586795807,60,0.9375,0.014471916998445522,0.06301603699830594,49208,49238
9,117,1,2933,64,0.28159481287002563,59,0.921875,0.014409888000955107,0.061695829001109814,49208,49238
9,118,1,2934,64,0.1948515772819519,61,0.953125,0.014206569994712481,0.06274590400062152,49208,49238
9,119,1,2935,64,0.2146948277950287,57,0.890625,0.01523629700022866,0.05931662100192625,49208,49238
9,120,1,2936,64,0.17554882168769836,60,0.9375,0.014663795001979452,0.060231183997530024,49208,49238
9,121,1,2937,64,0.17051565647125244,61,0.953125,0.014633766000770265,0.06142514300154289,49208,49238
9,122,1,2938,64,0.17173942923545837,60,0.9375,0.014715273002366303,0.058047742000781,49208,49238
9,123,1,2939,64,0.24926917254924774,57,0.890625,0.016310839000652777,0.06835668399799033,49208,49238
9,124,1,2940,64,0.23335719108581543,61,0.953125,0.014907646000210661,0.06268952200116473,49208,49238
9,125,1,2941,64,0.21337315440177917,60,0.9375,0.014080355998885352,0.0580664280023484,49208,49238
9,126,1,2942,64,0.1321803331375122,59,0.921875,0.014331024998682551,0.05983090399968205,49208,49238
9,127,1,2943,64,0.1257418990135193,62,0.96875,0.01413804500043625,0.06656368200128782,49208,49238
9,128,1,2944,64,0.12454554438591003,62,0.96875,0.016610378999757813,0.06351694800105179,49208,49238
9,129,1,2945,64,0.23670876026153564,58,0.90625,0.01481594999859226,0.06500051399780205,49208,49238
9,130,1,2946,64,0.32108205556869507,55,0.859375,0.013644279999425635,0.06136106799749541,49208,49238
9,131,1,2947,64,0.2745218276977539,55,0.859375,0.013886102999094874,0.0627969680026581,49208,49238
9,132,1,2948,64,0.24902303516864777,61,0.953125,0.014314804000605363,0.06899414699728368,49208,49238
9,133,1,2949,64,0.1436803638935089,62,0.96875,0.01458285799890291,0.059680430000298657,49208,49238
9,134,1,2950,64,0.35519397258758545,54,0.84375,0.014170125999953598,0.06237378500009072,49208,49238
9,135,1,2951,64,0.25558778643608093,60,0.9375,0.014600260001316201,0.058995385999878636,49208,49238
9,136,1,2952,64,0.22874325513839722,57,0.890625,0.014566520003427286,0.062327628998900764,49208,49238
9,137,1,2953,64,0.1783013641834259,61,0.953125,0.014982634998887079,0.06404730900248978,49208,49238
9,138,1,2954,64,0.24018265306949615,58,0.90625,0.015038170000480022,0.0574910129980708,49208,49238
9,139,1,2955,64,0.35233446955680847,58,0.90625,0.016726236000977224,0.06462564500179724,49208,49238
9,140,1,2956,64,0.2952086925506592,58,0.90625,0.013946148999821162,0.05906166299973847,49208,49238
9,141,1,2957,64,0.16352972388267517,62,0.96875,0.013827506001689471,0.061231157000293024,49208,49238
9,142,1,2958,64,0.3414802551269531,57,0.890625,0.013938072002929403,0.05703256700144266,49208,49238
9,143,1,2959,64,0.3003975450992584,58,0.90625,0.014339429999381537,0.061357945000054315,49208,49238
9,144,1,2960,64,0.1663125455379486,61,0.953125,0.013718450005399063,0.06185346900019795,49208,49238
9,145,1,2961,64,0.32809585332870483,58,0.90625,0.013920189998316346,0.062149188001058064,49208,49238
9,146,1,2962,64,0.18457035720348358,60,0.9375,0.014131990999885602,0.05996514000071329,49208,49238
9,147,1,2963,64,0.5010003447532654,54,0.84375,0.01642058600191376,0.06604300500112004,49208,49238
9,148,1,2964,64,0.2625349760055542,58,0.90625,0.0171899660017516,0.0695972490029817,49208,49238
9,149,1,2965,64,0.18119710683822632,60,0.9375,0.01402888699885807,0.06327054500070517,49208,49238
9,150,1,2966,64,0.1420000195503235,61,0.953125,0.01442939000116894,0.06551373399997829,49208,49238
9,151,1,2967,64,0.2835662364959717,57,0.890625,0.014779850000195438,0.06332736399781425,49208,49238
9,152,1,2968,64,0.2768682837486267,58,0.90625,0.01556621800045832,0.06626888800019515,49208,49238
9,153,1,2969,64,0.3114299476146698,57,0.890625,0.018054978998407023,0.07958698600123171,49208,49238
9,154,1,2970,64,0.17329147458076477,60,0.9375,0.015474408002773998,0.06246094300149707,49208,49238
9,155,1,2971,64,0.18259193003177643,62,0.96875,0.0149661270006618,0.06789022200246109,49208,49238
9,156,1,2972,64,0.36299312114715576,56,0.875,0.015047037002659636,0.07049036999887903,49208,49238
9,157,1,2973,64,0.2012714296579361,60,0.9375,0.01500706899605575,0.060814398999355035,49208,49238
9,158,1,2974,64,0.336907297372818,57,0.890625,0.015776705997268436,0.07345865199749824,49208,49238
9,159,1,2975,64,0.3018842339515686,58,0.90625,0.015636799005733337,0.06833896500029368,49208,49238
9,160,1,2976,64,0.19721001386642456,61,0.953125,0.015317057997890515,0.06721382799878484,49208,49238
9,161,1,2977,64,0.3074107766151428,59,0.921875,0.015806688003067393,0.07296862600196619,49208,49238
9,162,1,2978,64,0.21541187167167664,58,0.90625,0.01567499299926567,0.06899497899939888,49208,49238
9,163,1,2979,64,0.2180081456899643,59,0.921875,0.015126089001569198,0.062108089001412736,49208,49238
9,164,1,2980,64,0.28803762793540955,58,0.90625,0.015801986002770718,0.0654504519989132,49208,49238
9,165,1,2981,64,0.17482097446918488,62,0.96875,0.014623035000113305,0.06563639600062743,49208,49238
9,166,1,2982,64,0.30369943380355835,58,0.90625,0.01516928400087636,0.0723610050008574,49208,49238
9,167,1,2983,64,0.14203813672065735,62,0.96875,0.01516738999998779,0.07384003499828395,49208,49238
9,168,1,2984,64,0.24625501036643982,58,0.90625,0.014925900999514852,0.06324148699786747,49208,49238
9,169,1,2985,64,0.11210235208272934,61,0.953125,0.015164283002377488,0.06076884600042831,49208,49238
9,170,1,2986,64,0.20256367325782776,61,0.953125,0.014948681000532815,0.06084460299825878,49208,49238
9,171,1,2987,64,0.3088774085044861,53,0.828125,0.015225062001263723,0.07021123000231455,49208,49238
9,172,1,2988,64,0.22622494399547577,58,0.90625,0.014996764999523293,0.06016019500020775,49208,49238
9,173,1,2989,64,0.21107056736946106,60,0.9375,0.0150431549991481,0.0626710649994493,49208,49238
9,174,1,2990,64,0.2011905312538147,61,0.953125,0.015969260002748342,0.06556995099890628,49208,49238
9,175,1,2991,64,0.18632444739341736,59,0.921875,0.01771181200092542,0.06436829000085709,49208,49238
9,176,1,2992,64,0.2504236698150635,60,0.9375,0.01576178900359082,0.06324927099922206,49208,49238
9,177,1,2993,64,0.2981317341327667,60,0.9375,0.014975030997447902,0.06070119699870702,49208,49238
9,178,1,2994,64,0.21319067478179932,60,0.9375,0.01601520700205583,0.06652480899720103,49208,49238
9,179,1,2995,64,0.1400390863418579,62,0.96875,0.015432813001098111,0.06377883599998313,49208,49238
9,180,1,2996,64,0.12457942217588425,62,0.96875,0.014865225002722582,0.060926199999812525,49208,49238
9,181,1,2997,64,0.12790994346141815,62,0.96875,0.014011178001965163,0.06291342400072608,49208,49238
9,182,1,2998,64,0.37366312742233276,57,0.890625,0.016162988998985384,0.0679285810001602,49208,49238
9,183,1,2999,64,0.11422014236450195,63,0.984375,0.014765839998290176,0.059211534997302806,49208,49238
9,184,1,3000,64,0.12128572911024094,61,0.953125,0.014215208997484297,0.06009541900129989,49208,49238
9,185,1,3001,64,0.07619262486696243,64,1.0,0.01565236400347203,0.05888034099916695,49208,49238
9,186,1,3002,64,0.22499480843544006,58,0.90625,0.014011920000484679,0.05953154899907531,49208,49238
9,187,1,3003,64,0.13617098331451416,61,0.953125,0.01422159499998088,0.06366899099884904,49208,49238
9,188,1,3004,64,0.3344544768333435,59,0.921875,0.017813313999795355,0.06258794799941825,49208,49238
9,189,1,3005,64,0.3505799174308777,56,0.875,0.015078626998729305,0.06515770199985127,49208,49238
9,190,1,3006,64,0.25903841853141785,57,0.890625,0.015956759001710452,0.06362840300062089,49208,49238
9,191,1,3007,64,0.18263491988182068,62,0.96875,0.015856287001952296,0.06438482799785561,49208,49238
9,192,1,3008,64,0.18138793110847473,59,0.921875,0.014517899999191286,0.05854461499984609,49208,49238
9,193,1,3009,64,0.2630179822444916,59,0.921875,0.014214817001629854,0.06366137400254956,49208,49238
9,194,1,3010,64,0.22994926571846008,60,0.9375,0.014340364996314747,0.06905334499970195,49208,49238
9,195,1,3011,64,0.107733353972435,63,0.984375,0.014377680996403797,0.06424973999673966,49208,49238
9,196,1,3012,64,0.22467255592346191,62,0.96875,0.01648821300113923,0.0634247999987565,49208,49238
9,197,1,3013,64,0.23773926496505737,59,0.921875,0.014865385001030518,0.06175321000046097,49208,49238
9,198,1,3014,64,0.21248884499073029,59,0.921875,0.013887610002711881,0.06315975599864032,49208,49238
9,199,1,3015,64,0.11072423309087753,63,0.984375,0.016060359001130564,0.06229881500257761,49208,49238
9,200,1,3016,64,0.19166351854801178,58,0.90625,0.014590023001801455,0.061846369000704726,49208,49238
9,201,1,3017,64,0.15514464676380157,60,0.9375,0.014828805997240124,0.06118330299796071,49208,49238
9,202,1,3018,64,0.07536662369966507,64,1.0,0.016120086998853367,0.06338412400145899,49208,49238
9,203,1,3019,64,0.3219457268714905,57,0.890625,0.014786933999857865,0.05821580699921469,49208,49238
9,204,1,3020,64,0.4401899576187134,56,0.875,0.015440445000422187,0.06095472700326354,49208,49238
9,205,1,3021,64,0.23501862585544586,57,0.890625,0.014150323004287202,0.05674346999876434,49208,49238
9,206,1,3022,64,0.3847774267196655,53,0.828125,0.015034153999295086,0.06465236800067942,49208,49238
9,207,1,3023,64,0.1354767084121704,62,0.96875,0.01689623000129359,0.07006157399882795,49208,49238
9,208,1,3024,64,0.20429672300815582,58,0.90625,0.014461926999501884,0.05843974700110266,49208,49238
9,209,1,3025,64,0.33383429050445557,55,0.859375,0.014469966001342982,0.06196394799917471,49208,49238
9,210,1,3026,64,0.16697943210601807,59,0.921875,0.01391958599924692,0.061061552001774544,49208,49238
9,211,1,3027,64,0.1641532927751541,63,0.984375,0.014432295000005979,0.06220969200148829,49208,49238
9,212,1,3028,64,0.1725430190563202,58,0.90625,0.017458727001212537,0.0652395359975344,49208,49238
9,213,1,3029,64,0.31515294313430786,54,0.84375,0.017335369004285894,0.06873088700012886,49208,49238
9,214,1,3030,64,0.1706453263759613,61,0.953125,0.014017756995599484,0.0601389539988304,49208,49238
9,215,1,3031,64,0.24172118306159973,59,0.921875,0.013557207999838283,0.05910110100012389,49208,49238
9,216,1,3032,64,0.26043498516082764,57,0.890625,0.014353266000398435,0.06598839000071166,49208,49238
9,217,1,3033,64,0.2966373860836029,58,0.90625,0.01619826099704369,0.06787787299981574,49208,49238
9,218,1,3034,64,0.17661114037036896,60,0.9375,0.01376827899730415,0.06221140699926764,49208,49238
9,219,1,3035,64,0.23949147760868073,61,0.953125,0.014686245001939824,0.06462985799953458,49208,49238
9,220,1,3036,64,0.2625383138656616,57,0.890625,0.016882607003935846,0.059396364998974605,49208,49238
9,221,1,3037,64,0.21530874073505402,60,0.9375,0.013458112000080291,0.06593457300186856,49208,49238
9,222,1,3038,64,0.24141810834407806,59,0.921875,0.016693066998413997,0.06878052200045204,49208,49238
9,223,1,3039,64,0.20951883494853973,60,0.9375,0.015509458004089538,0.06762882100156276,49208,49238
9,224,1,3040,64,0.2597041726112366,57,0.890625,0.015207316999294562,0.06369787199946586,49208,49238
9,225,1,3041,64,0.4488814175128937,56,0.875,0.014901604001352098,0.06771080099861138,49208,49238
9,226,1,3042,64,0.18278774619102478,60,0.9375,0.01486090600155876,0.06069951300014509,49208,49238
9,227,1,3043,64,0.10441583395004272,63,0.984375,0.013629093999043107,0.062000147001526784,49208,49238
9,228,1,3044,64,0.25287675857543945,59,0.921875,0.014421137999306666,0.06413291499848128,49208,49238
9,229,1,3045,64,0.08205056190490723,64,1.0,0.0144565100017644,0.06793010299952584,49208,49238
9,230,1,3046,64,0.275062620639801,57,0.890625,0.014342574999318458,0.0593849870019767,49208,49238
9,231,1,3047,64,0.25062671303749084,58,0.90625,0.016985297999781324,0.06220257799941464,49208,49238
9,232,1,3048,64,0.12714259326457977,62,0.96875,0.015339916000812082,0.062360232001083205,49208,49238
9,233,1,3049,64,0.11515428870916367,62,0.96875,0.01649042200006079,0.06940759099961724,49208,49238
9,234,1,3050,64,0.3916109800338745,55,0.859375,0.01555863099929411,0.0604005640016112,49208,49238
9,235,1,3051,64,0.26284414529800415,58,0.90625,0.01620581899624085,0.060249397000006866,49208,49238
9,236,1,3052,64,0.1705765277147293,61,0.953125,0.01636557199890376,0.06162315499750548,49208,49238
9,237,1,3053,64,0.25765281915664673,60,0.9375,0.014273110999056371,0.06761394400018617,49208,49238
9,238,1,3054,64,0.21048977971076965,61,0.953125,0.014856875997793395,0.06386391600244679,49208,49238
9,239,1,3055,64,0.16708165407180786,62,0.96875,0.014220404998923186,0.059287535998009844,49208,49238
9,240,1,3056,64,0.28385239839553833,58,0.90625,0.017016094003338367,0.060846219999803,49208,49238
9,241,1,3057,64,0.1649242341518402,61,0.953125,0.014078231997700641,0.06196750800154405,49208,49238
9,242,1,3058,64,0.26141098141670227,61,0.953125,0.015808394997293362,0.06736527199973352,49208,49238
9,243,1,3059,64,0.3358076810836792,56,0.875,0.01529121399653377,0.06336080600158311,49208,49238
9,244,1,3060,64,0.22934111952781677,59,0.921875,0.01515975999791408,0.06796560899965698,49208,49238
9,245,1,3061,64,0.25090691447257996,57,0.890625,0.01395639199836296,0.058963579998817295,49208,49238
9,246,1,3062,64,0.13613468408584595,60,0.9375,0.01634384800127009,0.07026928499908536,49208,49238
9,247,1,3063,64,0.3256821036338806,58,0.90625,0.01519808800003375,0.06567008199999691,49208,49238
9,248,1,3064,64,0.18949025869369507,59,0.921875,0.01500136799950269,0.06667167499836069,49208,49238
9,249,1,3065,64,0.2758481502532959,56,0.875,0.013604454001324484,0.06354973199995584,49208,49238
9,250,1,3066,64,0.1811903864145279,60,0.9375,0.013859530998161063,0.05896333899727324,49208,49238
9,251,1,3067,64,0.19845473766326904,59,0.921875,0.014540031002979958,0.05980432400247082,49208,49238
9,252,1,3068,64,0.37159907817840576,52,0.8125,0.015811106997716706,0.0660627180004667,49208,49238
9,253,1,3069,64,0.23331129550933838,60,0.9375,0.01617270199858467,0.06370328199773212,49208,49238
9,254,1,3070,64,0.2214374542236328,58,0.90625,0.014546489001077134,0.06657988799997838,49208,49238
9,255,1,3071,64,0.21768257021903992,58,0.90625,0.01496925199899124,0.05909059400073602,49208,49238
9,256,1,3072,64,0.2372843623161316,58,0.90625,0.017401030996552436,0.062014545997953974,49208,49238
9,257,1,3073,64,0.32317763566970825,54,0.84375,0.016541014996619197,0.06251927099947352,49208,49238
9,258,1,3074,64,0.3048466444015503,59,0.921875,0.014682344000902958,0.06079655600115075,49208,49238
9,259,1,3075,64,0.30118513107299805,57,0.890625,0.0153988499987463,0.061670450999372406,49208,49238
9,260,1,3076,64,0.2527620494365692,57,0.890625,0.014573936998203862,0.0588754330019583,49208,49238
9,261,1,3077,64,0.2816246747970581,59,0.921875,0.01684714400107623,0.06125332699957653,49208,49238
9,262,1,3078,64,0.33106398582458496,53,0.828125,0.015319546004320728,0.0630279969991534,49208,49238
9,263,1,3079,64,0.29310256242752075,58,0.90625,0.01458323600309086,0.05957047599804355,49208,49238
9,264,1,3080,64,0.22357115149497986,58,0.90625,0.017136680999101372,0.0626167920017906,49208,49238
9,265,1,3081,64,0.2337343841791153,57,0.890625,0.014619929999753367,0.0639197359996615,49208,49238
9,266,1,3082,64,0.17714443802833557,61,0.953125,0.014171107999572996,0.061928609997266904,49208,49238
9,267,1,3083,64,0.24789118766784668,59,0.921875,0.015287614001863403,0.0737161869983538,49208,49238
9,268,1,3084,64,0.2703574597835541,57,0.890625,0.016420684001786867,0.06338928799959831,49208,49238
9,269,1,3085,64,0.2199263572692871,59,0.921875,0.015129176998016192,0.06267283700071857,49208,49238
9,270,1,3086,64,0.4748988151550293,52,0.8125,0.01461350899990066,0.058461462998820934,49208,49238
9,271,1,3087,64,0.3167925179004669,57,0.890625,0.01743552999687381,0.06405368700143299,49208,49238
9,272,1,3088,64,0.3331601023674011,57,0.890625,0.015029332000267459,0.06068488799792249,49208,49238
9,273,1,3089,64,0.2754422426223755,56,0.875,0.014692152999487007,0.057602688000770286,49208,49238
9,274,1,3090,64,0.331731379032135,57,0.890625,0.013483652997820172,0.05912052499843412,49208,49238
9,275,1,3091,64,0.485634446144104,54,0.84375,0.014931544003047748,0.05964621100065415,49208,49238
9,276,1,3092,64,0.17077362537384033,61,0.953125,0.014272010997956386,0.058794133001356386,49208,49238
9,277,1,3093,64,0.49422383308410645,52,0.8125,0.01564861299630138,0.061012088001007214,49208,49238
9,278,1,3094,64,0.224430650472641,57,0.890625,0.01530899700082955,0.06034334899959504,49208,49238
9,279,1,3095,64,0.5117791295051575,55,0.859375,0.0139681529981317,0.05836982399705448,49208,49238
9,280,1,3096,64,0.3540831506252289,55,0.859375,0.014619378998759203,0.06968172599954414,49208,49238
9,281,1,3097,64,0.2915429472923279,59,0.921875,0.015747813999041682,0.06080747799933306,49208,49238
9,282,1,3098,64,0.29746711254119873,57,0.890625,0.01587108500098111,0.06290567600080976,49208,49238
9,283,1,3099,64,0.316222608089447,57,0.890625,0.016826971997943474,0.05984570899818209,49208,49238
9,284,1,3100,64,0.46607455611228943,53,0.828125,0.014852629999950295,0.06160782999722869,49208,49238
9,285,1,3101,64,0.23843863606452942,57,0.890625,0.014504902999760816,0.060057919999962905,49208,49238
9,286,1,3102,64,0.18926021456718445,59,0.921875,0.01612258000022848,0.06596904699836159,49208,49238
9,287,1,3103,64,0.19723373651504517,59,0.921875,0.013761494999926072,0.061747635998472106,49208,49238
9,288,1,3104,64,0.25149333477020264,59,0.921875,0.01514449199748924,0.06317353700069361,49208,49238
9,289,1,3105,64,0.26691746711730957,58,0.90625,0.014876836994517362,0.059962795003229985,49208,49238
9,290,1,3106,64,0.30034348368644714,57,0.890625,0.01689441700000316,0.06104864799999632,49208,49238
9,291,1,3107,64,0.3239492177963257,57,0.890625,0.015795610001077875,0.05974017200060189,49208,49238
9,292,1,3108,64,0.3774838149547577,55,0.859375,0.014999480998085346,0.06351692899988848,49208,49238
9,293,1,3109,64,0.3412974178791046,55,0.859375,0.014633838003646815,0.05846890899920254,49208,49238
9,294,1,3110,64,0.2214866578578949,60,0.9375,0.01660899800117477,0.06273111900009098,49208,49238
9,295,1,3111,64,0.13352862000465393,64,1.0,0.014389312000275822,0.05956299600074999,49208,49238
9,296,1,3112,64,0.27858829498291016,56,0.875,0.01530305199776194,0.060555213000043295,49208,49238
9,297,1,3113,64,0.20970690250396729,61,0.953125,0.014028649999090703,0.064238689999911,49208,49238
9,298,1,3114,64,0.26620781421661377,58,0.90625,0.014081917997827986,0.058071920000656974,49208,49238
9,299,1,3115,64,0.19528551399707794,61,0.953125,0.017004298999381717,0.06442675499783945,49208,49238
9,300,1,3116,64,0.3242444694042206,55,0.859375,0.01711714699922595,0.06367210000098567,49208,49238
9,301,1,3117,64,0.3006799817085266,58,0.90625,0.013987057001941139,0.05840086000171141,49208,49238
9,302,1,3118,64,0.29352521896362305,54,0.84375,0.014172764000250027,0.059613474000798305,49208,49238
9,303,1,3119,64,0.23755359649658203,59,0.921875,0.015026173001388088,0.06024996099949931,49208,49238
9,304,1,3120,64,0.15199494361877441,61,0.953125,0.014130777995887911,0.05673712299903855,49208,49238
9,305,1,3121,64,0.2728051543235779,58,0.90625,0.014631653000833467,0.059487178001290886,49208,49238
9,306,1,3122,64,0.3425273597240448,55,0.859375,0.014744961001269985,0.05982019799921545,49208,49238
9,307,1,3123,64,0.314517080783844,57,0.890625,0.014556200003426056,0.05967338000118616,49208,49238
9,308,1,3124,64,0.38508710265159607,56,0.875,0.015308903999539325,0.059966939999867463,49208,49238
9,309,1,3125,64,0.21534553170204163,60,0.9375,0.014031089998752577,0.06058313799803727,49208,49238
9,310,1,3126,64,0.3252224326133728,58,0.90625,0.013809185998979956,0.05936706700231298,49208,49238
9,311,1,3127,64,0.233641117811203,59,0.921875,0.014178733999870019,0.06004240899710567,49208,49238
9,312,1,3128,64,0.3706825375556946,56,0.875,0.015483265997318085,0.059323317000234965,49208,49238
9,313,1,3129,64,0.18127292394638062,62,0.96875,0.01389809200190939,0.05726684699766338,49208,49238
9,314,1,3130,64,0.2201075553894043,58,0.90625,0.01360281600500457,0.06140556000173092,49208,49238
9,315,1,3131,64,0.3215999901294708,54,0.84375,0.013868037996871863,0.05920253900330863,49208,49238
9,316,1,3132,64,0.2226981818675995,59,0.921875,0.014557464000972686,0.06026445699899341,49208,49238
9,317,1,3133,64,0.441047728061676,58,0.90625,0.013714749002247117,0.05929173799813725,49208,49238
9,318,1,3134,64,0.17394471168518066,61,0.953125,0.014277679001679644,0.05789952100167284,49208,49238
9,319,1,3135,64,0.18893152475357056,58,0.90625,0.013621469002828235,0.058118397999351146,49208,49238
9,320,1,3136,64,0.46623629331588745,54,0.84375,0.018195289998402586,0.06862571699821274,49208,49238
9,321,1,3137,64,0.34997108578681946,58,0.90625,0.013950978998764185,0.05580608299715095,49208,49238
9,322,1,3138,64,0.2688058018684387,60,0.9375,0.01446218699493329,0.06022662599934847,49208,49238
9,323,1,3139,64,0.2185911238193512,60,0.9375,0.014109382998867659,0.05957931500233826,49208,49238
9,324,1,3140,64,0.16122546792030334,60,0.9375,0.014417548998608254,0.061838246998377144,49208,49238
9,325,1,3141,64,0.4205623269081116,54,0.84375,0.014775801999348914,0.06054169300114154,49208,49238
9,326,1,3142,64,0.1879814863204956,60,0.9375,0.014071461002458818,0.059666616001777584,49208,49238
9,327,1,3143,64,0.17049622535705566,60,0.9375,0.014331997001136187,0.059515581000596285,49208,49238
9,328,1,3144,64,0.25141412019729614,58,0.90625,0.013780501001747325,0.058966495998902246,49208,49238
9,329,1,3145,64,0.2157304435968399,59,0.921875,0.014953227000660263,0.06316418900314602,49208,49238
9,330,1,3146,64,0.19026100635528564,60,0.9375,0.01606795800034888,0.06248936999691068,49208,49238
9,331,1,3147,64,0.1412433683872223,61,0.953125,0.01446482599931187,0.061404855998262065,49208,49238
9,332,1,3148,64,0.25490736961364746,57,0.890625,0.013846006004314404,0.05942628900083946,49208,49238
9,333,1,3149,64,0.22935737669467926,59,0.921875,0.01787911599603831,0.06590690600205562,49208,49238
9,334,1,3150,64,0.43898463249206543,54,0.84375,0.016541874003451085,0.06910930000231019,49208,49238
9,335,1,3151,64,0.34648579359054565,57,0.890625,0.01452493499891716,0.06074234500192688,49208,49238
9,336,1,3152,64,0.4560534954071045,54,0.84375,0.013523736004572129,0.058280174001993146,49208,49238
9,337,1,3153,64,0.2774941921234131,59,0.921875,0.014375592003489146,0.06061892100115074,49208,49238
9,338,1,3154,64,0.3147351145744324,56,0.875,0.014575920002243947,0.0667966789987986,49208,49238
9,339,1,3155,64,0.2632552981376648,58,0.90625,0.015561241998511832,0.06049459000132629,49208,49238
9,340,1,3156,64,0.24210397899150848,60,0.9375,0.015149022998230066,0.0615790210031264,49208,49238
9,341,1,3157,64,0.22254906594753265,59,0.921875,0.017765281001629774,0.06876434099831386,49208,49238
9,342,1,3158,64,0.38286781311035156,55,0.859375,0.01462219300083234,0.0647876510010974,49208,49238
9,343,1,3159,64,0.19356070458889008,59,0.921875,0.017407637998985592,0.06596067099962966,49208,49238
9,344,1,3160,64,0.19482064247131348,60,0.9375,0.017227288000867702,0.0642756070010364,49208,49238
9,345,1,3161,64,0.162745863199234,60,0.9375,0.014001340998220257,0.060482966000563465,49208,49238
9,346,1,3162,64,0.30578362941741943,56,0.875,0.015920665002340684,0.0707039459994121,49208,49238
9,347,1,3163,64,0.130313441157341,61,0.953125,0.015987204998964444,0.06515414000023156,49208,49238
9,348,1,3164,64,0.3420102000236511,56,0.875,0.016710406001948286,0.06453985400003148,49208,49238
9,349,1,3165,64,0.34052377939224243,57,0.890625,0.01695593899785308,0.0624484569998458,49208,49238
9,350,1,3166,64,0.15926699340343475,60,0.9375,0.015818024996406166,0.061565697000332875,49208,49238
9,351,1,3167,36,0.29100483655929565,32,0.8888888888888888,0.014648835000116378,0.0560323130011966,27703,27733
10,0,1,3168,64,0.15203645825386047,62,0.96875,0.014641904999734834,0.06255323699951987,49208,49238
10,1,1,3169,64,0.13957780599594116,61,0.953125,0.0158694519996061,0.06253831600042759,49208,49238
10,2,1,3170,64,0.18541446328163147,59,0.921875,0.015423770000779768,0.05718767000143998,49208,49238
10,3,1,3171,64,0.2646943926811218,57,0.890625,0.014466463999269763,0.058534129999316065,49208,49238
10,4,1,3172,64,0.23464244604110718,57,0.890625,0.014287978003267199,0.06292247399687767,49208,49238
10,5,1,3173,64,0.17332859337329865,60,0.9375,0.014207852000254206,0.059291567999025574,49208,49238
10,6,1,3174,64,0.08141081035137177,63,0.984375,0.014013482996233506,0.06074587300099665,49208,49238
10,7,1,3175,64,0.186131089925766,59,0.921875,0.015364336002676282,0.08811075899939169,49208,49238
10,8,1,3176,64,0.16366255283355713,61,0.953125,0.02314966699850629,0.07359622799776844,49208,49238
10,9,1,3177,64,0.25008058547973633,59,0.921875,0.016300573999615153,0.06978070300101535,49208,49238
10,10,1,3178,64,0.13107867538928986,62,0.96875,0.015523838002991397,0.06381229399994481,49208,49238
10,11,1,3179,64,0.1923406571149826,58,0.90625,0.01544202100194525,0.05952394799896865,49208,49238
10,12,1,3180,64,0.20306605100631714,60,0.9375,0.013706501998967724,0.06756509199840366,49208,49238
10,13,1,3181,64,0.16661274433135986,60,0.9375,0.0145061449984496,0.06056288399850018,49208,49238
10,14,1,3182,64,0.33617955446243286,56,0.875,0.015546125996479532,0.06029916799889179,49208,49238
10,15,1,3183,64,0.2055319845676422,60,0.9375,0.015174123000178952,0.0634301720019721,49208,49238
10,16,1,3184,64,0.17730477452278137,60,0.9375,0.015730286999314558,0.0665157419971365,49208,49238
10,17,1,3185,64,0.22881105542182922,60,0.9375,0.0147163410038047,0.06694109900126932,49208,49238
10,18,1,3186,64,0.08947965502738953,63,0.984375,0.014340142002765788,0.0739027170020563,49208,49238
10,19,1,3187,64,0.1287347376346588,61,0.953125,0.01508791500236839,0.06926347400076338,49208,49238
10,20,1,3188,64,0.14673301577568054,60,0.9375,0.013805520000460092,0.06715626300137956,49208,49238
10,21,1,3189,64,0.11216053366661072,61,0.953125,0.015573888998915209,0.06736172999808332,49208,49238
10,22,1,3190,64,0.26396554708480835,59,0.921875,0.019912732001102995,0.0732180300001346,49208,49238
10,23,1,3191,64,0.19161298871040344,61,0.953125,0.01897276100135059,0.0717070619975857,49208,49238
10,24,1,3192,64,0.176118403673172,59,0.921875,0.02003811500253505,0.0775758189993212,49208,49238
10,25,1,3193,64,0.22192761301994324,59,0.921875,0.020244442999683088,0.07041851800022414,49208,49238
10,26,1,3194,64,0.19747105240821838,60,0.9375,0.01568413399581914,0.07023003100039205,49208,49238
10,27,1,3195,64,0.16369521617889404,59,0.921875,0.01563195099515724,0.06494214300255408,49208,49238
10,28,1,3196,64,0.11212536692619324,61,0.953125,0.01608199000111199,0.07322054699761793,49208,49238
10,29,1,3197,64,0.2509230971336365,57,0.890625,0.015863516004174016,0.06436327600022196,49208,49238
10,30,1,3198,64,0.14379124343395233,62,0.96875,0.015111937002075138,0.06608562600013101,49208,49238
10,31,1,3199,64,0.13276901841163635,62,0.96875,0.01525553899773513,0.06465757300247787,49208,49238
10,32,1,3200,64,0.11409583687782288,62,0.96875,0.01525313000092865,0.06657673700101441,49208,49238
10,33,1,3201,64,0.08464676141738892,62,0.96875,0.015740839000500273,0.07664373599982355,49208,49238
10,34,1,3202,64,0.07396972179412842,64,1.0,0.018038012000033632,0.07664916799694765,49208,49238
10,35,1,3203,64,0.16417363286018372,60,0.9375,0.018215786996734096,0.06993047899959492,49208,49238
10,36,1,3204,64,0.11305065453052521,61,0.953125,0.016381462999561336,0.0719223209998745,49208,49238
10,37,1,3205,64,0.16086573898792267,62,0.96875,0.03370391100179404,0.08225863199913874,49208,49238
10,38,1,3206,64,0.08928190916776657,61,0.953125,0.016300910003337776,0.07358362800005125,49208,49238
10,39,1,3207,64,0.14838311076164246,61,0.953125,0.01985118499942473,0.08389414799967199,49208,49238
10,40,1,3208,64,0.10847015678882599,61,0.953125,0.01539843499995186,0.07483649699861417,49208,49238
10,41,1,3209,64,0.0719444528222084,62,0.96875,0.016754000000219094,0.08138616100040963,49208,49238
10,42,1,3210,64,0.06839383393526077,64,1.0,0.01728740999897127,0.07309062299827929,49208,49238
10,43,1,3211,64,0.15137958526611328,60,0.9375,0.01803808299882803,0.07365109600141295,49208,49238
10,44,1,3212,64,0.1347121000289917,61,0.953125,0.01851473500209977,0.07519722700089915,49208,49238
10,45,1,3213,64,0.07892881333827972,63,0.984375,0.016539165004360257,0.0730399589992885,49208,49238
10,46,1,3214,64,0.12417013943195343,61,0.953125,0.015023212999949465,0.0681091260012181,49208,49238
10,47,1,3215,64,0.07331852614879608,63,0.984375,0.014974779995100107,0.07086649299890269,49208,49238
10,48,1,3216,64,0.16439765691757202,61,0.953125,0.015199957000731956,0.07353773399881902,49208,49238
10,49,1,3217,64,0.07636874169111252,62,0.96875,0.015320163998694625,0.06704332699882798,49208,49238
10,50,1,3218,64,0.05041702464222908,64,1.0,0.01881771099579055,0.07060443500085967,49208,49238
10,51,1,3219,64,0.153007373213768,61,0.953125,0.015571508003631607,0.06768323800133658,49208,49238
10,52,1,3220,64,0.09469521045684814,62,0.96875,0.015365805000328692,0.06910304600023665,49208,49238
10,53,1,3221,64,0.1516028344631195,60,0.9375,0.015620451998984208,0.06785671499892487,49208,49238
10,54,1,3222,64,0.13339126110076904,59,0.921875,0.01622134600256686,0.06771912399926805,49208,49238
10,55,1,3223,64,0.14801380038261414,58,0.90625,0.016210101999604376,0.06964570899799583,49208,49238
10,56,1,3224,64,0.17817960679531097,60,0.9375,0.01826901299864403,0.06908293900050921,49208,49238
10,57,1,3225,64,0.11489507555961609,61,0.953125,0.017416036997019546,0.07072428299943567,49208,49238
10,58,1,3226,64,0.09993430972099304,62,0.96875,0.01458243400338688,0.0696484629988845,49208,49238
10,59,1,3227,64,0.18783846497535706,59,0.921875,0.01590529899840476,0.07179585600169958,49208,49238
10,60,1,3228,64,0.07842989265918732,62,0.96875,0.015193093997368123,0.07280540099964128,49208,49238
10,61,1,3229,64,0.0909346342086792,61,0.953125,0.01835241499793483,0.07520984800066799,49208,49238
10,62,1,3230,64,0.17798717319965363,60,0.9375,0.014439801998378243,0.06833503599773394,49208,49238
10,63,1,3231,64,0.15890051424503326,60,0.9375,0.01353789700078778,0.053175174001808045,49208,49238
10,64,1,3232,64,0.1811971664428711,61,0.953125,0.013452863997372333,0.05498612700102967,49208,49238
10,65,1,3233,64,0.1984688639640808,59,0.921875,0.01383349300158443,0.05474460199911846,49208,49238
10,66,1,3234,64,0.1196160763502121,61,0.953125,0.016002184001990827,0.05489256900182227,49208,49238
10,67,1,3235,64,0.1372089385986328,61,0.953125,0.013902589998906478,0.05096826199951465,49208,49238
10,68,1,3236,64,0.08618921041488647,63,0.984375,0.013193859998864355,0.05097398799989605,49208,49238
10,69,1,3237,64,0.2035948634147644,57,0.890625,0.01340326499848743,0.050828769999498036,49208,49238
10,70,1,3238,64,0.1240881010890007,62,0.96875,0.01349223099896335,0.05364078899947344,49208,49238
10,71,1,3239,64,0.14744457602500916,60,0.9375,0.014018866000697017,0.05392558699895744,49208,49238
10,72,1,3240,64,0.22682291269302368,59,0.921875,0.013402953001786955,0.054129827996803215,49208,49238
10,73,1,3241,64,0.1076713353395462,62,0.96875,0.013403080996795325,0.05100018200027989,49208,49238
10,74,1,3242,64,0.08148182928562164,62,0.96875,0.013634314000228187,0.05617058500138228,49208,49238
10,75,1,3243,64,0.17937147617340088,59,0.921875,0.013471233000018401,0.054925032000028295,49208,49238
10,76,1,3244,64,0.10551021993160248,63,0.984375,0.01735622200067155,0.05626145099813584,49208,49238
10,77,1,3245,64,0.0993947833776474,62,0.96875,0.01466268300282536,0.05582719900121447,49208,49238
10,78,1,3246,64,0.06809136271476746,64,1.0,0.013962130000436446,0.05366760999822873,49208,49238
10,79,1,3247,64,0.057182058691978455,63,0.984375,0.013419814000371844,0.05225648700070451,49208,49238
10,80,1,3248,64,0.2629461884498596,58,0.90625,0.013889907000702806,0.05300462200102629,49208,49238
10,81,1,3249,64,0.17297862470149994,62,0.96875,0.013495058003172744,0.05465889300103299,49208,49238
10,82,1,3250,64,0.12515120208263397,61,0.953125,0.01382338300027186,0.0543581180027104,49208,49238
10,83,1,3251,64,0.171371728181839,62,0.96875,0.014497380998363951,0.06097193599998718,49208,49238
10,84,1,3252,64,0.13353320956230164,62,0.96875,0.014388137002242729,0.0636196640007256,49208,49238
10,85,1,3253,64,0.10818779468536377,61,0.953125,0.013310427002579672,0.05193686199709191,49208,49238
10,86,1,3254,64,0.1705923080444336,61,0.953125,0.013840899002389051,0.05318348800210515,49208,49238
10,87,1,3255,64,0.1580267697572708,59,0.921875,0.013162985003873473,0.0546708049987501,49208,49238
10,88,1,3256,64,0.14979767799377441,61,0.953125,0.014908621000358835,0.05818540700056474,49208,49238
10,89,1,3257,64,0.1391455978155136,62,0.96875,0.014350437995744869,0.0633357779988728,49208,49238
10,90,1,3258,64,0.24854007363319397,59,0.921875,0.01603992999662296,0.05687847399894963,49208,49238
10,91,1,3259,64,0.15712791681289673,62,0.96875,0.014278278998972382,0.05953446800049278,49208,49238
10,92,1,3260,64,0.1673620194196701,61,0.953125,0.014106278998951893,0.054074076000688365,49208,49238
10,93,1,3261,64,0.16960513591766357,61,0.953125,0.01628872600122122,0.05869807899944135,49208,49238
10,94,1,3262,64,0.17570513486862183,62,0.96875,0.014563408996764338,0.05632970900114742,49208,49238
10,95,1,3263,64,0.1108187735080719,62,0.96875,0.01359335400047712,0.056812704002368264,49208,49238
10,96,1,3264,64,0.09958037734031677,61,0.953125,0.015435132001584861,0.05863369899816462,49208,49238
10,97,1,3265,64,0.08978621661663055,63,0.984375,0.01533504799954244,0.06276480700034881,49208,49238
10,98,1,3266,64,0.1611073911190033,62,0.96875,0.01485160599622759,0.05850805900263367,49208,49238
10,99,1,3267,64,0.16517621278762817,60,0.9375,0.013695039004232967,0.060730310000508325,49208,49238
10,100,1,3268,64,0.15254464745521545,61,0.953125,0.013567433001298923,0.05791063300057431,49208,49238
10,101,1,3269,64,0.10071204602718353,62,0.96875,0.014212424001016188,0.05580593400009093,49208,49238
10,102,1,3270,64,0.09623546153306961,62,0.96875,0.013899869001761544,0.05888487599804648,49208,49238
10,103,1,3271,64,0.13886672258377075,60,0.9375,0.014501656998618273,0.06044123899846454,49208,49238
10,104,1,3272,64,0.07023289799690247,64,1.0,0.01484596599766519,0.059927643997070845,49208,49238
10,105,1,3273,64,0.08328865468502045,63,0.984375,0.016113351004605647,0.06058786200082977,49208,49238
10,106,1,3274,64,0.15773704648017883,60,0.9375,0.01703113899566233,0.06456140700174728,49208,49238
10,107,1,3275,64,0.14943553507328033,61,0.953125,0.013764019000518601,0.057267256001068745,49208,49238
10,108,1,3276,64,0.19455382227897644,61,0.953125,0.014169960995786823,0.059446187002322404,49208,49238
10,109,1,3277,64,0.17149776220321655,60,0.9375,0.014532034998410381,0.05866314300146769,49208,49238
10,110,1,3278,64,0.08388090133666992,63,0.984375,0.01425704100256553,0.060689129000820685,49208,49238
10,111,1,3279,64,0.2824770212173462,59,0.921875,0.014742767001735047,0.06001927100078319,49208,49238
10,112,1,3280,64,0.250800222158432,60,0.9375,0.0139250690008339,0.05805315700126812,49208,49238
10,113,1,3281,64,0.1022605448961258,62,0.96875,0.014093436002440285,0.0619190509969485,49208,49238
10,114,1,3282,64,0.16574443876743317,61,0.953125,0.014235656002711039,0.07017391200133716,49208,49238
10,115,1,3283,64,0.11051201820373535,63,0.984375,0.015566330999718048,0.06113348700091592,49208,49238
10,116,1,3284,64,0.129963219165802,62,0.96875,0.01392285899783019,0.06043866499749129,49208,49238
10,117,1,3285,64,0.08192817866802216,63,0.984375,0.014550204999977723,0.061444038001354784,49208,49238
10,118,1,3286,64,0.07207859307527542,64,1.0,0.014075770999625092,0.062121142000250984,49208,49238
10,119,1,3287,64,0.11073412001132965,63,0.984375,0.017583221997483633,0.06802466999943135,49208,49238
10,120,1,3288,64,0.14527739584445953,60,0.9375,0.013781342997390311,0.06005602699951851,49208,49238
10,121,1,3289,64,0.1827964037656784,60,0.9375,0.01426482800161466,0.0650538179979776,49208,49238
10,122,1,3290,64,0.09972652792930603,61,0.953125,0.01389710399962496,0.06493516800037469,49208,49238
10,123,1,3291,64,0.1886669248342514,59,0.921875,0.016015318000427214,0.06292410699825268,49208,49238
10,124,1,3292,64,0.10264351963996887,62,0.96875,0.014061964000575244,0.06645138499879977,49208,49238
10,125,1,3293,64,0.1387927234172821,61,0.953125,0.013848988000972895,0.05802185299762641,49208,49238
10,126,1,3294,64,0.2439906746149063,61,0.953125,0.014313068000774365,0.06015588299851515,49208,49238
10,127,1,3295,64,0.08976072072982788,63,0.984375,0.014130519000900676,0.05917187000159174,49208,49238
10,128,1,3296,64,0.068380206823349,63,0.984375,0.014513550002448028,0.05860384199695545,49208,49238
10,129,1,3297,64,0.07413674890995026,62,0.96875,0.014617542998166755,0.059352208001655526,49208,49238
10,130,1,3298,64,0.13455554842948914,61,0.953125,0.015106148999620927,0.07030166999902576,49208,49238
10,131,1,3299,64,0.15720915794372559,60,0.9375,0.018307112004549708,0.0627972120018967,49208,49238
10,132,1,3300,64,0.08404597640037537,64,1.0,0.016063981001934735,0.0607725189984194,49208,49238
10,133,1,3301,64,0.11071281135082245,61,0.953125,0.01488214699929813,0.06596613599685952,49208,49238
10,134,1,3302,64,0.1175573468208313,62,0.96875,0.014097678002144676,0.059460373002366396,49208,49238
10,135,1,3303,64,0.16182419657707214,60,0.9375,0.01502309599891305,0.06221176300095976,49208,49238
10,136,1,3304,64,0.13098526000976562,62,0.96875,0.01416768000126467,0.05799619400204392,49208,49238
10,137,1,3305,64,0.10043952614068985,62,0.96875,0.016671619003318483,0.06236049699873547,49208,49238
10,138,1,3306,64,0.17516691982746124,59,0.921875,0.015111753000383032,0.06752398000026005,49208,49238
10,139,1,3307,64,0.1411304473876953,62,0.96875,0.013434267995762639,0.06397978099994361,49208,49238
10,140,1,3308,64,0.32403016090393066,56,0.875,0.015000244999100687,0.06043715299892938,49208,49238
10,141,1,3309,64,0.18010027706623077,61,0.953125,0.01663140500022564,0.06921253000109573,49208,49238
10,142,1,3310,64,0.18677490949630737,59,0.921875,0.016502148999279598,0.07095605399808846,49208,49238
10,143,1,3311,64,0.07684837281703949,64,1.0,0.016544751004403224,0.06288220200076466,49208,49238
10,144,1,3312,64,0.1698034107685089,62,0.96875,0.017286605001572752,0.07180054499986,49208,49238
10,145,1,3313,64,0.19022372364997864,59,0.921875,0.016671579996909713,0.06661752600120963,49208,49238
10,146,1,3314,64,0.11795897036790848,62,0.96875,0.014129588002106175,0.058025849000841845,49208,49238
10,147,1,3315,64,0.13902482390403748,63,0.984375,0.017248731001018314,0.06495154200092657,49208,49238
10,148,1,3316,64,0.12883228063583374,63,0.984375,0.016763532999902964,0.07194941700072377,49208,49238
10,149,1,3317,64,0.34978187084198,56,0.875,0.016513941998709925,0.06997848199898726,49208,49238
10,150,1,3318,64,0.15492412447929382,62,0.96875,0.014909254001395311,0.06315356900086044,49208,49238
10,151,1,3319,64,0.28855258226394653,59,0.921875,0.017177749003167264,0.06245606000084081,49208,49238
10,152,1,3320,64,0.14640003442764282,61,0.953125,0.01508201199612813,0.06342650900114677,49208,49238
10,153,1,3321,64,0.20809772610664368,60,0.9375,0.018248277996463003,0.06542054199962877,49208,49238
10,154,1,3322,64,0.2100512534379959,59,0.921875,0.019049445996643044,0.06980774099793052,49208,49238
10,155,1,3323,64,0.12700432538986206,61,0.953125,0.015096916999027599,0.059803615000419086,49208,49238
10,156,1,3324,64,0.27476516366004944,57,0.890625,0.01725091499974951,0.06096666599842138,49208,49238
10,157,1,3325,64,0.24106565117835999,57,0.890625,0.015036572000099113,0.059664879998308606,49208,49238
10,158,1,3326,64,0.11776584386825562,63,0.984375,0.014820304997556377,0.06357937500069966,49208,49238
10,159,1,3327,64,0.2067205309867859,59,0.921875,0.01498214899766026,0.0707724669991876,49208,49238
10,160,1,3328,64,0.25833606719970703,59,0.921875,0.01923562899537501,0.06732206299784593,49208,49238
10,161,1,3329,64,0.20990332961082458,57,0.890625,0.015700765001383843,0.0661768719983229,49208,49238
10,162,1,3330,64,0.15014582872390747,62,0.96875,0.018780594000418205,0.07832812299966463,49208,49238
10,163,1,3331,64,0.09672048687934875,62,0.96875,0.019664950003061676,0.06920383699980448,49208,49238
10,164,1,3332,64,0.14574162662029266,61,0.953125,0.01863026699720649,0.06448429800002486,49208,49238
10,165,1,3333,64,0.3286014795303345,55,0.859375,0.017064142997696763,0.06476404699787963,49208,49238
10,166,1,3334,64,0.19462069869041443,59,0.921875,0.015059763001772808,0.06448328599799424,49208,49238
10,167,1,3335,64,0.20568415522575378,59,0.921875,0.014574311000615126,0.0632859709985496,49208,49238
10,168,1,3336,64,0.2884199023246765,57,0.890625,0.013945811999292346,0.06338386800052831,49208,49238
10,169,1,3337,64,0.18964026868343353,59,0.921875,0.01407667199964635,0.06287589999919874,49208,49238
10,170,1,3338,64,0.2449454665184021,58,0.90625,0.014837454000371508,0.06569416999991518,49208,49238
10,171,1,3339,64,0.16975411772727966,59,0.921875,0.01658631100144703,0.06785131799915689,49208,49238
10,172,1,3340,64,0.25484710931777954,59,0.921875,0.016720042000088142,0.05904541700147092,49208,49238
10,173,1,3341,64,0.17626263201236725,61,0.953125,0.014603179999539861,0.057598426999902586,49208,49238
10,174,1,3342,64,0.24129624664783478,59,0.921875,0.014146515997708775,0.06826108699897304,49208,49238
10,175,1,3343,64,0.38304394483566284,54,0.84375,0.014108167997619603,0.06040512300023693,49208,49238
10,176,1,3344,64,0.12465847283601761,61,0.953125,0.01667396400080179,0.06224851099977968,49208,49238
10,177,1,3345,64,0.16703513264656067,61,0.953125,0.014612421997298952,0.060127952998300316,49208,49238
10,178,1,3346,64,0.2525423765182495,58,0.90625,0.016895774999284185,0.06513387899758527,49208,49238
10,179,1,3347,64,0.29168397188186646,58,0.90625,0.013995470002555521,0.06389878499976476,49208,49238
10,180,1,3348,64,0.23147422075271606,61,0.953125,0.014243652000004658,0.06137481000041589,49208,49238
10,181,1,3349,64,0.1692950427532196,62,0.96875,0.014422550000745105,0.06484410399934859,49208,49238
10,182,1,3350,64,0.2926572561264038,59,0.921875,0.013631097001052694,0.05858155000169063,49208,49238
10,183,1,3351,64,0.21738623082637787,58,0.90625,0.014053992003027815,0.06117620000077295,49208,49238
10,184,1,3352,64,0.21500208973884583,59,0.921875,0.017965730003197677,0.06541855300019961,49208,49238
10,185,1,3353,64,0.22870445251464844,60,0.9375,0.014255176000006031,0.062058928997430485,49208,49238
10,186,1,3354,64,0.10589003562927246,62,0.96875,0.015269794002961135,0.06720559500172385,49208,49238
10,187,1,3355,64,0.1559905856847763,61,0.953125,0.01412488999994821,0.058506748002400855,49208,49238
10,188,1,3356,64,0.1895158737897873,60,0.9375,0.014614501000323799,0.061358646998996846,49208,49238
10,189,1,3357,64,0.17209726572036743,60,0.9375,0.014767468001082307,0.06156140200255322,49208,49238
10,190,1,3358,64,0.11592279374599457,63,0.984375,0.017487549004727043,0.06420541300030891,49208,49238
10,191,1,3359,64,0.2787032127380371,59,0.921875,0.014985572001023684,0.06232493999777944,49208,49238
10,192,1,3360,64,0.2715607285499573,58,0.90625,0.01477627199710696,0.06612352600131999,49208,49238
10,193,1,3361,64,0.10480481386184692,62,0.96875,0.01544699700025376,0.060680256003252,49208,49238
10,194,1,3362,64,0.1315867155790329,61,0.953125,0.01507762300025206,0.06233406899991678,49208,49238
10,195,1,3363,64,0.2487485408782959,58,0.90625,0.016281030999380164,0.061389054000756005,49208,49238
10,196,1,3364,64,0.08927208185195923,62,0.96875,0.01661194599728333,0.06529177300035371,49208,49238
10,197,1,3365,64,0.15982839465141296,62,0.96875,0.018483029994968092,0.07091468300131964,49208,49238
10,198,1,3366,64,0.15062640607357025,61,0.953125,0.017566355996677885,0.06641477199809742,49208,49238
10,199,1,3367,64,0.14997312426567078,60,0.9375,0.01488478099781787,0.060314853999443585,49208,49238
10,200,1,3368,64,0.23174487054347992,58,0.90625,0.014843372999166604,0.06524281400197651,49208,49238
10,201,1,3369,64,0.16695855557918549,62,0.96875,0.014594222000596346,0.06254781100142282,49208,49238
10,202,1,3370,64,0.06274355947971344,63,0.984375,0.015167353998549515,0.06395007700120914,49208,49238
10,203,1,3371,64,0.11702093482017517,60,0.9375,0.014142733001790475,0.06933434999882593,49208,49238
10,204,1,3372,64,0.1862349510192871,58,0.90625,0.014781554004002828,0.06307624699911685,49208,49238
10,205,1,3373,64,0.21057820320129395,63,0.984375,0.01458637000177987,0.06502441599877784,49208,49238
10,206,1,3374,64,0.12905405461788177,62,0.96875,0.01527551699837204,0.06317564100027084,49208,49238
10,207,1,3375,64,0.16806581616401672,60,0.9375,0.01526828400164959,0.06512761900012265,49208,49238
10,208,1,3376,64,0.12183257937431335,62,0.96875,0.01410211699840147,0.05881394500102033,49208,49238
10,209,1,3377,64,0.1998537927865982,60,0.9375,0.015591893996315775,0.06748737000089022,49208,49238
10,210,1,3378,64,0.171089768409729,60,0.9375,0.014971163996960968,0.061862451999331824,49208,49238
10,211,1,3379,64,0.0950281172990799,61,0.953125,0.017374053997627925,0.06556381299742498,49208,49238
10,212,1,3380,64,0.1397564709186554,60,0.9375,0.014286519999586744,0.06046209799751523,49208,49238
10,213,1,3381,64,0.3821426331996918,57,0.890625,0.014102867997280555,0.06219177299863077,49208,49238
10,214,1,3382,64,0.2143314629793167,58,0.90625,0.015099989999725949,0.0615379840019159,49208,49238
10,215,1,3383,64,0.13602903485298157,62,0.96875,0.014576585999748204,0.06557917600002838,49208,49238
10,216,1,3384,64,0.15597447752952576,60,0.9375,0.014845403999061091,0.0641631909966236,49208,49238
10,217,1,3385,64,0.08467540144920349,63,0.984375,0.01568374899943592,0.0606182909978088,49208,49238
10,218,1,3386,64,0.2831231355667114,58,0.90625,0.014833539004030172,0.06190225600221311,49208,49238
10,219,1,3387,64,0.2480096071958542,59,0.921875,0.014795193001191365,0.060201836000487674,49208,49238
10,220,1,3388,64,0.3364543914794922,56,0.875,0.0167133040013141,0.0618503600016993,49208,49238
10,221,1,3389,64,0.2399311512708664,61,0.953125,0.014984387998993043,0.06627253500118968,49208,49238
10,222,1,3390,64,0.16851234436035156,60,0.9375,0.014349359000334516,0.057246807002229616,49208,49238
10,223,1,3391,64,0.19790183007717133,61,0.953125,0.014488157998130191,0.05914266299805604,49208,49238
10,224,1,3392,64,0.1339658498764038,62,0.96875,0.01710529799674987,0.06431552399953944,49208,49238
10,225,1,3393,64,0.2943100333213806,59,0.921875,0.01409574300123495,0.0570145150013559,49208,49238
10,226,1,3394,64,0.10206818580627441,62,0.96875,0.014049074998183642,0.057232066999858944,49208,49238
10,227,1,3395,64,0.28684720396995544,58,0.90625,0.01713070599726052,0.06052569600069546,49208,49238
10,228,1,3396,64,0.14626944065093994,61,0.953125,0.014302336003311211,0.06726553100088495,49208,49238
10,229,1,3397,64,0.15040315687656403,61,0.953125,0.014641106998169562,0.06836871899940888,49208,49238
10,230,1,3398,64,0.17438414692878723,59,0.921875,0.017377942996972706,0.06487093699979596,49208,49238
10,231,1,3399,64,0.17701593041419983,60,0.9375,0.015660148001188645,0.05955018799795653,49208,49238
10,232,1,3400,64,0.31070905923843384,56,0.875,0.0149831259950588,0.06425681100154179,49208,49238
10,233,1,3401,64,0.20087754726409912,59,0.921875,0.016553973000554834,0.06816745299875038,49208,49238
10,234,1,3402,64,0.2071743607521057,59,0.921875,0.016309581998939393,0.06156704900058685,49208,49238
10,235,1,3403,64,0.15243768692016602,61,0.953125,0.0144129910004267,0.06423573999927612,49208,49238
10,236,1,3404,64,0.10628616809844971,62,0.96875,0.017814382001233753,0.062100851002469426,49208,49238
10,237,1,3405,64,0.18141034245491028,60,0.9375,0.015711674001067877,0.06330657800208428,49208,49238
10,238,1,3406,64,0.1275341808795929,60,0.9375,0.01618551299907267,0.06554272300127195,49208,49238
10,239,1,3407,64,0.14043572545051575,61,0.953125,0.013437207002425566,0.05867185599709046,49208,49238
10,240,1,3408,64,0.12371616810560226,62,0.96875,0.01643433999925037,0.06603043799987063,49208,49238
10,241,1,3409,64,0.23543280363082886,61,0.953125,0.014955526999983704,0.06788864400004968,49208,49238
10,242,1,3410,64,0.24633288383483887,57,0.890625,0.015875646997301374,0.06121242900189827,49208,49238
10,243,1,3411,64,0.2581213116645813,58,0.90625,0.015324158001021715,0.058829874000366544,49208,49238
10,244,1,3412,64,0.23381675779819489,60,0.9375,0.015377078001620248,0.06481321700266562,49208,49238
10,245,1,3413,64,0.2266145646572113,58,0.90625,0.01363213000149699,0.059098125999298645,49208,49238
10,246,1,3414,64,0.22571557760238647,58,0.90625,0.016878075002750847,0.06654011199861998,49208,49238
10,247,1,3415,64,0.11088795214891434,63,0.984375,0.015699439001764404,0.05990504599685664,49208,49238
10,248,1,3416,64,0.24904415011405945,57,0.890625,0.01539041899741278,0.05952804499975173,49208,49238
10,249,1,3417,64,0.1356453001499176,61,0.953125,0.014130513998679817,0.0633329899974342,49208,49238
10,250,1,3418,64,0.1088336929678917,62,0.96875,0.020440756998141296,0.07102945600126986,49208,49238
10,251,1,3419,64,0.2439638376235962,58,0.90625,0.015660241999285063,0.06043030399814597,49208,49238
10,252,1,3420,64,0.17757993936538696,61,0.953125,0.01752446200043778,0.0647100739988673,49208,49238
10,253,1,3421,64,0.2343413531780243,59,0.921875,0.013949218999186996,0.060159687000123085,49208,49238
10,254,1,3422,64,0.13777512311935425,61,0.953125,0.014338192002469441,0.06591496300097788,49208,49238
10,255,1,3423,64,0.11344649642705917,60,0.9375,0.01757726700088824,0.06995552800071891,49208,49238
10,256,1,3424,64,0.43023502826690674,57,0.890625,0.014942134999728296,0.06430857899977127,49208,49238
10,257,1,3425,64,0.31567806005477905,56,0.875,0.0174643769969407,0.06551423599739792,49208,49238
10,258,1,3426,64,0.13878583908081055,61,0.953125,0.016523625003173947,0.06272988600176177,49208,49238
10,259,1,3427,64,0.2587471008300781,56,0.875,0.016403444002207834,0.06424019299811334,49208,49238
10,260,1,3428,64,0.2682470977306366,61,0.953125,0.014747312001418322,0.0597135009993508,49208,49238
10,261,1,3429,64,0.2222021073102951,58,0.90625,0.015476199998374796,0.0625895320008567,49208,49238
10,262,1,3430,64,0.33186790347099304,59,0.921875,0.015673624999180902,0.05963214899747982,49208,49238
10,263,1,3431,64,0.1355363130569458,62,0.96875,0.014443386000493774,0.06435791100011556,49208,49238
10,264,1,3432,64,0.19739653170108795,60,0.9375,0.01437257799989311,0.05724465200182749,49208,49238
10,265,1,3433,64,0.22774645686149597,58,0.90625,0.016279335995932342,0.06365164199814899,49208,49238
10,266,1,3434,64,0.1507372111082077,60,0.9375,0.016440850999060785,0.06557864600108587,49208,49238
10,267,1,3435,64,0.22256603837013245,57,0.890625,0.014541001997713465,0.06975319399862201,49208,49238
10,268,1,3436,64,0.1519051492214203,59,0.921875,0.014343994000228122,0.064464349001355,49208,49238
10,269,1,3437,64,0.36068642139434814,54,0.84375,0.014456376004090998,0.059018941999966046,49208,49238
10,270,1,3438,64,0.2436307668685913,58,0.90625,0.014767235999897821,0.06123228599972208,49208,49238
10,271,1,3439,64,0.10490754246711731,62,0.96875,0.014536964998114854,0.0616304700015462,49208,49238
10,272,1,3440,64,0.08796720206737518,63,0.984375,0.014213574999303091,0.06354112299959525,49208,49238
10,273,1,3441,64,0.17775116860866547,59,0.921875,0.014779533998080296,0.0627726119964791,49208,49238
10,274,1,3442,64,0.19036269187927246,60,0.9375,0.015132597996853292,0.0675152590010839,49208,49238
10,275,1,3443,64,0.21084806323051453,59,0.921875,0.01451973399889539,0.0648846969997976,49208,49238
10,276,1,3444,64,0.10018709301948547,63,0.984375,0.017539729000418447,0.0644227110024076,49208,49238
10,277,1,3445,64,0.14090418815612793,62,0.96875,0.017671730998699786,0.06980953899983433,49208,49238
10,278,1,3446,64,0.20364774763584137,58,0.90625,0.013844188000803115,0.06023617300161277,49208,49238
10,279,1,3447,64,0.3341980278491974,56,0.875,0.015396097998745972,0.05875168499915162,49208,49238
10,280,1,3448,64,0.148630291223526,61,0.953125,0.014140122999378946,0.06495834800080047,49208,49238
10,281,1,3449,64,0.08635315299034119,64,1.0,0.015787445998284966,0.06092220699792961,49208,49238
10,282,1,3450,64,0.23448002338409424,58,0.90625,0.016601537998212734,0.059709706001740415,49208,49238
10,283,1,3451,64,0.19658195972442627,60,0.9375,0.014890271999320248,0.0615409220008587,49208,49238
10,284,1,3452,64,0.24298016726970673,58,0.90625,0.014739665999513818,0.06112931499956176,49208,49238
10,285,1,3453,64,0.26114654541015625,56,0.875,0.0153549690003274,0.05963776600037818,49208,49238
10,286,1,3454,64,0.2243635654449463,57,0.890625,0.015560626998194493,0.06326410900146584,49208,49238
10,287,1,3455,64,0.18120068311691284,61,0.953125,0.014222197001799941,0.06309470300038811,49208,49238
10,288,1,3456,64,0.13787005841732025,60,0.9375,0.01530251800068072,0.05977133799751755,49208,49238
10,289,1,3457,64,0.10820654779672623,62,0.96875,0.013685455000086222,0.05898230399907334,49208,49238
10,290,1,3458,64,0.2176358997821808,60,0.9375,0.014814258000114933,0.061881284000264714,49208,49238
10,291,1,3459,64,0.10087835043668747,62,0.96875,0.016969742999208393,0.06491727899992839,49208,49238
10,292,1,3460,64,0.14398421347141266,62,0.96875,0.015545060003205435,0.06118357499872218,49208,49238
10,293,1,3461,64,0.10149054229259491,63,0.984375,0.015786496001965133,0.06148477800161345,49208,49238
10,294,1,3462,64,0.2065211832523346,62,0.96875,0.017083256996556884,0.06189585900210659,49208,49238
10,295,1,3463,64,0.13678298890590668,62,0.96875,0.01650269400124671,0.07550885199816548,49208,49238
10,296,1,3464,64,0.06791415065526962,63,0.984375,0.01715941600195947,0.07552318699890748,49208,49238
10,297,1,3465,64,0.12843665480613708,61,0.953125,0.015477320001082262,0.07563837699854048,49208,49238
10,298,1,3466,64,0.1604626327753067,61,0.953125,0.014993479999247938,0.07323062599971308,49208,49238
10,299,1,3467,64,0.2232893705368042,57,0.890625,0.014975050999055384,0.07491639499858138,49208,49238
10,300,1,3468,64,0.14005759358406067,61,0.953125,0.015365884002676466,0.06416237699886551,49208,49238
10,301,1,3469,64,0.21976381540298462,59,0.921875,0.014922553000360494,0.06629089600028237,49208,49238
10,302,1,3470,64,0.16026806831359863,60,0.9375,0.01641530699998839,0.07527249399936409,49208,49238
10,303,1,3471,64,0.23368766903877258,60,0.9375,0.015463620999071281,0.06522936400142498,49208,49238
10,304,1,3472,64,0.1811179518699646,61,0.953125,0.01805052099734894,0.07324104100189288,49208,49238
10,305,1,3473,64,0.3529248833656311,56,0.875,0.017620941001950996,0.06608775999848149,49208,49238
10,306,1,3474,64,0.0913846343755722,62,0.96875,0.01586164599939366,0.0696401320019504,49208,49238
10,307,1,3475,64,0.1747620403766632,60,0.9375,0.015502322999964235,0.06479678300092928,49208,49238
10,308,1,3476,64,0.17352470755577087,59,0.921875,0.016089097000076436,0.07089298199935001,49208,49238
10,309,1,3477,64,0.1515495926141739,61,0.953125,0.015429163999215234,0.0615571620000992,49208,49238
10,310,1,3478,64,0.3576314449310303,55,0.859375,0.015134277997276513,0.06844679500136408,49208,49238
10,311,1,3479,64,0.17158909142017365,60,0.9375,0.015756417000375222,0.06545016400195891,49208,49238
10,312,1,3480,64,0.08962109684944153,62,0.96875,0.01596234499811544,0.07140077900112374,49208,49238
10,313,1,3481,64,0.2042616605758667,61,0.953125,0.015475670003070263,0.06766695899932529,49208,49238
10,314,1,3482,64,0.16714069247245789,60,0.9375,0.017393277998053236,0.07027843300238601,49208,49238
10,315,1,3483,64,0.2604740858078003,57,0.890625,0.018456803998560645,0.07184086100096465,49208,49238
10,316,1,3484,64,0.1873263418674469,58,0.90625,0.015431019997777184,0.06741160700039472,49208,49238
10,317,1,3485,64,0.11400125920772552,61,0.953125,0.01799199700326426,0.07014380699911271,49208,49238
10,318,1,3486,64,0.14480845630168915,60,0.9375,0.01589117700132192,0.06867702599993208,49208,49238
10,319,1,3487,64,0.1638779193162918,60,0.9375,0.015373304999229731,0.062944752000476,49208,49238
10,320,1,3488,64,0.20435671508312225,59,0.921875,0.015981617998477304,0.07117186399773345,49208,49238
10,321,1,3489,64,0.13575178384780884,61,0.953125,0.015544926005532034,0.07046021100177313,49208,49238
10,322,1,3490,64,0.24235063791275024,59,0.921875,0.01758553900072002,0.07009121800001594,49208,49238
10,323,1,3491,64,0.16001787781715393,61,0.953125,0.015864731001784094,0.07111205800174503,49208,49238
10,324,1,3492,64,0.12600074708461761,62,0.96875,0.01493329599907156,0.06539862800127594,49208,49238
10,325,1,3493,64,0.15362714231014252,59,0.921875,0.013999739996506833,0.060904013000254054,49208,49238
10,326,1,3494,64,0.1460953950881958,60,0.9375,0.013941089000581997,0.0634700820010039,49208,49238
10,327,1,3495,64,0.27269864082336426,55,0.859375,0.014989686998887919,0.0635392869990028,49208,49238
10,328,1,3496,64,0.25560957193374634,59,0.921875,0.015841763000935316,0.06091905200082692,49208,49238
10,329,1,3497,64,0.16984137892723083,61,0.953125,0.014958793999539921,0.06586161900122534,49208,49238
10,330,1,3498,64,0.24933576583862305,57,0.890625,0.01407539299907512,0.06026762100009364,49208,49238
10,331,1,3499,64,0.1591130495071411,61,0.953125,0.015404532001412008,0.0620867020006699,49208,49238
10,332,1,3500,64,0.1412656456232071,62,0.96875,0.014222876001440454,0.05839438100156258,49208,49238
10,333,1,3501,64,0.1471579223871231,61,0.953125,0.014066945997910807,0.06584512400149833,49208,49238
10,334,1,3502,64,0.12226061522960663,61,0.953125,0.013392942000791663,0.057929831000365084,49208,49238
10,335,1,3503,64,0.23998764157295227,59,0.921875,0.016743498999858275,0.0648312140001508,49208,49238
10,336,1,3504,64,0.2594884932041168,59,0.921875,0.014325279000331648,0.05822789299782016,49208,49238
10,337,1,3505,64,0.2925657331943512,57,0.890625,0.013877316003345186,0.06766333899940946,49208,49238
10,338,1,3506,64,0.1992110162973404,58,0.90625,0.013878465997549938,0.06393901499905041,49208,49238
10,339,1,3507,64,0.08435239642858505,64,1.0,0.014781003996176878,0.06166406999909668,49208,49238
10,340,1,3508,64,0.2250884771347046,60,0.9375,0.022182623000844615,0.0754572339974402,49208,49238
10,341,1,3509,64,0.21278193593025208,60,0.9375,0.013412030002655229,0.057415709998167586,49208,49238
10,342,1,3510,64,0.22581671178340912,57,0.890625,0.015953472000546753,0.061447096999472706,49208,49238
10,343,1,3511,64,0.1528003215789795,62,0.96875,0.014132030999462586,0.05874991399832652,49208,49238
10,344,1,3512,64,0.20783555507659912,58,0.90625,0.014343050999741536,0.058530762002192205,49208,49238
10,345,1,3513,64,0.19804877042770386,61,0.953125,0.014677477000077488,0.05921149299683748,49208,49238
10,346,1,3514,64,0.17167837917804718,62,0.96875,0.01469994099898031,0.06220252699858975,49208,49238
10,347,1,3515,64,0.2749231159687042,58,0.90625,0.01628724100010004,0.06687986199904117,49208,49238
10,348,1,3516,64,0.26889050006866455,57,0.890625,0.014183642000716645,0.06142497499968158,49208,49238
10,349,1,3517,64,0.2655429542064667,59,0.921875,0.017134162000729702,0.06842126999981701,49208,49238
10,350,1,3518,64,0.3788893222808838,56,0.875,0.014252942997700302,0.05795720800233539,49208,49238
10,351,1,3519,36,0.23172137141227722,33,0.9166666666666666,0.013778262000414543,0.05325659400114091,27703,27733
