epoch,batch,client_id,step,n,loss,correct,accuracy,rpc_seconds,batch_seconds,tx_bytes,rx_bytes
1,0,0,0,64,2.3100602626800537,7,0.109375,0.476784939000936,3.0820018379999965,49198,49232
1,1,0,1,64,2.2982263565063477,7,0.109375,0.013983133001602255,0.0525478950003162,49202,49236
1,2,0,2,64,2.292825222015381,8,0.125,0.015135868998186197,0.05311072599943145,49202,49236
1,3,0,3,64,2.2480697631835938,14,0.21875,0.014738777001184644,0.05547737799861352,49202,49236
1,4,0,4,64,2.323573112487793,7,0.109375,0.01534218099914142,0.053882178999629105,49202,49236
1,5,0,5,64,2.2952277660369873,6,0.09375,0.014485392002825392,0.054731704000005266,49202,49236
1,6,0,6,64,2.311890125274658,6,0.09375,0.014558066002791747,0.053825907001737505,49202,49236
1,7,0,7,64,2.2910985946655273,5,0.078125,0.014397044000361348,0.051333854000404244,49202,49236
1,8,0,8,64,2.245624542236328,12,0.1875,0.014337095999508165,0.05277335299979313,49202,49236
1,9,0,9,64,2.2298715114593506,19,0.296875,0.014647110998339485,0.05218899099781993,49202,49236
1,10,0,10,64,2.2602577209472656,11,0.171875,0.014586359000531957,0.05778316000214545,49202,49236
1,11,0,11,64,2.2490487098693848,13,0.203125,0.015618077999533853,0.05518458900041878,49202,49236
1,12,0,12,64,2.2029457092285156,10,0.15625,0.015330822003306821,0.056216264001704985,49202,49236
1,13,0,13,64,2.147613763809204,15,0.234375,0.01431233100083773,0.06007670200051507,49202,49236
1,14,0,14,64,2.161740779876709,15,0.234375,0.014453669002250535,0.05149715399966226,49202,49236
1,15,0,15,64,2.223278045654297,8,0.125,0.015071108999109128,0.052988659001130145,49202,49236
1,16,0,16,64,2.2997312545776367,4,0.0625,0.015433921998919686,0.053846203998546116,49202,49236
1,17,0,17,64,2.2183780670166016,7,0.109375,0.01765059600074892,0.058030010000948096,49202,49236
1,18,0,18,64,2.1184544563293457,16,0.25,0.014617561995692085,0.05278809399897,49202,49236
1,19,0,19,64,2.0817627906799316,13,0.203125,0.017307672002061736,0.06098449300043285,49202,49236
1,20,0,20,64,2.2743418216705322,8,0.125,0.01611547500215238,0.05934094099939102,49202,49236
1,21,0,21,64,2.1649765968322754,16,0.25,0.0167001160007203,0.061297570002352586,49202,49236
1,22,0,22,64,2.145103693008423,14,0.21875,0.017980918997636763,0.05823709199830773,49202,49236
1,23,0,23,64,2.0767061710357666,15,0.234375,0.014817403003689833,0.05457958599799895,49202,49236
1,24,0,24,64,2.1185617446899414,11,0.171875,0.015098531996045494,0.05614893399979337,49202,49236
1,25,0,25,64,2.104686737060547,16,0.25,0.017548343996168114,0.06500551700082724,49202,49236
1,26,0,26,64,2.0552234649658203,11,0.171875,0.015965168000548147,0.058867945001111366,49202,49236
1,27,0,27,64,1.9768863916397095,15,0.234375,0.014449740996496985,0.06272418899970944,49202,49236
1,28,0,28,64,2.1824090480804443,9,0.140625,0.014807096002186881,0.053648953999072546,49202,49236
1,29,0,29,64,2.1363039016723633,14,0.21875,0.015114304998860462,0.05483123600060935,49202,49236
1,30,0,30,64,2.12042236328125,14,0.21875,0.01469209199785837,0.055456915997638134,49202,49236
1,31,0,31,64,2.000901222229004,16,0.25,0.014787933996558422,0.05984424999769544,49202,49236
1,32,0,32,64,1.8931381702423096,15,0.234375,0.014301032995717833,0.05988021099983598,49202,49236
1,33,0,33,64,1.9258577823638916,24,0.375,0.015230922002956504,0.054877458002010826,49202,49236
1,34,0,34,64,2.1662840843200684,15,0.234375,0.014813908001087839,0.058762459997524275,49202,49236
1,35,0,35,64,2.0927371978759766,14,0.21875,0.014892039998812834,0.05508449600165477,49202,49236
1,36,0,36,64,2.0612902641296387,14,0.21875,0.014871652001602342,0.054247460000624415,49202,49236
1,37,0,37,64,1.946800708770752,17,0.265625,0.014446962002693908,0.06121215099847177,49202,49236
1,38,0,38,64,2.073131561279297,20,0.3125,0.015154762997553917,0.057467503000225406,49202,49236
1,39,0,39,64,1.8971285820007324,23,0.359375,0.017054246003681328,0.05783619400244788,49202,49236
1,40,0,40,64,2.1615569591522217,22,0.34375,0.013453128001856385,0.05428936500175041,49202,49236
1,41,0,41,64,2.0373446941375732,12,0.1875,0.01500839599975734,0.06112953500269214,49202,49236
1,42,0,42,64,2.0301766395568848,19,0.296875,0.013889318001020001,0.061714971998299006,49202,49236
1,43,0,43,64,1.9138374328613281,16,0.25,0.014296910998382373,0.06408913999985089,49202,49236
1,44,0,44,64,2.0679216384887695,16,0.25,0.014512120000290452,0.059421759000542806,49202,49236
1,45,0,45,64,1.8547561168670654,23,0.359375,0.014297060002718354,0.06147091700040619,49202,49236
1,46,0,46,64,1.9770236015319824,16,0.25,0.013883602001442341,0.06108660000245436,49202,49236
1,47,0,47,64,1.9127426147460938,18,0.28125,0.013747925997449784,0.054552112000237685,49202,49236
1,48,0,48,64,1.8613884449005127,23,0.359375,0.017557635001139715,0.06794407300185412,49202,49236
1,49,0,49,64,1.9939424991607666,15,0.234375,0.015193854000244755,0.06130800599930808,49202,49236
1,50,0,50,64,1.9222238063812256,16,0.25,0.016004273998987628,0.06225101999734761,49202,49236
1,51,0,51,64,1.730661392211914,21,0.328125,0.014408802995603764,0.0581427180004539,49202,49236
1,52,0,52,64,1.9050226211547852,21,0.328125,0.014350715002365177,0.060857464999571675,49202,49236
1,53,0,53,64,1.8444387912750244,17,0.265625,0.015462000999832526,0.059155180999368895,49202,49236
1,54,0,54,64,1.8135032653808594,16,0.25,0.01644227899669204,0.0642469840022386,49202,49236
1,55,0,55,64,1.94951331615448,18,0.28125,0.016011447998607764,0.06821529800072312,49202,49236
1,56,0,56,64,1.7809938192367554,18,0.28125,0.014812763001827989,0.060256830001890194,49202,49236
1,57,0,57,64,1.8629599809646606,23,0.359375,0.018196815999544924,0.0651112710002053,49202,49236
1,58,0,58,64,1.8250019550323486,24,0.375,0.014372917998116463,0.05507530599788879,49202,49236
1,59,0,59,64,1.6938656568527222,27,0.421875,0.014856046000204515,0.06342520500038518,49202,49236
1,60,0,60,64,1.7702676057815552,23,0.359375,0.01645301100143115,0.06186541699935333,49202,49236
1,61,0,61,64,1.7027854919433594,19,0.296875,0.01825304500380298,0.06182712800000445,49202,49236
1,62,0,62,64,1.8141419887542725,22,0.34375,0.015137313996092416,0.060234371998376446,49202,49236
1,63,0,63,64,1.9157856702804565,23,0.359375,0.014768003995413892,0.060421902999223676,49202,49236
1,64,0,64,64,1.7974023818969727,19,0.296875,0.015767846001836006,0.059820337999553885,49202,49236
1,65,0,65,64,1.7268980741500854,24,0.375,0.01484409099793993,0.057255112998973345,49202,49236
1,66,0,66,64,1.7901592254638672,28,0.4375,0.0174460700036434,0.06193755799904466,49202,49236
1,67,0,67,64,1.8601270914077759,19,0.296875,0.014615545002016006,0.0573404489987297,49202,49236
1,68,0,68,64,1.7001674175262451,27,0.421875,0.016344043000572128,0.06413826500283903,49202,49236
1,69,0,69,64,1.7748326063156128,18,0.28125,0.016815351002151147,0.05992235200028517,49202,49236
1,70,0,70,64,1.6288390159606934,24,0.375,0.015137518999836175,0.058795783999812556,49202,49236
1,71,0,71,64,1.8256959915161133,23,0.359375,0.017842000001110137,0.06273524999778601,49202,49236
1,72,0,72,64,1.7235908508300781,19,0.296875,0.015080391000083182,0.05894965100014815,49202,49236
1,73,0,73,64,1.743811845779419,22,0.34375,0.016008933002012782,0.06143239299854031,49202,49236
1,74,0,74,64,1.581976056098938,25,0.390625,0.015845448997424683,0.06058602399934898,49202,49236
1,75,0,75,64,1.727241039276123,24,0.375,0.015043733001220971,0.05839261899745907,49202,49236
1,76,0,76,64,1.8724950551986694,16,0.25,0.015727300000435207,0.06352951300141285,49202,49236
1,77,0,77,64,1.6363507509231567,21,0.328125,0.016854019999300363,0.05871780900270096,49202,49236
1,78,0,78,64,1.5211539268493652,36,0.5625,0.01833056699615554,0.062356995997106424,49202,49236
1,79,0,79,64,1.5546176433563232,26,0.40625,0.017054292999091558,0.05950103000213858,49202,49236
1,80,0,80,64,1.6371870040893555,26,0.40625,0.015208017000986729,0.06315933800215134,49202,49236
1,81,0,81,64,1.7079153060913086,28,0.4375,0.015060531000926858,0.05848101700030384,49202,49236
1,82,0,82,64,1.6852883100509644,26,0.40625,0.020060146998730488,0.06623306300025433,49202,49236
1,83,0,83,64,1.634056806564331,21,0.328125,0.016009821996703977,0.06457276600121986,49202,49236
1,84,0,84,64,1.6402901411056519,23,0.359375,0.016279220002616057,0.06414232699899003,49202,49236
1,85,0,85,64,1.8671321868896484,16,0.25,0.019478166999761015,0.06743973400079994,49202,49236
1,86,0,86,64,1.7975059747695923,25,0.390625,0.01502165600322769,0.07888486899901181,49202,49236
1,87,0,87,64,1.6096111536026,25,0.390625,0.013995843000884634,0.060761986998841166,49202,49236
1,88,0,88,64,1.6459519863128662,27,0.421875,0.015582337000523694,0.05967610899824649,49202,49236
1,89,0,89,64,1.7426784038543701,28,0.4375,0.01375467099933303,0.0599942530025146,49202,49236
1,90,0,90,64,1.564123272895813,26,0.40625,0.018069809000735404,0.06601509100073599,49202,49236
1,91,0,91,64,1.7000106573104858,20,0.3125,0.017180034999910276,0.05869983099910314,49202,49236
1,92,0,92,64,1.6859686374664307,25,0.390625,0.017299805000220658,0.05742341799850692,49202,49236
1,93,0,93,64,1.446080207824707,29,0.453125,0.016521165998710785,0.059150132998183835,49202,49236
1,94,0,94,64,2.0824971199035645,22,0.34375,0.01793557600103668,0.059543507999478607,49202,49236
1,95,0,95,64,1.7171294689178467,23,0.359375,0.01871318700068514,0.06201471699750982,49202,49236
1,96,0,96,64,1.7404605150222778,21,0.328125,0.015116530998056987,0.06609458899765741,49202,49236
1,97,0,97,64,1.5752078294754028,19,0.296875,0.016290168001432903,0.0637710760020127,49202,49236
1,98,0,98,64,1.7602131366729736,17,0.265625,0.018050705999485217,0.06173415500234114,49202,49236
1,99,0,99,64,1.6525440216064453,25,0.390625,0.017097040999942692,0.060821027000201866,49202,49236
1,100,0,100,64,1.697643518447876,24,0.375,0.014964053003495792,0.05796026899770368,49202,49236
1,101,0,101,64,1.5501430034637451,25,0.390625,0.015053360999445431,0.05837463900024886,49202,49236
1,102,0,102,64,1.6465728282928467,25,0.390625,0.01764226999875973,0.05906450600014068,49202,49236
1,103,0,103,64,1.819216251373291,26,0.40625,0.014541984000970842,0.05983613299758872,49202,49236
1,104,0,104,64,1.5336823463439941,29,0.453125,0.017399179003405152,0.06341072099894518,49202,49236
1,105,0,105,64,1.6178276538848877,27,0.421875,0.014719531005539466,0.06383779500174569,49202,49236
1,106,0,106,64,1.8581225872039795,26,0.40625,0.016831692999403458,0.06479503100126749,49202,49236
1,107,0,107,64,1.5704431533813477,34,0.53125,0.01603918099863222,0.0587687699990056,49202,49236
1,108,0,108,64,1.6553938388824463,25,0.390625,0.01618892799888272,0.05780917599986424,49202,49236
1,109,0,109,64,1.5556457042694092,24,0.375,0.02312920699841925,0.07061099299971829,49202,49236
1,110,0,110,64,1.6650408506393433,30,0.46875,0.015187903001788072,0.0666479489991616,49202,49236
1,111,0,111,64,1.3946080207824707,31,0.484375,0.015455841003131354,0.06161449499995797,49202,49236
1,112,0,112,64,1.465609073638916,29,0.453125,0.015537156999926083,0.058940433998941444,49202,49236
1,113,0,113,64,1.3873717784881592,33,0.515625,0.013907877997553442,0.05793883400110644,49202,49236
1,114,0,114,64,1.5078980922698975,29,0.453125,0.01404503300000215,0.05797243100096239,49202,49236
1,115,0,115,64,1.3448883295059204,30,0.46875,0.014289014998212224,0.05880126000192831,49202,49236
1,116,0,116,64,1.655104637145996,27,0.421875,0.01443621300131781,0.06090576999849873,49202,49236
1,117,0,117,64,1.728124976158142,29,0.453125,0.013499780001438921,0.06055755800116458,49202,49236
1,118,0,118,64,1.6369986534118652,26,0.40625,0.015057930002512876,0.06170818000100553,49202,49236
1,119,0,119,64,1.4419138431549072,29,0.453125,0.01911379500234034,0.07026611800029059,49202,49236
1,120,0,120,64,1.5941613912582397,25,0.390625,0.018393113001366146,0.06384728899865877,49202,49236
1,121,0,121,64,1.4707005023956299,29,0.453125,0.014457086002948927,0.05717158100014785,49202,49236
1,122,0,122,64,1.5198673009872437,28,0.4375,0.014882368999678874,0.05787373299972387,49202,49236
1,123,0,123,64,1.4547955989837646,31,0.484375,0.016696384001988918,0.06443040699741687,49202,49236
1,124,0,124,64,1.4713773727416992,34,0.53125,0.014914822000719141,0.05709422400104813,49202,49236
1,125,0,125,64,1.504493236541748,29,0.453125,0.013932949997979449,0.056430728000123054,49202,49236
1,126,0,126,64,1.3565845489501953,30,0.46875,0.01443220399596612,0.05719629899977008,49202,49236
1,127,0,127,64,1.6184749603271484,33,0.515625,0.014770055004191818,0.057540756999515,49202,49236
1,128,0,128,64,1.6281111240386963,25,0.390625,0.015624697996827308,0.06009441099740798,49204,49238
1,129,0,129,64,1.437016487121582,25,0.390625,0.014237586001399904,0.059916040998359676,49204,49238
1,130,0,130,64,1.9853324890136719,19,0.296875,0.013943754995125346,0.05458008500136202,49204,49238
1,131,0,131,64,1.699771761894226,32,0.5,0.013917663000029279,0.0626637830027903,49204,49238
1,132,0,132,64,1.5091419219970703,27,0.421875,0.014574659002391854,0.06173548300284892,49204,49238
1,133,0,133,64,1.3939499855041504,36,0.5625,0.016618877005385002,0.07123364099970786,49204,49238
1,134,0,134,64,1.9815824031829834,23,0.359375,0.016770914997323416,0.062209092000557575,49204,49238
1,135,0,135,64,1.556628704071045,30,0.46875,0.014784465998673113,0.06395051700019394,49204,49238
1,136,0,136,64,1.6616413593292236,21,0.328125,0.013920435998443281,0.05589766900084214,49204,49238
1,137,0,137,64,1.69700288772583,23,0.359375,0.015266890000930289,0.05871137299982365,49204,49238
1,138,0,138,64,1.7763657569885254,23,0.359375,0.015332632996432949,0.06052656300016679,49204,49238
1,139,0,139,64,1.6863397359848022,27,0.421875,0.015364213999419007,0.05866660399988177,49204,49238
1,140,0,140,64,1.7852908372879028,18,0.28125,0.015766378997795982,0.06456595000054222,49204,49238
1,141,0,141,64,1.5271663665771484,27,0.421875,0.016914231000555446,0.06672474600054557,49204,49238
1,142,0,142,64,1.6843512058258057,23,0.359375,0.015593564996379428,0.06870805099970312,49204,49238
1,143,0,143,64,1.4553215503692627,30,0.46875,0.017453530999773648,0.06526111399944057,49204,49238
1,144,0,144,64,1.7464170455932617,27,0.421875,0.014375750000908738,0.060831423001218354,49204,49238
1,145,0,145,64,1.4074835777282715,28,0.4375,0.015549990999716101,0.06167303099937271,49204,49238
1,146,0,146,64,1.8693010807037354,24,0.375,0.01663355700293323,0.0657309999987774,49204,49238
1,147,0,147,64,1.4221272468566895,32,0.5,0.014600335998693481,0.06375029999981052,49204,49238
1,148,0,148,64,1.5219717025756836,32,0.5,0.014817604002018925,0.06892464300108259,49204,49238
1,149,0,149,64,1.5232264995574951,30,0.46875,0.016752835999795934,0.06845857000007527,49204,49238
1,150,0,150,64,1.5008959770202637,29,0.453125,0.013860303995897993,0.059771829000965226,49204,49238
1,151,0,151,64,1.5427734851837158,25,0.390625,0.014502668000204721,0.05697833900194382,49204,49238
1,152,0,152,64,1.3142822980880737,34,0.53125,0.014223529000446433,0.059504725999431685,49204,49238
1,153,0,153,64,1.2763231992721558,32,0.5,0.014888885998516344,0.05968057000063709,49204,49238
1,154,0,154,64,1.650647759437561,28,0.4375,0.015093956000782782,0.05921189400032745,49204,49238
1,155,0,155,64,1.5277389287948608,30,0.46875,0.014232905999961076,0.059999742999934824,49204,49238
1,156,0,156,64,1.5027923583984375,31,0.484375,0.013406827998551307,0.05480689499745495,49204,49238
1,157,0,157,64,1.4924800395965576,33,0.515625,0.014136639001662843,0.05966476899993722,49204,49238
1,158,0,158,64,1.2812941074371338,37,0.578125,0.01689296699987608,0.060350735002430156,49204,49238
1,159,0,159,64,1.484802484512329,32,0.5,0.014119374001893448,0.06631985300191445,49204,49238
1,160,0,160,64,1.378899097442627,28,0.4375,0.013592510997114005,0.05781222199948388,49204,49238
1,161,0,161,64,1.5394375324249268,27,0.421875,0.013966861999506364,0.056895567002356984,49204,49238
1,162,0,162,64,1.3570553064346313,33,0.515625,0.014030184003786417,0.05628888099818141,49204,49238
1,163,0,163,64,1.3994349241256714,27,0.421875,0.015704381996329175,0.06505724899761844,49204,49238
1,164,0,164,64,1.7823400497436523,20,0.3125,0.01457407000270905,0.05984360900038155,49204,49238
1,165,0,165,64,1.6002819538116455,26,0.40625,0.01407972499873722,0.06099343000096269,49204,49238
1,166,0,166,64,1.685329556465149,29,0.453125,0.014345191997563234,0.06001978899803362,49204,49238
1,167,0,167,64,1.769378662109375,28,0.4375,0.017352210998069495,0.06506078299935325,49204,49238
1,168,0,168,64,1.6294829845428467,27,0.421875,0.015112796001631068,0.05752924700209405,49204,49238
1,169,0,169,64,1.5666208267211914,25,0.390625,0.013490844001353253,0.05874540000149864,49204,49238
1,170,0,170,64,1.4090431928634644,30,0.46875,0.014630202003900195,0.056572339999547694,49204,49238
1,171,0,171,64,1.3342700004577637,34,0.53125,0.014228966003429377,0.058636589001253014,49204,49238
1,172,0,172,64,1.5784577131271362,28,0.4375,0.015712035001342883,0.06232651200116379,49204,49238
1,173,0,173,64,1.4898412227630615,26,0.40625,0.014313871000922518,0.057381070000701584,49204,49238
1,174,0,174,64,1.3465306758880615,26,0.40625,0.014155482003843645,0.056948403998831054,49204,49238
1,175,0,175,64,1.6926288604736328,27,0.421875,0.013886968001315836,0.05468535399995744,49204,49238
1,176,0,176,64,1.6184923648834229,25,0.390625,0.014205542003765004,0.05699561499932315,49204,49238
1,177,0,177,64,1.6482429504394531,31,0.484375,0.014766866999707418,0.05901769399861223,49204,49238
1,178,0,178,64,1.5553215742111206,28,0.4375,0.014919623998139286,0.05934892699951888,49204,49238
1,179,0,179,64,1.549742579460144,30,0.46875,0.014428997001232347,0.06390138400092837,49204,49238
1,180,0,180,64,1.778999924659729,19,0.296875,0.01446936000502319,0.059558360000664834,49204,49238
1,181,0,181,64,1.4159111976623535,38,0.59375,0.014938035001250682,0.059336849000828806,49204,49238
1,182,0,182,64,1.476836085319519,31,0.484375,0.016988757000945043,0.06414204699831316,49204,49238
1,183,0,183,64,1.3807446956634521,35,0.546875,0.014310285998362815,0.058141868001257535,49204,49238
1,184,0,184,64,1.58591628074646,29,0.453125,0.015606264001689851,0.058350754999992205,49204,49238
1,185,0,185,64,1.6098666191101074,28,0.4375,0.015423701002873713,0.06194154000331764,49204,49238
1,186,0,186,64,1.5170645713806152,27,0.421875,0.014515459999529412,0.06560430399986217,49204,49238
1,187,0,187,64,1.5454424619674683,31,0.484375,0.014701895997859538,0.05847623199952068,49204,49238
1,188,0,188,64,1.3789398670196533,33,0.515625,0.015222121000988409,0.05853583099815296,49204,49238
1,189,0,189,64,1.434781789779663,27,0.421875,0.01711880199945881,0.06132503399931011,49204,49238
1,190,0,190,64,1.4553569555282593,26,0.40625,0.014693245000671595,0.05805864799913252,49204,49238
1,191,0,191,64,1.5758185386657715,31,0.484375,0.01619883400053368,0.06052456399993389,49204,49238
1,192,0,192,64,1.5932074785232544,29,0.453125,0.01522876799936057,0.05933759899926372,49204,49238
1,193,0,193,64,1.60765540599823,25,0.390625,0.014987848000600934,0.05800067900054273,49204,49238
1,194,0,194,64,1.5029665231704712,30,0.46875,0.015382484001747798,0.06245905800096807,49204,49238
1,195,0,195,64,1.4488250017166138,32,0.5,0.015797543001099257,0.061310853001486976,49204,49238
1,196,0,196,64,1.3038079738616943,37,0.578125,0.014061801000934793,0.0565290049999021,49204,49238
1,197,0,197,64,1.2957913875579834,32,0.5,0.015835720998438774,0.05903227399903699,49204,49238
1,198,0,198,64,1.8038934469223022,21,0.328125,0.015142585994908586,0.05846273100178223,49204,49238
1,199,0,199,64,1.6025042533874512,29,0.453125,0.013960633001261158,0.058680703998106765,49204,49238
1,200,0,200,64,1.2291512489318848,39,0.609375,0.015192331997241126,0.06115719499939587,49204,49238
1,201,0,201,64,1.3156980276107788,35,0.546875,0.015302634001272963,0.06099687100140727,49204,49238
1,202,0,202,64,1.248158574104309,36,0.5625,0.015285067001968855,0.06850689800194232,49204,49238
1,203,0,203,64,1.5632386207580566,31,0.484375,0.015191511996818008,0.0570566959977441,49204,49238
1,204,0,204,64,1.550402045249939,27,0.421875,0.015289907001715619,0.059841903999767965,49204,49238
1,205,0,205,64,1.4780645370483398,34,0.53125,0.015822757999558235,0.05900793800174142,49204,49238
1,206,0,206,64,1.3351092338562012,35,0.546875,0.015335256000980735,0.06227892699826043,49204,49238
1,207,0,207,64,1.4912993907928467,29,0.453125,0.015322625000408152,0.06400513500193483,49204,49238
1,208,0,208,64,1.6965160369873047,32,0.5,0.013546815996960504,0.05689134199928958,49204,49238
1,209,0,209,64,1.5215024948120117,30,0.46875,0.01455691199953435,0.05737119699915638,49204,49238
1,210,0,210,64,1.499372959136963,26,0.40625,0.013477857999532716,0.05747145900022588,49204,49238
1,211,0,211,64,1.3473198413848877,32,0.5,0.016296351997880265,0.07141846499871463,49204,49238
1,212,0,212,64,1.6030811071395874,22,0.34375,0.014723161002621055,0.06360295600097743,49204,49238
1,213,0,213,64,1.3581531047821045,38,0.59375,0.014375865997863002,0.06175567299942486,49204,49238
1,214,0,214,64,1.4335029125213623,29,0.453125,0.014601367998693604,0.05955102500229259,49204,49238
1,215,0,215,64,1.4444968700408936,33,0.515625,0.016424746998382034,0.06614317999992636,49204,49238
1,216,0,216,64,1.3452439308166504,33,0.515625,0.015740028000436723,0.067012519997661,49204,49238
1,217,0,217,64,1.3732709884643555,31,0.484375,0.015518598000198836,0.05920114000036847,49204,49238
1,218,0,218,64,1.3758689165115356,29,0.453125,0.014345878997119144,0.06059396300042863,49204,49238
1,219,0,219,64,1.2933940887451172,35,0.546875,0.014617364999139681,0.059858574997633696,49204,49238
1,220,0,220,64,1.6018874645233154,28,0.4375,0.013448472000163747,0.06040870300057577,49204,49238
1,221,0,221,64,1.3503965139389038,35,0.546875,0.014846683996438514,0.06098101099996711,49204,49238
1,222,0,222,64,1.3890948295593262,30,0.46875,0.015257410996127874,0.05928744999982882,49204,49238
1,223,0,223,64,1.2881886959075928,34,0.53125,0.014424361997953383,0.06925728200076264,49204,49238
1,224,0,224,64,1.3031301498413086,33,0.515625,0.014340426998387557,0.06461841000054847,49204,49238
1,225,0,225,64,1.1436724662780762,36,0.5625,0.014161441002215724,0.06169569399935426,49204,49238
1,226,0,226,64,1.2698426246643066,31,0.484375,0.017228650001925416,0.06863139200140722,49204,49238
1,227,0,227,64,1.3475821018218994,32,0.5,0.01749091100282385,0.06843143500009319,49204,49238
1,228,0,228,64,1.4661544561386108,30,0.46875,0.015467401000933023,0.06097591800062219,49204,49238
1,229,0,229,64,1.273194670677185,31,0.484375,0.014116026999545284,0.06708307599910768,49204,49238
1,230,0,230,64,1.1947087049484253,35,0.546875,0.015216428000712767,0.058203708998917136,49204,49238
1,231,0,231,64,1.325906753540039,33,0.515625,0.014538269999320619,0.06108507300086785,49204,49238
1,232,0,232,64,1.292182445526123,39,0.609375,0.014361096000357065,0.05635240199990221,49204,49238
1,233,0,233,64,1.5532782077789307,29,0.453125,0.014266612997744232,0.05799694700181135,49204,49238
1,234,0,234,64,1.2753257751464844,39,0.609375,0.01558278299853555,0.057787719000771176,49204,49238
1,235,0,235,64,1.8249167203903198,23,0.359375,0.016794278999441303,0.06051940700126579,49204,49238
1,236,0,236,64,1.4255305528640747,29,0.453125,0.01377051599774859,0.056007357001362834,49204,49238
1,237,0,237,64,1.6891558170318604,24,0.375,0.015977863000443904,0.0590964309994888,49204,49238
1,238,0,238,64,1.4426219463348389,32,0.5,0.014136595000309171,0.05602998799804482,49204,49238
1,239,0,239,64,1.2239584922790527,37,0.578125,0.013943251997261541,0.05799492399819428,49204,49238
1,240,0,240,64,1.2962257862091064,33,0.515625,0.01654839800175978,0.06064028300170321,49204,49238
1,241,0,241,64,1.2305707931518555,33,0.515625,0.014745700002094964,0.06621206700219773,49204,49238
1,242,0,242,64,1.1902973651885986,38,0.59375,0.016518398999323836,0.06007196100108558,49204,49238
1,243,0,243,64,1.3156518936157227,40,0.625,0.01447693099908065,0.058733951998874545,49204,49238
1,244,0,244,64,1.5599746704101562,29,0.453125,0.014064631999644917,0.056065921002300456,49204,49238
1,245,0,245,64,1.3996539115905762,31,0.484375,0.014256637998187216,0.05721066000114661,49204,49238
1,246,0,246,64,1.403729796409607,30,0.46875,0.014101693999691634,0.05520401299872901,49204,49238
1,247,0,247,64,1.4319636821746826,29,0.453125,0.014631435999035602,0.05682895599966287,49204,49238
1,248,0,248,64,1.4160022735595703,33,0.515625,0.01417410700378241,0.05832086599912145,49204,49238
1,249,0,249,64,1.382033348083496,34,0.53125,0.014390827000170248,0.05679904600037844,49204,49238
1,250,0,250,64,1.4203373193740845,28,0.4375,0.015597937999700662,0.0653762390029442,49204,49238
1,251,0,251,64,1.5043745040893555,34,0.53125,0.014843894001387525,0.056941352999274386,49204,49238
1,252,0,252,64,1.6292376518249512,29,0.453125,0.01664652999897953,0.05880530300055398,49204,49238
1,253,0,253,64,1.4005426168441772,30,0.46875,0.01381689399931929,0.05766921699978411,49204,49238
1,254,0,254,64,1.7040950059890747,23,0.359375,0.01395485600005486,0.05992679400151246,49204,49238
1,255,0,255,64,1.7184449434280396,26,0.40625,0.014368653995916247,0.06107824599894229,49204,49238
1,256,0,256,64,1.3027431964874268,31,0.484375,0.016322403000231134,0.059692797000025166,49204,49238
1,257,0,257,64,1.4719765186309814,31,0.484375,0.013999563998368103,0.05460515300001134,49204,49238
1,258,0,258,64,1.4479399919509888,33,0.515625,0.014488688000710681,0.06060912700195331,49204,49238
1,259,0,259,64,1.3365130424499512,33,0.515625,0.014695588000904536,0.05854727400219417,49204,49238
1,260,0,260,64,1.5451340675354004,27,0.421875,0.015261935001035454,0.0580847380006162,49204,49238
1,261,0,261,64,1.4301024675369263,32,0.5,0.01415819899921189,0.05506828599754954,49204,49238
1,262,0,262,64,1.2967920303344727,36,0.5625,0.01470326699927682,0.05863534699892625,49204,49238
1,263,0,263,64,1.4303048849105835,29,0.453125,0.014203020997229032,0.058192447999317665,49204,49238
1,264,0,264,64,1.4552804231643677,31,0.484375,0.01503481500185444,0.06592299600015394,49204,49238
1,265,0,265,64,1.4506049156188965,33,0.515625,0.01457099199978984,0.05673501700221095,49204,49238
1,266,0,266,64,1.3307887315750122,33,0.515625,0.014099835003435146,0.05756355899939081,49204,49238
1,267,0,267,64,1.2530038356781006,34,0.53125,0.013607965996925486,0.06677815899820416,49204,49238
1,268,0,268,64,1.4915010929107666,31,0.484375,0.014718687998538371,0.05685793399970862,49204,49238
1,269,0,269,64,1.4112122058868408,32,0.5,0.013716503999603447,0.06058646300152759,49204,49238
1,270,0,270,64,1.3962697982788086,34,0.53125,0.016026313001930248,0.06601584400050342,49204,49238
1,271,0,271,64,1.256951093673706,33,0.515625,0.01418325800113962,0.06179453499862575,49204,49238
1,272,0,272,64,1.6497489213943481,28,0.4375,0.017594803000974935,0.06059713200011174,49204,49238
1,273,0,273,64,1.4472458362579346,32,0.5,0.016347763998055598,0.06025591800062102,49204,49238
1,274,0,274,64,1.3795596361160278,34,0.53125,0.013535008998587728,0.056789849997585407,49204,49238
1,275,0,275,64,1.579458475112915,29,0.453125,0.015509267002926208,0.06408615899999859,49204,49238
1,276,0,276,64,1.321845531463623,33,0.515625,0.014630230998591287,0.06245476799813332,49204,49238
1,277,0,277,64,1.1696703433990479,39,0.609375,0.013928589003626257,0.058192029002384515,49204,49238
1,278,0,278,64,1.2930238246917725,34,0.53125,0.016930476002016803,0.06942851799976779,49204,49238
1,279,0,279,64,1.5378330945968628,30,0.46875,0.015025933997094398,0.05869825199988554,49204,49238
1,280,0,280,64,1.317276954650879,33,0.515625,0.014632873000664404,0.05677262199969846,49204,49238
1,281,0,281,64,1.3262956142425537,35,0.546875,0.014591839000786422,0.06484215499949642,49204,49238
1,282,0,282,64,1.2405794858932495,32,0.5,0.015092221998202149,0.05672859900005278,49204,49238
1,283,0,283,64,1.3284902572631836,33,0.515625,0.014082424997468479,0.05622580500130425,49204,49238
1,284,0,284,64,1.5900598764419556,25,0.390625,0.014002871001139283,0.05581450899990159,49204,49238
1,285,0,285,64,1.404162049293518,30,0.46875,0.013817449002090143,0.05565245099933236,49204,49238
1,286,0,286,64,1.511615514755249,30,0.46875,0.014746610999281984,0.06502290700154845,49204,49238
1,287,0,287,64,1.3224706649780273,34,0.53125,0.01363274100367562,0.05564506899827393,49204,49238
1,288,0,288,64,1.283698320388794,35,0.546875,0.01462758900015615,0.058834039999055676,49204,49238
1,289,0,289,64,1.2574095726013184,37,0.578125,0.014652796002337709,0.05768604400145705,49204,49238
1,290,0,290,64,1.462684154510498,33,0.515625,0.018177406003815122,0.060741207998944446,49204,49238
1,291,0,291,64,1.2397353649139404,35,0.546875,0.014896247997967293,0.05833488899952499,49204,49238
1,292,0,292,64,1.5370031595230103,29,0.453125,0.013989185998070752,0.05632068200065987,49204,49238
1,293,0,293,64,1.2340726852416992,36,0.5625,0.014060253997740801,0.056415311999444384,49204,49238
1,294,0,294,64,1.2855777740478516,39,0.609375,0.01387385799898766,0.05608532800033572,49204,49238
1,295,0,295,64,1.32789945602417,34,0.53125,0.014369913998962147,0.05697568799951114,49204,49238
1,296,0,296,64,1.1174547672271729,38,0.59375,0.014289359998656437,0.06630457099890918,49204,49238
1,297,0,297,64,1.3553791046142578,35,0.546875,0.013203970000176923,0.055330094997771084,49204,49238
1,298,0,298,64,1.633044958114624,25,0.390625,0.014253320998250274,0.0567957210005261,49204,49238
1,299,0,299,64,1.3293170928955078,36,0.5625,0.015902829996775836,0.0590320139999676,49204,49238
1,300,0,300,64,1.4720988273620605,31,0.484375,0.01387819100273191,0.06003875199894537,49204,49238
1,301,0,301,64,1.2759687900543213,37,0.578125,0.014572100997611415,0.05706322799960617,49204,49238
1,302,0,302,64,1.3496105670928955,31,0.484375,0.014612197999667842,0.061273388000699924,49204,49238
1,303,0,303,64,1.5522129535675049,24,0.375,0.015723423995950725,0.057494631997542456,49204,49238
1,304,0,304,64,1.2432385683059692,37,0.578125,0.01575592399967718,0.059093588999530766,49204,49238
1,305,0,305,64,1.4634162187576294,28,0.4375,0.016214098999626003,0.06249335000029532,49204,49238
1,306,0,306,64,1.5119900703430176,28,0.4375,0.01668965299904812,0.058499719998508226,49204,49238
1,307,0,307,64,1.2341020107269287,35,0.546875,0.013725014003284741,0.05639883099865983,49204,49238
1,308,0,308,64,1.3984065055847168,31,0.484375,0.014348618002259172,0.05755597800089163,49204,49238
1,309,0,309,64,1.5409266948699951,23,0.359375,0.015665037997678155,0.05866941599742859,49204,49238
1,310,0,310,64,1.2202422618865967,42,0.65625,0.015420299998368137,0.05672019600024214,49204,49238
1,311,0,311,64,1.2262756824493408,36,0.5625,0.01520523599901935,0.06234666499949526,49204,49238
1,312,0,312,64,1.0951175689697266,42,0.65625,0.013843577002262464,0.057586509003158426,49204,49238
1,313,0,313,64,1.3600740432739258,31,0.484375,0.014377732997672865,0.05650438099837629,49204,49238
1,314,0,314,64,1.3153083324432373,37,0.578125,0.01418753800317063,0.05925755299904267,49204,49238
1,315,0,315,64,1.2995446920394897,33,0.515625,0.013789207998343045,0.059010862998547964,49204,49238
1,316,0,316,64,1.2841441631317139,35,0.546875,0.014160237999021774,0.056692611000471516,49204,49238
1,317,0,317,64,1.30889892578125,36,0.5625,0.014525105001666816,0.05643449700073688,49204,49238
1,318,0,318,64,1.4908957481384277,30,0.46875,0.01388236999991932,0.05622056700303801,49204,49238
1,319,0,319,64,1.198285698890686,38,0.59375,0.014899791996867862,0.05722687999877962,49204,49238
1,320,0,320,64,1.2610799074172974,34,0.53125,0.014873151998472167,0.05773797900110367,49204,49238
1,321,0,321,64,1.4738247394561768,32,0.5,0.013728311998420395,0.05570647300191922,49204,49238
1,322,0,322,64,1.1536526679992676,37,0.578125,0.014216586998372804,0.05829350800195243,49204,49238
1,323,0,323,64,1.3909772634506226,37,0.578125,0.014008979997015558,0.067183423001552,49204,49238
1,324,0,324,64,1.179389476776123,41,0.640625,0.017735785004333593,0.06222864499795833,49204,49238
1,325,0,325,64,1.52640962600708,31,0.484375,0.014066988998820307,0.05531842000345932,49204,49238
1,326,0,326,64,1.4320545196533203,29,0.453125,0.013874559001123998,0.057155226000759285,49204,49238
1,327,0,327,64,1.3919084072113037,30,0.46875,0.013996415997098666,0.05692712400195887,49204,49238
1,328,0,328,64,1.4630435705184937,33,0.515625,0.014978389001043979,0.05751825799961807,49204,49238
1,329,0,329,64,1.2490843534469604,34,0.53125,0.014061034995393129,0.05961017799927504,49204,49238
1,330,0,330,64,1.3201243877410889,31,0.484375,0.01394896299825632,0.05731619400103227,49204,49238
1,331,0,331,64,1.2893940210342407,33,0.515625,0.014048509998247027,0.05641100699722301,49204,49238
1,332,0,332,64,1.2337708473205566,39,0.609375,0.013743241997872246,0.05862833100036369,49204,49238
1,333,0,333,64,1.1862767934799194,34,0.53125,0.015428294998855563,0.058641952000471065,49204,49238
1,334,0,334,64,1.498133659362793,29,0.453125,0.014973478002502816,0.057639799000753555,49204,49238
1,335,0,335,64,1.2692033052444458,32,0.5,0.013839232000464108,0.05649228699985542,49204,49238
1,336,0,336,64,1.323608160018921,34,0.53125,0.015810069999133702,0.061186794002423994,49204,49238
1,337,0,337,64,1.3636672496795654,32,0.5,0.013730216000112705,0.05729963100020541,49204,49238
1,338,0,338,64,1.2004165649414062,35,0.546875,0.014070019002247136,0.06019663400002173,49204,49238
1,339,0,339,64,1.4063547849655151,32,0.5,0.013743490999331698,0.05698047899932135,49204,49238
1,340,0,340,64,1.2883601188659668,29,0.453125,0.014011102000949904,0.056564368002000265,49204,49238
1,341,0,341,64,1.4168102741241455,31,0.484375,0.013949141997727565,0.05601732300056028,49204,49238
1,342,0,342,64,1.39180326461792,29,0.453125,0.014152477000607178,0.057578152998758014,49204,49238
1,343,0,343,64,1.3582777976989746,32,0.5,0.014455134001764236,0.05619920000026468,49204,49238
1,344,0,344,64,1.4489426612854004,32,0.5,0.014482500002486631,0.055676354000752326,49204,49238
1,345,0,345,64,1.4192912578582764,29,0.453125,0.013868873000319581,0.057778997001150856,49204,49238
1,346,0,346,64,1.329023838043213,33,0.515625,0.014511977999063674,0.057166203998349374,49204,49238
1,347,0,347,64,1.2223007678985596,37,0.578125,0.013897298002120806,0.056770787999994354,49204,49238
1,348,0,348,64,1.2120803594589233,36,0.5625,0.014730573995620944,0.05663388299944927,49204,49238
1,349,0,349,64,1.3766388893127441,28,0.4375,0.01405364499805728,0.056331280000449624,49204,49238
1,350,0,350,64,1.3904345035552979,35,0.546875,0.018907389996456914,0.062230534000264015,49204,49238
1,351,0,351,36,1.4444355964660645,16,0.4444444444444444,0.013088155999867013,0.4699587889990653,27699,27733
2,0,0,352,64,1.4176995754241943,31,0.484375,0.014815581998846028,0.0534756830020342,49204,49238
2,1,0,353,64,1.160076379776001,37,0.578125,0.016033768999477616,0.05172851600218564,49204,49238
2,2,0,354,64,1.161015510559082,35,0.546875,0.014152354997349903,0.04932107300192001,49204,49238
2,3,0,355,64,1.0845797061920166,39,0.609375,0.013611489001050359,0.05349131199909607,49204,49238
2,4,0,356,64,1.2770147323608398,31,0.484375,0.013502197001798777,0.05051483599891071,49204,49238
2,5,0,357,64,1.3317997455596924,32,0.5,0.01337757700093789,0.04862267199860071,49204,49238
2,6,0,358,64,1.1607282161712646,38,0.59375,0.01472993299830705,0.051219683002273086,49204,49238
2,7,0,359,64,1.1678333282470703,41,0.640625,0.013645822000398766,0.05052428800263442,49204,49238
2,8,0,360,64,1.1310040950775146,42,0.65625,0.013221676003013272,0.05182448100094916,49204,49238
2,9,0,361,64,1.4141230583190918,32,0.5,0.01316979599869228,0.04886145099953865,49204,49238
2,10,0,362,64,1.156350016593933,38,0.59375,0.013843890999851283,0.05068412200125749,49204,49238
2,11,0,363,64,1.2379812002182007,32,0.5,0.01315252900167252,0.05628376900131116,49204,49238
2,12,0,364,64,1.2385942935943604,37,0.578125,0.01523469400126487,0.0544010019984853,49204,49238
2,13,0,365,64,1.1682162284851074,40,0.625,0.016545876002055593,0.05574117500145803,49204,49238
2,14,0,366,64,1.3704904317855835,31,0.484375,0.015024272997834487,0.05502646300010383,49204,49238
2,15,0,367,64,1.165556788444519,35,0.546875,0.015284141998563427,0.053858871000556974,49204,49238
2,16,0,368,64,0.999336838722229,43,0.671875,0.01498292700125603,0.051638507000461686,49204,49238
2,17,0,369,64,1.2373857498168945,36,0.5625,0.014174131996696815,0.05113669099955587,49204,49238
2,18,0,370,64,1.114537239074707,37,0.578125,0.01571016799789504,0.05471001099795103,49204,49238
2,19,0,371,64,1.373801827430725,31,0.484375,0.016428416001872392,0.0591232980004861,49204,49238
2,20,0,372,64,1.151397943496704,40,0.625,0.01717980700050248,0.053040469996631145,49204,49238
2,21,0,373,64,1.1903443336486816,39,0.609375,0.016316066998115275,0.05466683999839006,49204,49238
2,22,0,374,64,1.1370943784713745,36,0.5625,0.014055976000236114,0.05350039100085269,49204,49238
2,23,0,375,64,1.4089322090148926,34,0.53125,0.014746474000276066,0.05438737200165633,49204,49238
2,24,0,376,64,1.329957365989685,33,0.515625,0.015419551000377396,0.05560926100224606,49204,49238
2,25,0,377,64,1.2372092008590698,39,0.609375,0.01502017099846853,0.05298071499782964,49204,49238
2,26,0,378,64,1.137245535850525,36,0.5625,0.016720601000997704,0.05904437400022289,49204,49238
2,27,0,379,64,1.178874135017395,34,0.53125,0.014169760004733689,0.05226321800000733,49204,49238
2,28,0,380,64,1.1912336349487305,36,0.5625,0.013889188998291502,0.051426647001790116,49204,49238
2,29,0,381,64,1.145533561706543,36,0.5625,0.013462887000059709,0.05431736600075965,49204,49238
2,30,0,382,64,1.2646597623825073,35,0.546875,0.017095609997340944,0.05752469000071869,49204,49238
2,31,0,383,64,1.3872897624969482,34,0.53125,0.01699124700098764,0.05685088999962318,49204,49238
2,32,0,384,64,0.9744560122489929,41,0.640625,0.017489914996986045,0.05683893099921988,49204,49238
2,33,0,385,64,1.0865256786346436,43,0.671875,0.014302805000625085,0.056595457001094474,49204,49238
2,34,0,386,64,1.2498060464859009,32,0.5,0.013469322999299038,0.05386897999778739,49204,49238
2,35,0,387,64,1.2497652769088745,36,0.5625,0.013864444001228549,0.0527419940008258,49204,49238
2,36,0,388,64,1.0847938060760498,37,0.578125,0.013054919996648096,0.05508514400207787,49204,49238
2,37,0,389,64,1.1399506330490112,41,0.640625,0.01318775999970967,0.05485136399875046,49204,49238
2,38,0,390,64,1.271634817123413,33,0.515625,0.013668854000570718,0.05227831599768251,49204,49238
2,39,0,391,64,1.4390941858291626,33,0.515625,0.013996648995089345,0.05337893399700988,49204,49238
2,40,0,392,64,1.1840338706970215,38,0.59375,0.013293528998474358,0.05148566600109916,49204,49238
2,41,0,393,64,1.0591380596160889,38,0.59375,0.017440413001168054,0.06116481999924872,49204,49238
2,42,0,394,64,1.2316380739212036,33,0.515625,0.014132774998870445,0.054484312000568025,49204,49238
2,43,0,395,64,1.0926824808120728,41,0.640625,0.013865662996977335,0.05287622600008035,49204,49238
2,44,0,396,64,1.2722437381744385,38,0.59375,0.013590903003205312,0.052234044997021556,49204,49238
2,45,0,397,64,1.1849634647369385,38,0.59375,0.0135880099987844,0.052540624998073326,49204,49238
2,46,0,398,64,1.3741803169250488,31,0.484375,0.014793671001825714,0.05759863099956419,49204,49238
2,47,0,399,64,1.2429335117340088,37,0.578125,0.016707515002053697,0.05961498399847187,49204,49238
2,48,0,400,64,1.3209269046783447,28,0.4375,0.014329308000014862,0.059958804999041604,49204,49238
2,49,0,401,64,1.3175357580184937,33,0.515625,0.017170877999888035,0.06799326300097164,49204,49238
2,50,0,402,64,1.0615594387054443,41,0.640625,0.013806541999656474,0.05497132600066834,49204,49238
2,51,0,403,64,1.4104828834533691,32,0.5,0.014133033000689466,0.0552078300024732,49204,49238
2,52,0,404,64,1.3818469047546387,34,0.53125,0.013963528999738628,0.059779887000331655,49204,49238
2,53,0,405,64,1.3881299495697021,34,0.53125,0.024680044996785,0.0759934620000422,49204,49238
2,54,0,406,64,1.1724494695663452,37,0.578125,0.015540362004685448,0.066743729999871,49204,49238
2,55,0,407,64,0.9773406386375427,40,0.625,0.015064290000736946,0.06342204400061746,49204,49238
2,56,0,408,64,1.0618510246276855,40,0.625,0.014550722000421956,0.05435737800144125,49204,49238
2,57,0,409,64,1.4280695915222168,32,0.5,0.013859347000106936,0.05491642700144439,49204,49238
2,58,0,410,64,1.4087367057800293,32,0.5,0.013603610997961368,0.05607923800198478,49204,49238
2,59,0,411,64,1.24294114112854,35,0.546875,0.014183739000145579,0.05538444400008302,49204,49238
2,60,0,412,64,1.3470101356506348,38,0.59375,0.013923745002102805,0.05456707700068364,49204,49238
2,61,0,413,64,1.2657783031463623,35,0.546875,0.014478731005510781,0.060977108998486074,49204,49238
2,62,0,414,64,1.2829582691192627,39,0.609375,0.01357773800191353,0.058844220999162644,49204,49238
2,63,0,415,64,1.1983847618103027,39,0.609375,0.014159638998535229,0.05520601899843314,49204,49238
2,64,0,416,64,1.4272091388702393,30,0.46875,0.014029052999831038,0.05735285999980988,49204,49238
2,65,0,417,64,1.322030782699585,31,0.484375,0.01414342700081761,0.056401481000648346,49204,49238
2,66,0,418,64,1.3826475143432617,27,0.421875,0.014061682999454206,0.06574385699786944,49204,49238
2,67,0,419,64,1.0659706592559814,40,0.625,0.01555306799855316,0.06555350800044835,49204,49238
2,68,0,420,64,1.6489466428756714,26,0.40625,0.014513596001052065,0.06874868100203457,49204,49238
2,69,0,421,64,1.466588020324707,29,0.453125,0.015258006995281903,0.06483027400099672,49204,49238
2,70,0,422,64,1.1549626588821411,36,0.5625,0.01492075200076215,0.05745494499933557,49204,49238
2,71,0,423,64,1.3328361511230469,33,0.515625,0.014295135995780583,0.05594072500025504,49204,49238
2,72,0,424,64,1.3379099369049072,36,0.5625,0.01567457299825037,0.057442745001026196,49204,49238
2,73,0,425,64,1.0093998908996582,47,0.734375,0.016408112001954578,0.0670437260014296,49204,49238
2,74,0,426,64,1.1211296319961548,37,0.578125,0.01652162199752638,0.07673672500095563,49204,49238
2,75,0,427,64,1.21079421043396,36,0.5625,0.014619165995100047,0.06609204599953955,49204,49238
2,76,0,428,64,1.2601938247680664,36,0.5625,0.015329842000937788,0.061746414998197,49204,49238
2,77,0,429,64,1.1613988876342773,40,0.625,0.014359770000737626,0.056581769000331406,49204,49238
2,78,0,430,64,1.2485289573669434,35,0.546875,0.01381167399813421,0.055843977999757044,49204,49238
2,79,0,431,64,1.3388919830322266,32,0.5,0.015021201001218287,0.05768991299919435,49204,49238
2,80,0,432,64,1.144507884979248,39,0.609375,0.014705111003422644,0.057282085002952954,49204,49238
2,81,0,433,64,1.0880365371704102,39,0.609375,0.015907968001556583,0.06354830200143624,49204,49238
2,82,0,434,64,1.0801011323928833,37,0.578125,0.019707804000063334,0.06595673500123667,49204,49238
2,83,0,435,64,1.151853084564209,38,0.59375,0.016482880000694422,0.07424264600194874,49204,49238
2,84,0,436,64,1.1453179121017456,39,0.609375,0.016397160001361044,0.06303051199938636,49204,49238
2,85,0,437,64,1.1998984813690186,36,0.5625,0.013744293002673658,0.056146434999391204,49204,49238
2,86,0,438,64,1.2633428573608398,34,0.53125,0.014213280002877582,0.057504398999299156,49204,49238
2,87,0,439,64,1.3394837379455566,29,0.453125,0.014771006000955822,0.05769266599963885,49204,49238
2,88,0,440,64,1.295289397239685,31,0.484375,0.016196712000237312,0.05846872699839878,49204,49238
2,89,0,441,64,1.3054447174072266,34,0.53125,0.014068422002310399,0.060550465001142584,49204,49238
2,90,0,442,64,0.992618203163147,39,0.609375,0.014331737998872995,0.06243003900090116,49204,49238
2,91,0,443,64,1.271864891052246,27,0.421875,0.01577119300054619,0.06143755599987344,49204,49238
2,92,0,444,64,1.0484408140182495,40,0.625,0.017494160998467123,0.06109964999996009,49204,49238
2,93,0,445,64,1.6280698776245117,30,0.46875,0.014999741997598903,0.06649709100020118,49204,49238
2,94,0,446,64,1.232007384300232,32,0.5,0.020307381000748137,0.07139840399759123,49204,49238
2,95,0,447,64,1.5752907991409302,28,0.4375,0.014700297004310414,0.06408473500050604,49204,49238
2,96,0,448,64,1.1813337802886963,36,0.5625,0.01435565399879124,0.05631967600129428,49204,49238
2,97,0,449,64,1.2567081451416016,39,0.609375,0.015390965996630257,0.05970201099989936,49204,49238
2,98,0,450,64,1.2762680053710938,37,0.578125,0.015008168000349542,0.060069753002608195,49204,49238
2,99,0,451,64,1.2337465286254883,34,0.53125,0.015296083998691756,0.06061604100250406,49204,49238
2,100,0,452,64,1.2936878204345703,32,0.5,0.015367335003247717,0.059739421998528996,49204,49238
2,101,0,453,64,1.2567815780639648,37,0.578125,0.014239689000532962,0.05827819700061809,49204,49238
2,102,0,454,64,1.3619111776351929,36,0.5625,0.014120718999038218,0.05798269700244418,49204,49238
2,103,0,455,64,1.0595643520355225,41,0.640625,0.013957568004116183,0.058498922997387126,49204,49238
2,104,0,456,64,1.501739740371704,29,0.453125,0.014655388000392122,0.05633869099983713,49204,49238
2,105,0,457,64,1.1612210273742676,34,0.53125,0.013759917001152644,0.05815141799757839,49204,49238
2,106,0,458,64,1.2266534566879272,33,0.515625,0.014859433998935856,0.07121296300101676,49204,49238
2,107,0,459,64,1.3815726041793823,36,0.5625,0.013602958999399561,0.06050059300105204,49204,49238
2,108,0,460,64,1.311562180519104,32,0.5,0.013696124999114545,0.06852579499900457,49204,49238
2,109,0,461,64,1.2237523794174194,38,0.59375,0.01399632800166728,0.05680715400012559,49204,49238
2,110,0,462,64,1.2189044952392578,34,0.53125,0.014346424999530427,0.057648043999506626,49204,49238
2,111,0,463,64,1.490520715713501,31,0.484375,0.013588701996923191,0.05633326699899044,49204,49238
2,112,0,464,64,1.5147290229797363,35,0.546875,0.014259609997679945,0.059633860997564625,49204,49238
2,113,0,465,64,1.2644498348236084,37,0.578125,0.016562361000978854,0.05824835000021267,49204,49238
2,114,0,466,64,1.2347722053527832,30,0.46875,0.014020216000062646,0.05657817899918882,49204,49238
2,115,0,467,64,1.0360666513442993,42,0.65625,0.014234791000490077,0.05707074299789383,49204,49238
2,116,0,468,64,1.4420950412750244,29,0.453125,0.013365040998905897,0.05364877100146259,49204,49238
2,117,0,469,64,1.1448827981948853,37,0.578125,0.015209016004519071,0.05656379200081574,49204,49238
2,118,0,470,64,1.2068533897399902,36,0.5625,0.013702686999749858,0.056614133001858136,49204,49238
2,119,0,471,64,1.0049283504486084,39,0.609375,0.014765102005185327,0.0587711610023689,49204,49238
2,120,0,472,64,1.2774794101715088,34,0.53125,0.01376264899954549,0.05642934700154001,49204,49238
2,121,0,473,64,1.0168979167938232,46,0.71875,0.014384704998519737,0.06461817500166944,49204,49238
2,122,0,474,64,1.1585426330566406,42,0.65625,0.013950369000667706,0.05617946100028348,49204,49238
2,123,0,475,64,1.2090389728546143,35,0.546875,0.014090971002588049,0.05691499699969427,49204,49238
2,124,0,476,64,1.2142233848571777,40,0.625,0.014922836002369877,0.05829129799894872,49204,49238
2,125,0,477,64,1.195063591003418,34,0.53125,0.013674984002136625,0.05666375699729542,49204,49238
2,126,0,478,64,1.0981415510177612,35,0.546875,0.014079536998906406,0.05682455199712422,49204,49238
2,127,0,479,64,1.3640406131744385,31,0.484375,0.015266258000337984,0.05707694499869831,49204,49238
2,128,0,480,64,1.06962251663208,38,0.59375,0.01523861099849455,0.05816389800020261,49204,49238
2,129,0,481,64,1.105442762374878,36,0.5625,0.013500845998350997,0.05599803099903511,49204,49238
2,130,0,482,64,1.3062198162078857,33,0.515625,0.013955522001197096,0.05893297099828487,49204,49238
2,131,0,483,64,1.2099192142486572,35,0.546875,0.013595322998298798,0.05600434500229312,49204,49238
2,132,0,484,64,1.1289138793945312,35,0.546875,0.015259821997460676,0.05714441099917167,49204,49238
2,133,0,485,64,1.0701147317886353,41,0.640625,0.013404068002273561,0.05840706000162754,49204,49238
2,134,0,486,64,1.2269139289855957,32,0.5,0.013955615999293514,0.05468082400329877,49204,49238
2,135,0,487,64,0.9913514256477356,40,0.625,0.0196784010004194,0.06391000999792595,49204,49238
2,136,0,488,64,1.111336350440979,39,0.609375,0.015137893002247438,0.06621614200048498,49204,49238
2,137,0,489,64,1.1831133365631104,36,0.5625,0.014205210998625262,0.05839035600001807,49204,49238
2,138,0,490,64,1.003204345703125,38,0.59375,0.013593417999800295,0.05549256599988439,49204,49238
2,139,0,491,64,0.9595134854316711,43,0.671875,0.013580733000708278,0.05873444600001676,49204,49238
2,140,0,492,64,1.1694995164871216,31,0.484375,0.014726890000019921,0.06153013899893267,49204,49238
2,141,0,493,64,1.1118639707565308,35,0.546875,0.013938224001321942,0.05573616600304376,49204,49238
2,142,0,494,64,1.254746913909912,33,0.515625,0.014282751002610894,0.0556274359987583,49204,49238
2,143,0,495,64,1.1839015483856201,34,0.53125,0.01431467400107067,0.056917096000688616,49204,49238
2,144,0,496,64,1.2388174533843994,35,0.546875,0.013380952001170954,0.057068296999204904,49204,49238
2,145,0,497,64,1.441692590713501,25,0.390625,0.015706258003774565,0.06558699800007162,49204,49238
2,146,0,498,64,1.259890079498291,33,0.515625,0.013509770997188753,0.05565351099721738,49204,49238
2,147,0,499,64,1.2067334651947021,35,0.546875,0.016138524002599297,0.05950004699843703,49204,49238
2,148,0,500,64,1.1173290014266968,37,0.578125,0.014109593998000491,0.057100661000731634,49204,49238
2,149,0,501,64,1.4034795761108398,29,0.453125,0.014399373001651838,0.057445133999863174,49204,49238
2,150,0,502,64,1.2018606662750244,36,0.5625,0.0142763309959264,0.058024231999297626,49204,49238
2,151,0,503,64,1.1354069709777832,39,0.609375,0.014543702000082703,0.05968556200241437,49204,49238
2,152,0,504,64,0.9902679324150085,40,0.625,0.014078023999900324,0.05829278699820861,49204,49238
2,153,0,505,64,0.9270217418670654,42,0.65625,0.013850292001734488,0.05567000600058236,49204,49238
2,154,0,506,64,1.1600960493087769,41,0.640625,0.01757728100346867,0.061805312001524726,49204,49238
2,155,0,507,64,1.6692447662353516,25,0.390625,0.015233468999213073,0.06034580300183734,49204,49238
2,156,0,508,64,1.2415220737457275,36,0.5625,0.01501936999920872,0.06101501100056339,49204,49238
2,157,0,509,64,1.1379432678222656,41,0.640625,0.015563076998660108,0.059538531000725925,49204,49238
2,158,0,510,64,1.2968462705612183,31,0.484375,0.01521947299625026,0.05788734999805456,49204,49238
2,159,0,511,64,1.2106863260269165,37,0.578125,0.01561899300213554,0.060840655998617876,49204,49238
2,160,0,512,64,1.0649501085281372,43,0.671875,0.015608154997607926,0.058717117997730384,49204,49238
2,161,0,513,64,1.1615281105041504,34,0.53125,0.01485926899840706,0.060059223000280326,49204,49238
2,162,0,514,64,1.0990431308746338,36,0.5625,0.015164910000748932,0.06328568200115114,49204,49238
2,163,0,515,64,1.0894439220428467,38,0.59375,0.014998735998233315,0.05948970899771666,49204,49238
2,164,0,516,64,1.5318481922149658,30,0.46875,0.016046704004111234,0.058863494003162486,49204,49238
2,165,0,517,64,1.2441611289978027,37,0.578125,0.015310528000554768,0.05895491699993727,49204,49238
2,166,0,518,64,1.2530570030212402,31,0.484375,0.015028984002128709,0.058298384999943664,49204,49238
2,167,0,519,64,1.2219340801239014,35,0.546875,0.01488212399999611,0.05789317599919741,49204,49238
2,168,0,520,64,1.4617279767990112,30,0.46875,0.017806892999942647,0.07066367500010529,49204,49238
2,169,0,521,64,1.2325446605682373,38,0.59375,0.015129961000639014,0.06456463299764437,49204,49238
2,170,0,522,64,1.1356525421142578,41,0.640625,0.015089353000803385,0.059005891998822335,49204,49238
2,171,0,523,64,1.0936000347137451,44,0.6875,0.015307109995774226,0.05898186199920019,49204,49238
2,172,0,524,64,1.0423773527145386,41,0.640625,0.014990304000093602,0.059110907997819595,49204,49238
2,173,0,525,64,1.1949524879455566,36,0.5625,0.014902344999427442,0.05919511000320199,49204,49238
2,174,0,526,64,1.1117327213287354,36,0.5625,0.015964976999384817,0.05865057099799742,49204,49238
2,175,0,527,64,1.177571415901184,37,0.578125,0.01462315200114972,0.058018195999466116,49204,49238
2,176,0,528,64,1.2943861484527588,32,0.5,0.014662150006188313,0.05971836000026087,49204,49238
2,177,0,529,64,1.3797452449798584,34,0.53125,0.016934111001319252,0.06948444299996481,49204,49238
2,178,0,530,64,1.432021141052246,32,0.5,0.015239571002894081,0.05984525600069901,49204,49238
2,179,0,531,64,1.2915043830871582,33,0.515625,0.01513608100140118,0.06236079600057565,49204,49238
2,180,0,532,64,1.0697212219238281,41,0.640625,0.016548032996070106,0.061381194998830324,49204,49238
2,181,0,533,64,1.3110473155975342,38,0.59375,0.015531357999861939,0.05957599000248592,49204,49238
2,182,0,534,64,1.2384724617004395,33,0.515625,0.015145141998800682,0.057348760001332266,49204,49238
2,183,0,535,64,1.2024301290512085,38,0.59375,0.01489621300061117,0.06827689900092082,49204,49238
2,184,0,536,64,1.2807302474975586,34,0.53125,0.015414422003232175,0.06120568600090337,49204,49238
2,185,0,537,64,1.296642780303955,32,0.5,0.013240003001556033,0.05670509599804063,49204,49238
2,186,0,538,64,1.2909259796142578,36,0.5625,0.014813568999670679,0.060374284999852534,49204,49238
2,187,0,539,64,1.1612603664398193,36,0.5625,0.015647189000446815,0.07071966200237512,49204,49238
2,188,0,540,64,1.087977647781372,41,0.640625,0.01634047600236954,0.06543945199882728,49204,49238
2,189,0,541,64,1.242861270904541,28,0.4375,0.01422332699803519,0.060055229001591215,49204,49238
2,190,0,542,64,1.2334742546081543,37,0.578125,0.014345839001180138,0.058252586000890005,49204,49238
2,191,0,543,64,1.270538330078125,33,0.515625,0.01470464999874821,0.05856879999919329,49204,49238
2,192,0,544,64,1.1506786346435547,40,0.625,0.013370152999414131,0.05462018199978047,49204,49238
2,193,0,545,64,1.0392982959747314,41,0.640625,0.015590562998113455,0.06877254499704577,49204,49238
2,194,0,546,64,1.337093472480774,38,0.59375,0.015378555999632226,0.05925117700098781,49204,49238
2,195,0,547,64,1.3880088329315186,31,0.484375,0.013562162999733118,0.05631797599926358,49204,49238
2,196,0,548,64,1.21097993850708,36,0.5625,0.01460218300417182,0.06369472299775225,49204,49238
2,197,0,549,64,0.9984197616577148,41,0.640625,0.014427629997953773,0.05800761000136845,49204,49238
2,198,0,550,64,1.040529727935791,42,0.65625,0.014498157001071377,0.05941512199933641,49204,49238
2,199,0,551,64,1.0914452075958252,41,0.640625,0.013709571998333558,0.06193110000094748,49204,49238
2,200,0,552,64,1.1837916374206543,40,0.625,0.01718436000010115,0.06336136300160433,49204,49238
2,201,0,553,64,1.0368584394454956,44,0.6875,0.01507853400107706,0.06073229100002209,49204,49238
2,202,0,554,64,1.1286242008209229,38,0.59375,0.016404366000642767,0.06177674300124636,49204,49238
2,203,0,555,64,1.4535077810287476,34,0.53125,0.017017251000652323,0.061810187999071786,49204,49238
2,204,0,556,64,1.0339772701263428,36,0.5625,0.015096331993845524,0.07207560599999852,49204,49238
2,205,0,557,64,1.3947045803070068,32,0.5,0.015551197000604589,0.06047106500045629,49204,49238
2,206,0,558,64,1.0947675704956055,42,0.65625,0.013623497001390206,0.060965272001340054,49204,49238
2,207,0,559,64,1.1206727027893066,34,0.53125,0.018228989996714517,0.0605783999999403,49204,49238
2,208,0,560,64,1.1592990159988403,36,0.5625,0.014786512998398393,0.06087278799896012,49204,49238
2,209,0,561,64,0.9289137125015259,44,0.6875,0.014417947000765707,0.059691398000722984,49204,49238
2,210,0,562,64,1.3676775693893433,34,0.53125,0.013869132995750988,0.059592421999695944,49204,49238
2,211,0,563,64,1.4608876705169678,28,0.4375,0.01400767900122446,0.057074977998127,49204,49238
2,212,0,564,64,1.065255045890808,41,0.640625,0.01430387599975802,0.05636407700148993,49204,49238
2,213,0,565,64,1.1500751972198486,36,0.5625,0.01346751099845278,0.055680023000604706,49204,49238
2,214,0,566,64,1.277929425239563,36,0.5625,0.01393144800022128,0.056871552998927655,49204,49238
2,215,0,567,64,1.2448453903198242,37,0.578125,0.017415671001799637,0.060830687998532085,49204,49238
2,216,0,568,64,1.3374329805374146,35,0.546875,0.014077562998863868,0.0556436910010234,49204,49238
2,217,0,569,64,1.164957880973816,42,0.65625,0.01424769000368542,0.057484049000777304,49204,49238
2,218,0,570,64,1.2012853622436523,37,0.578125,0.013759449004282942,0.05750688600164722,49204,49238
2,219,0,571,64,1.0977444648742676,38,0.59375,0.013397335998888593,0.0564439890003996,49204,49238
2,220,0,572,64,1.170121669769287,38,0.59375,0.013663696001458447,0.05659802599984687,49204,49238
2,221,0,573,64,1.0739049911499023,41,0.640625,0.013598042998637538,0.06055462299991632,49204,49238
2,222,0,574,64,1.2464948892593384,34,0.53125,0.014241359000152443,0.05661707199760713,49204,49238
2,223,0,575,64,1.2932900190353394,34,0.53125,0.014272910000727279,0.057201736999559216,49204,49238
2,224,0,576,64,1.3071377277374268,36,0.5625,0.013904270999773871,0.05583307000051718,49204,49238
2,225,0,577,64,1.239297866821289,38,0.59375,0.01437932000044384,0.058885759997792775,49204,49238
2,226,0,578,64,1.236971378326416,32,0.5,0.015222426001855638,0.05835200699948473,49204,49238
2,227,0,579,64,1.4016180038452148,33,0.515625,0.015208066000923282,0.06177880399991409,49204,49238
2,228,0,580,64,1.3467259407043457,32,0.5,0.01506135199815617,0.058247870998457074,49204,49238
2,229,0,581,64,1.1503605842590332,34,0.53125,0.014188703000399983,0.060536328001035145,49204,49238
2,230,0,582,64,1.2150346040725708,31,0.484375,0.014056083000468789,0.0563353539982927,49204,49238
2,231,0,583,64,1.103917121887207,40,0.625,0.01518544500140706,0.06062347299666726,49204,49238
2,232,0,584,64,1.2768328189849854,32,0.5,0.014022463001310825,0.06100559100013925,49204,49238
2,233,0,585,64,1.1572072505950928,40,0.625,0.014647020998381777,0.06104759899972123,49204,49238
2,234,0,586,64,1.3372657299041748,32,0.5,0.01373800100191147,0.056259414999658475,49204,49238
2,235,0,587,64,1.0540838241577148,41,0.640625,0.013663477999216411,0.05472488200030057,49204,49238
2,236,0,588,64,1.1865657567977905,40,0.625,0.01649003999773413,0.06088447799993446,49204,49238
2,237,0,589,64,1.271101951599121,37,0.578125,0.015023896998172859,0.062214990000939,49204,49238
2,238,0,590,64,1.2602041959762573,33,0.515625,0.01438927199706086,0.06310115800079075,49204,49238
2,239,0,591,64,1.0067825317382812,42,0.65625,0.01472415100215585,0.056685659001232125,49204,49238
2,240,0,592,64,1.029657006263733,37,0.578125,0.015688473999034613,0.06276140599948121,49204,49238
2,241,0,593,64,1.143373727798462,36,0.5625,0.013651795998157468,0.056918989001133014,49204,49238
2,242,0,594,64,1.1264556646347046,37,0.578125,0.013718593003432034,0.0604318539990345,49204,49238
2,243,0,595,64,1.1240921020507812,36,0.5625,0.01474313099970459,0.057445333997748094,49204,49238
2,244,0,596,64,1.1205708980560303,36,0.5625,0.013923573998908978,0.05467947099896264,49204,49238
2,245,0,597,64,0.9099849462509155,46,0.71875,0.014053561000764603,0.05777982099971268,49204,49238
2,246,0,598,64,1.0623669624328613,39,0.609375,0.014322293001896469,0.06004001700057415,49204,49238
2,247,0,599,64,1.2023097276687622,33,0.515625,0.013836334997904487,0.056736025002464885,49204,49238
2,248,0,600,64,1.1014375686645508,40,0.625,0.014196741998603102,0.06034789300247212,49204,49238
2,249,0,601,64,1.1027674674987793,36,0.5625,0.015534239002590766,0.06254616500154953,49204,49238
2,250,0,602,64,1.3359086513519287,34,0.53125,0.01572022599793854,0.05807405700033996,49204,49238
2,251,0,603,64,1.0452100038528442,42,0.65625,0.014224153997929534,0.06089205299940659,49204,49238
2,252,0,604,64,1.3118469715118408,28,0.4375,0.015258797000569757,0.05754366900146124,49204,49238
2,253,0,605,64,1.1110508441925049,36,0.5625,0.014125446999969427,0.058568766002281336,49204,49238
2,254,0,606,64,1.1881959438323975,36,0.5625,0.017286360998696182,0.06004231599945342,49204,49238
2,255,0,607,64,1.1964266300201416,38,0.59375,0.013686809998034732,0.05546464299914078,49204,49238
2,256,0,608,64,1.3010594844818115,34,0.53125,0.014919667002686765,0.05737389099886059,49204,49238
2,257,0,609,64,1.0943236351013184,38,0.59375,0.01603332800004864,0.06492224400062696,49204,49238
2,258,0,610,64,1.000041127204895,41,0.640625,0.014723468000738649,0.05721582199839759,49204,49238
2,259,0,611,64,0.9189550280570984,45,0.703125,0.014182401999278227,0.0583296530021471,49204,49238
2,260,0,612,64,1.0836067199707031,37,0.578125,0.013660093998623779,0.06144316200152389,49204,49238
2,261,0,613,64,1.3565593957901,30,0.46875,0.01437680999879376,0.06141722700340324,49204,49238
2,262,0,614,64,1.2134582996368408,38,0.59375,0.01500277999730315,0.06155600800047978,49204,49238
2,263,0,615,64,1.2458744049072266,36,0.5625,0.014267243001086172,0.056421051998768235,49204,49238
2,264,0,616,64,0.877802848815918,42,0.65625,0.014411494001251413,0.0648505680001108,49204,49238
2,265,0,617,64,1.0041577816009521,49,0.765625,0.013873302999854786,0.055102026999520604,49204,49238
2,266,0,618,64,1.1414172649383545,35,0.546875,0.014105029000347713,0.05502390000037849,49204,49238
2,267,0,619,64,1.3729619979858398,37,0.578125,0.014447920002567116,0.05724408300011419,49204,49238
2,268,0,620,64,1.1699559688568115,38,0.59375,0.013681495001947042,0.057118110002193134,49204,49238
2,269,0,621,64,0.9818049669265747,41,0.640625,0.015187365999736357,0.06710044299688889,49204,49238
2,270,0,622,64,0.9213843941688538,45,0.703125,0.014494512000965187,0.059809769998537377,49204,49238
2,271,0,623,64,1.2415845394134521,35,0.546875,0.014404129000467947,0.05968782800118788,49204,49238
2,272,0,624,64,1.0612350702285767,39,0.609375,0.01385510699765291,0.05624581099982606,49204,49238
2,273,0,625,64,1.2587409019470215,32,0.5,0.013809086001856485,0.05963635800071643,49204,49238
2,274,0,626,64,1.2367560863494873,35,0.546875,0.01620835699941381,0.06501685100010945,49204,49238
2,275,0,627,64,1.197077751159668,43,0.671875,0.01478684100220562,0.05922079800075153,49204,49238
2,276,0,628,64,1.2071114778518677,38,0.59375,0.018081866001011804,0.06049529099982465,49204,49238
2,277,0,629,64,1.3276673555374146,35,0.546875,0.014126431997283362,0.05749825500242878,49204,49238
2,278,0,630,64,1.357631802558899,38,0.59375,0.014057898995815776,0.05514471000060439,49204,49238
2,279,0,631,64,1.3542797565460205,30,0.46875,0.014246123002521927,0.0558130049976171,49204,49238
2,280,0,632,64,1.1721986532211304,40,0.625,0.014507545001833932,0.05621098499977961,49204,49238
2,281,0,633,64,1.1509548425674438,45,0.703125,0.013976835001813015,0.05644996100090793,49204,49238
2,282,0,634,64,1.192009687423706,38,0.59375,0.01358914499724051,0.06090129199947114,49204,49238
2,283,0,635,64,1.4357244968414307,34,0.53125,0.015777502001583343,0.06614930599971558,49204,49238
2,284,0,636,64,1.2814258337020874,34,0.53125,0.01444917599656037,0.05794410800081096,49204,49238
2,285,0,637,64,1.0822668075561523,40,0.625,0.014807750998443225,0.05688976400051615,49204,49238
2,286,0,638,64,1.2282800674438477,34,0.53125,0.015840996995393652,0.059556500000326196,49204,49238
2,287,0,639,64,1.0856653451919556,39,0.609375,0.015469723999558482,0.06980642299822648,49204,49238
2,288,0,640,64,1.175586223602295,42,0.65625,0.01545908199477708,0.0598918780015083,49204,49238
2,289,0,641,64,0.9831442832946777,43,0.671875,0.017021464002027642,0.08110731499982649,49204,49238
2,290,0,642,64,1.2031422853469849,38,0.59375,0.014663115001894766,0.06169401500301319,49204,49238
2,291,0,643,64,1.29193115234375,32,0.5,0.015982974000507966,0.060500056999444496,49204,49238
2,292,0,644,64,1.2279767990112305,35,0.546875,0.014887648998410441,0.057317794002301525,49204,49238
2,293,0,645,64,1.1961482763290405,39,0.609375,0.017567811999469995,0.05987984900275478,49204,49238
2,294,0,646,64,1.1934148073196411,38,0.59375,0.01445912900089752,0.05858419899959699,49204,49238
2,295,0,647,64,1.0788764953613281,43,0.671875,0.024848879998899065,0.0669714119976561,49204,49238
2,296,0,648,64,1.1288957595825195,40,0.625,0.016898892001336208,0.06595337399994605,49204,49238
2,297,0,649,64,1.2124404907226562,36,0.5625,0.014837810998869827,0.058026831997267436,49204,49238
2,298,0,650,64,1.1180830001831055,35,0.546875,0.015058073000545846,0.06212784399758675,49204,49238
2,299,0,651,64,1.0847331285476685,39,0.609375,0.01656468700093683,0.062258375000965316,49204,49238
2,300,0,652,64,1.1753973960876465,34,0.53125,0.016303991000313545,0.06360927599962451,49204,49238
2,301,0,653,64,1.1854512691497803,37,0.578125,0.01589960199635243,0.061535413999081356,49204,49238
2,302,0,654,64,1.334902286529541,33,0.515625,0.014759118999791099,0.05915055199875496,49204,49238
2,303,0,655,64,0.9979619979858398,40,0.625,0.018097744996339316,0.06599139900208684,49204,49238
2,304,0,656,64,1.1828669309616089,42,0.65625,0.015301013001590036,0.05798244400284602,49204,49238
2,305,0,657,64,1.3831032514572144,35,0.546875,0.01840019100200152,0.06109207999907085,49204,49238
2,306,0,658,64,1.1487957239151,40,0.625,0.016094179001811426,0.06185520200233441,49204,49238
2,307,0,659,64,1.4058172702789307,31,0.484375,0.014619328998378478,0.05889971500073443,49204,49238
2,308,0,660,64,1.1408661603927612,40,0.625,0.0154496890027076,0.062372283999138745,49204,49238
2,309,0,661,64,1.1943817138671875,34,0.53125,0.015961970995704178,0.06578214999899501,49204,49238
2,310,0,662,64,1.2060596942901611,42,0.65625,0.016401618002419127,0.05981123099991237,49204,49238
2,311,0,663,64,1.121664047241211,43,0.671875,0.015202356000372674,0.0636023250008293,49204,49238
2,312,0,664,64,1.1181617975234985,34,0.53125,0.019687082996824756,0.06826565000301343,49204,49238
2,313,0,665,64,1.1691786050796509,42,0.65625,0.019852666002407204,0.07429796399810584,49204,49238
2,314,0,666,64,1.0754046440124512,46,0.71875,0.015192041002592305,0.06327843200051575,49204,49238
2,315,0,667,64,1.137826681137085,36,0.5625,0.016994434998196084,0.06435331800093991,49204,49238
2,316,0,668,64,1.2782504558563232,36,0.5625,0.015332625000155531,0.05855241199969896,49204,49238
2,317,0,669,64,1.094791054725647,40,0.625,0.015371814999525668,0.05864817600013339,49204,49238
2,318,0,670,64,0.9415423274040222,45,0.703125,0.016953972000919748,0.06547716600107378,49204,49238
2,319,0,671,64,1.0034351348876953,37,0.578125,0.018384714996500406,0.06762388800052577,49204,49238
2,320,0,672,64,1.2261704206466675,35,0.546875,0.01634436899985303,0.06320236999818007,49204,49238
2,321,0,673,64,1.1666628122329712,34,0.53125,0.017883003001770703,0.0695624370018777,49204,49238
2,322,0,674,64,1.0990859270095825,39,0.609375,0.01532820599823026,0.06126308500097366,49204,49238
2,323,0,675,64,1.0974318981170654,40,0.625,0.017364988001645543,0.06800956599909114,49204,49238
2,324,0,676,64,1.1339391469955444,36,0.5625,0.016567859001952456,0.06394826299947454,49204,49238
2,325,0,677,64,0.9172751307487488,46,0.71875,0.017385074999765493,0.060785605001001386,49204,49238
2,326,0,678,64,1.2962026596069336,36,0.5625,0.01704904100188287,0.061635633999685524,49204,49238
2,327,0,679,64,1.2517993450164795,31,0.484375,0.01566001599712763,0.061267681998288026,49204,49238
2,328,0,680,64,1.074794888496399,39,0.609375,0.016189581001526676,0.0634679770009825,49204,49238
2,329,0,681,64,0.8581074476242065,49,0.765625,0.015008660000603413,0.06021810300080688,49204,49238
2,330,0,682,64,1.0845290422439575,39,0.609375,0.015566651996778091,0.06232775099852006,49204,49238
2,331,0,683,64,1.3088231086730957,32,0.5,0.016860551997524453,0.06301978199917357,49204,49238
2,332,0,684,64,1.0504481792449951,41,0.640625,0.017406754002877278,0.0634624359990994,49204,49238
2,333,0,685,64,1.1515451669692993,38,0.59375,0.014495615003397688,0.06957929700001841,49204,49238
2,334,0,686,64,1.072221040725708,38,0.59375,0.014562678996298928,0.06828043399946182,49204,49238
2,335,0,687,64,1.0661935806274414,37,0.578125,0.01572824599861633,0.0596381930008647,49204,49238
2,336,0,688,64,1.1869213581085205,34,0.53125,0.020706737002910813,0.06894514799932949,49204,49238
2,337,0,689,64,1.1870660781860352,39,0.609375,0.016382616999180755,0.0646217350004008,49204,49238
2,338,0,690,64,0.9766254425048828,41,0.640625,0.017299784001806984,0.061854528001276776,49204,49238
2,339,0,691,64,1.2907822132110596,33,0.515625,0.014913236002030317,0.0601446250002482,49204,49238
2,340,0,692,64,1.378049373626709,33,0.515625,0.014388147999852663,0.058619344999897294,49204,49238
2,341,0,693,64,1.110184907913208,38,0.59375,0.016267815000901464,0.060771633998228936,49204,49238
2,342,0,694,64,1.1078317165374756,38,0.59375,0.01767737699992722,0.0646799079986522,49204,49238
2,343,0,695,64,1.1772422790527344,40,0.625,0.015043687002616934,0.07078516199908336,49204,49238
2,344,0,696,64,1.2049295902252197,37,0.578125,0.017517092001071433,0.0629561770001601,49204,49238
2,345,0,697,64,1.0326275825500488,43,0.671875,0.015126151000004029,0.05783111100026872,49204,49238
2,346,0,698,64,1.1388401985168457,42,0.65625,0.01608752999891294,0.061690222999459365,49204,49238
2,347,0,699,64,1.1420164108276367,35,0.546875,0.01609633800035226,0.06457859099828056,49204,49238
2,348,0,700,64,1.2914539575576782,35,0.546875,0.015732179999758955,0.06703338299848838,49204,49238
2,349,0,701,64,1.243250846862793,33,0.515625,0.01444004899894935,0.05710739200003445,49204,49238
2,350,0,702,64,1.02425217628479,41,0.640625,0.01466129400068894,0.05710720400020364,49204,49238
2,351,0,703,36,1.2768304347991943,19,0.5277777777777778,0.014475796000624541,0.056042496998998104,27699,27733
3,0,0,704,64,1.0911235809326172,42,0.65625,0.014951971999835223,0.07275627199851442,49204,49238
3,1,0,705,64,0.705412745475769,51,0.796875,0.01746726899727946,0.07124890599880018,49204,49238
3,2,0,706,64,0.8913058042526245,42,0.65625,0.01771578699845122,0.07517610400100239,49204,49238
3,3,0,707,64,1.1132502555847168,38,0.59375,0.014102870001806878,0.06886262600164628,49204,49238
3,4,0,708,64,0.8937618732452393,46,0.71875,0.018254221002280246,0.0733128450010554,49204,49238
3,5,0,709,64,1.1358951330184937,37,0.578125,0.016101869998237817,0.07475098699796945,49204,49238
3,6,0,710,64,0.89493328332901,45,0.703125,0.016372583002521424,0.07770951400016202,49204,49238
3,7,0,711,64,0.905114471912384,43,0.671875,0.014742892002686858,0.06834814000103506,49204,49238
3,8,0,712,64,0.7136852741241455,49,0.765625,0.016401142995164264,0.06834173899915186,49204,49238
3,9,0,713,64,1.1284977197647095,37,0.578125,0.016973537000012584,0.07103958299921942,49204,49238
3,10,0,714,64,1.0176106691360474,41,0.640625,0.015798127999005374,0.07201093799812952,49204,49238
3,11,0,715,64,0.8433816432952881,48,0.75,0.015857589001825545,0.0659454150008969,49204,49238
3,12,0,716,64,0.9991356134414673,39,0.609375,0.01422324599843705,0.06500954200237175,49204,49238
3,13,0,717,64,1.0564899444580078,37,0.578125,0.016364826002245536,0.07007343899749685,49204,49238
3,14,0,718,64,1.0035197734832764,44,0.6875,0.016720296000130475,0.0669784499987145,49204,49238
3,15,0,719,64,0.8446635007858276,47,0.734375,0.015634546001820127,0.06663097599812318,49204,49238
3,16,0,720,64,0.9017484188079834,44,0.6875,0.015021210001577856,0.06625849900228786,49204,49238
3,17,0,721,64,0.9273040294647217,42,0.65625,0.014935058999981266,0.06498841099892161,49204,49238
3,18,0,722,64,0.9264087677001953,49,0.765625,0.016195662999962224,0.06696975600061705,49204,49238
3,19,0,723,64,1.1160674095153809,34,0.53125,0.018333252999582328,0.07020427099996596,49204,49238
3,20,0,724,64,0.9759741425514221,44,0.6875,0.015434022996487329,0.06726899199929903,49204,49238
3,21,0,725,64,0.988273024559021,42,0.65625,0.017516847998194862,0.06749385800139862,49204,49238
3,22,0,726,64,1.0971440076828003,43,0.671875,0.015888930000073742,0.07081526000183658,49204,49238
3,23,0,727,64,0.9476355314254761,42,0.65625,0.01753251499394537,0.07035441600237391,49204,49238
3,24,0,728,64,0.9944212436676025,42,0.65625,0.019495489999826532,0.07217425900307717,49204,49238
3,25,0,729,64,1.1209667921066284,41,0.640625,0.017450718998588854,0.06787633000203641,49204,49238
3,26,0,730,64,0.9738110899925232,44,0.6875,0.015801478002686054,0.0750732060005248,49204,49238
3,27,0,731,64,1.0958261489868164,40,0.625,0.014245414997276384,0.055342739000479924,49204,49238
3,28,0,732,64,0.9990832805633545,40,0.625,0.01700414799779537,0.05458907000138424,49204,49238
3,29,0,733,64,0.9232161045074463,44,0.6875,0.01740408599653165,0.05869653500121785,49204,49238
3,30,0,734,64,0.9984644651412964,42,0.65625,0.014519835996907204,0.05679986200266285,49204,49238
3,31,0,735,64,0.944994330406189,45,0.703125,0.01573445900066872,0.05640012300136732,49204,49238
3,32,0,736,64,0.8548780679702759,48,0.75,0.016653484999551438,0.05372345999785466,49204,49238
3,33,0,737,64,0.9685051441192627,39,0.609375,0.015722765001555672,0.057289647000288824,49204,49238
3,34,0,738,64,0.8550271391868591,44,0.6875,0.026980394999554846,0.06591400099932798,49204,49238
3,35,0,739,64,1.1001099348068237,40,0.625,0.015281527998013189,0.05974757299918565,49204,49238
3,36,0,740,64,1.0333890914916992,38,0.59375,0.015956946001097094,0.05679693199999747,49204,49238
3,37,0,741,64,1.0222092866897583,39,0.609375,0.01583414999913657,0.0559287520009093,49204,49238
3,38,0,742,64,0.8710846900939941,48,0.75,0.01710228000229108,0.054709440999431536,49204,49238
3,39,0,743,64,0.7859145402908325,46,0.71875,0.015773668001202168,0.05634417900000699,49204,49238
3,40,0,744,64,1.0171934366226196,44,0.6875,0.013384421996306628,0.05199844500020845,49204,49238
3,41,0,745,64,0.7915895581245422,46,0.71875,0.014294791999418521,0.05329948799771955,49204,49238
3,42,0,746,64,0.8037150502204895,47,0.734375,0.015140544997848338,0.05751387800046359,49204,49238
3,43,0,747,64,1.0274693965911865,41,0.640625,0.015658877997339005,0.05350180599998566,49204,49238
3,44,0,748,64,0.9300637245178223,39,0.609375,0.013878448997274972,0.05517425699872547,49204,49238
3,45,0,749,64,1.244889259338379,39,0.609375,0.014221183999325149,0.053671169000153895,49204,49238
3,46,0,750,64,1.0321996212005615,38,0.59375,0.01381795800261898,0.052622647999669425,49204,49238
3,47,0,751,64,1.1438668966293335,39,0.609375,0.014377837997017195,0.05380941900148173,49204,49238
3,48,0,752,64,1.205756425857544,38,0.59375,0.014723118998517748,0.059290365999913774,49204,49238
3,49,0,753,64,1.1864266395568848,37,0.578125,0.017868562001240207,0.0653473309976107,49204,49238
3,50,0,754,64,1.0099852085113525,39,0.609375,0.018345008000324015,0.061725759998807916,49204,49238
3,51,0,755,64,0.9767349362373352,45,0.703125,0.015350759000284597,0.05584974000157672,49204,49238
3,52,0,756,64,1.0951628684997559,41,0.640625,0.017272819997742772,0.059835353000380564,49204,49238
3,53,0,757,64,1.3067702054977417,35,0.546875,0.014291685998614412,0.055390673001966206,49204,49238
3,54,0,758,64,0.7745875120162964,49,0.765625,0.013652155001182109,0.05693751499711652,49204,49238
3,55,0,759,64,0.91440749168396,43,0.671875,0.013482583999575581,0.05686354000135907,49204,49238
3,56,0,760,64,0.941483736038208,43,0.671875,0.013639298998896265,0.056842739999410696,49204,49238
3,57,0,761,64,0.8936179876327515,46,0.71875,0.01422017300137668,0.054213379000429995,49204,49238
3,58,0,762,64,0.9447790384292603,40,0.625,0.016318895999575034,0.061871426998550305,49204,49238
3,59,0,763,64,0.9751166701316833,43,0.671875,0.016418187002273044,0.056582583998533664,49204,49238
3,60,0,764,64,1.323875069618225,35,0.546875,0.015890073002083227,0.05805565899936482,49204,49238
3,61,0,765,64,0.8399906754493713,46,0.71875,0.01530735599953914,0.06281844700060901,49204,49238
3,62,0,766,64,1.0640103816986084,38,0.59375,0.015516295999987051,0.05562000099962461,49204,49238
3,63,0,767,64,1.1078202724456787,40,0.625,0.015808701002242742,0.06543440799941891,49204,49238
3,64,0,768,64,0.9583536982536316,44,0.6875,0.013927881002018694,0.06074787499892409,49204,49238
3,65,0,769,64,1.033816933631897,46,0.71875,0.014628798999183346,0.05875812199883512,49204,49238
3,66,0,770,64,1.051786184310913,38,0.59375,0.01649555599942687,0.06375192900304683,49204,49238
3,67,0,771,64,0.9328057765960693,44,0.6875,0.014627768996433588,0.0578767329971015,49204,49238
3,68,0,772,64,1.029592514038086,37,0.578125,0.014506722000078298,0.05697293499906664,49204,49238
3,69,0,773,64,1.1203323602676392,41,0.640625,0.01390021499901195,0.054562579996854765,49204,49238
3,70,0,774,64,1.1275029182434082,39,0.609375,0.014618277000408852,0.058973768002033466,49204,49238
3,71,0,775,64,0.8596886396408081,46,0.71875,0.013699672999791801,0.05958033999922918,49204,49238
3,72,0,776,64,1.073889970779419,35,0.546875,0.01396062399726361,0.05436574099803693,49204,49238
3,73,0,777,64,0.8249074816703796,47,0.734375,0.01378250199923059,0.05920189500102424,49204,49238
3,74,0,778,64,1.1269934177398682,36,0.5625,0.013252602002467029,0.058631264000723604,49204,49238
3,75,0,779,64,0.8369359970092773,46,0.71875,0.01469297499716049,0.0609676039966871,49204,49238
3,76,0,780,64,1.0644140243530273,38,0.59375,0.015322000996093266,0.06386171399935847,49204,49238
3,77,0,781,64,1.0860097408294678,40,0.625,0.016477332996146288,0.06507989000238013,49204,49238
3,78,0,782,64,1.0118114948272705,38,0.59375,0.014690496002003783,0.05805427499944926,49204,49238
3,79,0,783,64,1.044118881225586,37,0.578125,0.015338417997554643,0.05808244900254067,49204,49238
3,80,0,784,64,0.9685437679290771,41,0.640625,0.014661534001788823,0.058534144998702686,49204,49238
3,81,0,785,64,1.1293234825134277,37,0.578125,0.014372012003150303,0.05950051000036183,49204,49238
3,82,0,786,64,1.1655199527740479,30,0.46875,0.014126536996627692,0.06040391599890427,49204,49238
3,83,0,787,64,1.3608053922653198,39,0.609375,0.013809846997901332,0.06105469900285243,49204,49238
3,84,0,788,64,1.287225604057312,40,0.625,0.014593684998544632,0.06047449399920879,49204,49238
3,85,0,789,64,0.9214332103729248,45,0.703125,0.014788889999181265,0.059499898001377005,49204,49238
3,86,0,790,64,1.063812017440796,37,0.578125,0.0143975840001076,0.059085472999868216,49204,49238
3,87,0,791,64,0.9452826976776123,46,0.71875,0.01414028300132486,0.0598972549996688,49204,49238
3,88,0,792,64,1.0955395698547363,39,0.609375,0.014002425996295642,0.06034025499684503,49204,49238
3,89,0,793,64,1.319516658782959,34,0.53125,0.014002444000652758,0.06558466800197493,49204,49238
3,90,0,794,64,1.059486985206604,44,0.6875,0.016234702001383994,0.06756595100159757,49204,49238
3,91,0,795,64,1.0284595489501953,39,0.609375,0.013862577998224879,0.06033077300162404,49204,49238
3,92,0,796,64,1.0643255710601807,39,0.609375,0.015190490998065798,0.05885045399918454,49204,49238
3,93,0,797,64,1.380807638168335,32,0.5,0.016821804998471634,0.06425157799822045,49204,49238
3,94,0,798,64,0.8159070014953613,44,0.6875,0.013468730001477525,0.055157107999548316,49204,49238
3,95,0,799,64,0.8937684893608093,46,0.71875,0.013840034000168089,0.05644636600118247,49204,49238
3,96,0,800,64,1.2434513568878174,34,0.53125,0.0141147850008565,0.05531195399817079,49204,49238
3,97,0,801,64,0.8513223528862,47,0.734375,0.017179834001581185,0.06133596200015745,49204,49238
3,98,0,802,64,1.0658156871795654,42,0.65625,0.013510443997802213,0.0572999410032935,49204,49238
3,99,0,803,64,1.0757113695144653,38,0.59375,0.015595706998283276,0.05753905000165105,49204,49238
3,100,0,804,64,0.7682582139968872,47,0.734375,0.015617875003954396,0.060103954001533566,49204,49238
3,101,0,805,64,1.239507794380188,34,0.53125,0.0143004169985943,0.0580603529997461,49204,49238
3,102,0,806,64,1.0859386920928955,35,0.546875,0.013831080999807455,0.063699837999593,49204,49238
3,103,0,807,64,0.8878651857376099,47,0.734375,0.014716368998051621,0.06058261300131562,49204,49238
3,104,0,808,64,0.8151084780693054,46,0.71875,0.01686386800429318,0.06037879499854171,49204,49238
3,105,0,809,64,0.8763272762298584,41,0.640625,0.013669386997207766,0.05541095599983237,49204,49238
3,106,0,810,64,1.2098958492279053,37,0.578125,0.013708720001886832,0.05556650200014701,49204,49238
3,107,0,811,64,0.9708474278450012,39,0.609375,0.01390165600241744,0.06324041100015165,49204,49238
3,108,0,812,64,0.9130417704582214,44,0.6875,0.016071133999503218,0.06427902499854099,49204,49238
3,109,0,813,64,0.9641035199165344,43,0.671875,0.014983437999035232,0.05720306999864988,49204,49238
3,110,0,814,64,0.8299412727355957,46,0.71875,0.01348049400257878,0.058665755997935776,49204,49238
3,111,0,815,64,0.8449407815933228,44,0.6875,0.014215963998140069,0.06676877799691283,49204,49238
3,112,0,816,64,1.0493924617767334,41,0.640625,0.015072770998813212,0.05931970299934619,49204,49238
3,113,0,817,64,1.161442518234253,38,0.59375,0.016792743997939397,0.0645882620010525,49204,49238
3,114,0,818,64,0.7691750526428223,47,0.734375,0.013913545000832528,0.061472569999750704,49204,49238
3,115,0,819,64,0.9173738360404968,41,0.640625,0.014455116997851292,0.06535247800275101,49204,49238
3,116,0,820,64,1.1484477519989014,38,0.59375,0.01546510000480339,0.06613424500028486,49204,49238
3,117,0,821,64,1.1270060539245605,43,0.671875,0.014033117000508355,0.05624959700071486,49204,49238
3,118,0,822,64,1.160361886024475,37,0.578125,0.01425105800080928,0.06498860599822365,49204,49238
3,119,0,823,64,1.108988881111145,38,0.59375,0.014899079000315396,0.062132760998792946,49204,49238
3,120,0,824,64,0.9379026889801025,45,0.703125,0.014524653000989929,0.06579222300206311,49204,49238
3,121,0,825,64,0.9391424655914307,48,0.75,0.014563962999091018,0.06246478399771149,49204,49238
3,122,0,826,64,1.003260850906372,37,0.578125,0.014124140001513297,0.06003327900180011,49204,49238
3,123,0,827,64,0.987812876701355,40,0.625,0.013976935995742679,0.061658394002733985,49204,49238
3,124,0,828,64,1.1148182153701782,43,0.671875,0.014238237003155518,0.06216038999991724,49204,49238
3,125,0,829,64,0.9275597929954529,42,0.65625,0.014592453000659589,0.058045755002240185,49204,49238
3,126,0,830,64,1.0052952766418457,45,0.703125,0.017718102000799263,0.06470143700062181,49204,49238
3,127,0,831,64,1.1667616367340088,36,0.5625,0.01462030400216463,0.05830853600127739,49204,49238
3,128,0,832,64,0.815163254737854,42,0.65625,0.014924146998964716,0.06516803900012746,49204,49238
3,129,0,833,64,0.9675320386886597,44,0.6875,0.015072149002662627,0.08013345300059882,49204,49238
3,130,0,834,64,1.0847487449645996,39,0.609375,0.015095451999513898,0.05941161499868031,49204,49238
3,131,0,835,64,1.0073955059051514,45,0.703125,0.017292463999183383,0.06499311300285626,49204,49238
3,132,0,836,64,1.115066647529602,39,0.609375,0.014331551999930525,0.06189111200001207,49204,49238
3,133,0,837,64,1.0048433542251587,38,0.59375,0.014399655003217049,0.06097078899983899,49204,49238
3,134,0,838,64,0.9731738567352295,43,0.671875,0.01580765499966219,0.06366944100227556,49204,49238
3,135,0,839,64,0.8478381037712097,42,0.65625,0.015309266000258503,0.06382922300326754,49204,49238
3,136,0,840,64,0.9549264907836914,39,0.609375,0.013868870999431238,0.05646189099934418,49204,49238
3,137,0,841,64,1.0083329677581787,42,0.65625,0.013720425999053987,0.06110691899812082,49204,49238
3,138,0,842,64,1.0423941612243652,42,0.65625,0.01439345700055128,0.059716318999562645,49204,49238
3,139,0,843,64,1.2227294445037842,39,0.609375,0.014281248000770574,0.05830530000093859,49204,49238
3,140,0,844,64,0.8722012042999268,40,0.625,0.013672951001353795,0.07111889899897506,49204,49238
3,141,0,845,64,0.9142500758171082,41,0.640625,0.016564780002227053,0.0592894969995541,49204,49238
3,142,0,846,64,0.7627284526824951,49,0.765625,0.017111762004788034,0.06979668400163064,49204,49238
3,143,0,847,64,0.7973153591156006,42,0.65625,0.014417368998692837,0.059333910001441836,49204,49238
3,144,0,848,64,0.8840905427932739,44,0.6875,0.015902022998488974,0.06850593399940408,49204,49238
3,145,0,849,64,1.1188983917236328,37,0.578125,0.014291534997028066,0.059945879998849705,49204,49238
3,146,0,850,64,0.8900492191314697,40,0.625,0.014379432002897374,0.05638770700170426,49204,49238
3,147,0,851,64,1.1832001209259033,37,0.578125,0.014615161999245174,0.05640713300090283,49204,49238
3,148,0,852,64,1.0245966911315918,42,0.65625,0.014083685000514379,0.0624283290017047,49204,49238
3,149,0,853,64,0.9596035480499268,42,0.65625,0.014415764999284875,0.05556977499873028,49204,49238
3,150,0,854,64,0.9283136129379272,47,0.734375,0.015625505002390128,0.058495449000474764,49204,49238
3,151,0,855,64,0.835143506526947,47,0.734375,0.014069351000216557,0.0570500970025023,49204,49238
3,152,0,856,64,0.8347212672233582,45,0.703125,0.016780375997768715,0.06747430399991572,49204,49238
3,153,0,857,64,0.8342790007591248,44,0.6875,0.013405679001152748,0.05842366399883758,49204,49238
3,154,0,858,64,0.8864712715148926,46,0.71875,0.013853507003659615,0.05884213899844326,49204,49238
3,155,0,859,64,1.1307718753814697,41,0.640625,0.015437076999660349,0.061365990000922466,49204,49238
3,156,0,860,64,0.8362467885017395,40,0.625,0.014797874002397293,0.05968102399856434,49204,49238
3,157,0,861,64,0.9142983555793762,41,0.640625,0.015451907998794923,0.057660464000946376,49204,49238
3,158,0,862,64,0.822319507598877,49,0.765625,0.01415495000037481,0.057760116000281414,49204,49238
3,159,0,863,64,1.072206974029541,38,0.59375,0.014475836997007718,0.066258957998798,49204,49238
3,160,0,864,64,1.2099008560180664,41,0.640625,0.017445964000216918,0.07017226300013135,49204,49238
3,161,0,865,64,1.2504692077636719,33,0.515625,0.0158092960009526,0.06272071900093579,49204,49238
3,162,0,866,64,0.9546327590942383,41,0.640625,0.01536568899609847,0.06286060300044483,49204,49238
3,163,0,867,64,1.0996692180633545,37,0.578125,0.014463873001659522,0.06636802699722466,49204,49238
3,164,0,868,64,1.0323376655578613,40,0.625,0.01592474200151628,0.06396487500023795,49204,49238
3,165,0,869,64,1.3384363651275635,33,0.515625,0.014441765000810847,0.05743909200100461,49204,49238
3,166,0,870,64,1.0252511501312256,39,0.609375,0.01363746900096885,0.06103178600096726,49204,49238
3,167,0,871,64,0.9815266132354736,43,0.671875,0.015179505000560312,0.05890586600071401,49204,49238
3,168,0,872,64,1.1567208766937256,39,0.609375,0.01476758000353584,0.06709106600101222,49204,49238
3,169,0,873,64,0.7780663371086121,46,0.71875,0.015928017000987893,0.06305099100063671,49204,49238
3,170,0,874,64,0.8792827725410461,48,0.75,0.01404505699974834,0.05782649599859724,49204,49238
3,171,0,875,64,1.1138684749603271,36,0.5625,0.014169697002216708,0.06620380800086423,49204,49238
3,172,0,876,64,1.0421669483184814,46,0.71875,0.016549804000533186,0.06326302000161377,49204,49238
3,173,0,877,64,1.090768575668335,40,0.625,0.01515679699878092,0.06265644800078007,49204,49238
3,174,0,878,64,1.1884323358535767,36,0.5625,0.014076401999773225,0.06135757700030808,49204,49238
3,175,0,879,64,0.895328164100647,43,0.671875,0.014282277999882353,0.060728443997504655,49204,49238
3,176,0,880,64,0.9659494161605835,42,0.65625,0.014645105999079533,0.06724407199726556,49204,49238
3,177,0,881,64,0.8615766763687134,46,0.71875,0.013851140000042506,0.06266384099944844,49204,49238
3,178,0,882,64,1.4980522394180298,30,0.46875,0.013828742998157395,0.06185892100256751,49204,49238
3,179,0,883,64,0.971108078956604,42,0.65625,0.014208491000317736,0.05889584499891498,49204,49238
3,180,0,884,64,1.046128511428833,39,0.609375,0.014100611002504593,0.06862121500307694,49204,49238
3,181,0,885,64,0.9117341041564941,44,0.6875,0.015294381002604496,0.0750309989998641,49204,49238
3,182,0,886,64,1.1061921119689941,37,0.578125,0.015151804000197444,0.06194501299978583,49204,49238
3,183,0,887,64,0.8294875025749207,45,0.703125,0.014772761998756323,0.05925339700115728,49204,49238
3,184,0,888,64,1.1490250825881958,39,0.609375,0.014534715002810117,0.06740683799944236,49204,49238
3,185,0,889,64,1.0940042734146118,35,0.546875,0.015398637002363103,0.06588138400184107,49204,49238
3,186,0,890,64,0.9784342646598816,43,0.671875,0.014876655000989558,0.06405550699855667,49204,49238
3,187,0,891,64,0.9818848371505737,43,0.671875,0.015261513002769789,0.05905106899808743,49204,49238
3,188,0,892,64,1.0639036893844604,36,0.5625,0.014129860999673838,0.05858386500040069,49204,49238
3,189,0,893,64,1.0834883451461792,40,0.625,0.015320226000767434,0.05874287999904482,49204,49238
3,190,0,894,64,1.093524694442749,37,0.578125,0.013557119003962725,0.05630288100292091,49204,49238
3,191,0,895,64,1.165648341178894,41,0.640625,0.013653550999151776,0.06349181699988549,49204,49238
3,192,0,896,64,1.0007643699645996,39,0.609375,0.014967502997023985,0.060600665001402376,49204,49238
3,193,0,897,64,1.1451835632324219,35,0.546875,0.014836409001873108,0.0673854359993129,49204,49238
3,194,0,898,64,0.8556152582168579,40,0.625,0.013849150000169175,0.062623280002299,49204,49238
3,195,0,899,64,0.920419454574585,42,0.65625,0.01630228499561781,0.06553614799850038,49204,49238
3,196,0,900,64,1.0138636827468872,42,0.65625,0.015808920998097165,0.0642970780027099,49204,49238
3,197,0,901,64,0.9437568783760071,37,0.578125,0.015658453998184996,0.05942572099957033,49204,49238
3,198,0,902,64,1.112526774406433,38,0.59375,0.014557861999492161,0.06590873000095598,49204,49238
3,199,0,903,64,1.0591803789138794,37,0.578125,0.01423922499816399,0.05919455100229243,49204,49238
3,200,0,904,64,0.9926029443740845,42,0.65625,0.014081204997637542,0.06252657599907252,49204,49238
3,201,0,905,64,0.9149311780929565,42,0.65625,0.0151626139995642,0.0617298840006697,49204,49238
3,202,0,906,64,0.8713507652282715,44,0.6875,0.014130878003925318,0.06073477299651131,49204,49238
3,203,0,907,64,0.892719030380249,39,0.609375,0.01389906500116922,0.05804441099826363,49204,49238
3,204,0,908,64,1.2255021333694458,38,0.59375,0.015229485001327703,0.061713849998341175,49204,49238
3,205,0,909,64,0.9016528725624084,48,0.75,0.016417303999332944,0.06345856099869707,49204,49238
3,206,0,910,64,1.191162347793579,34,0.53125,0.01779382099630311,0.07393931999831693,49204,49238
3,207,0,911,64,0.8704462051391602,48,0.75,0.014889644993672846,0.06433475499943597,49204,49238
3,208,0,912,64,1.0702605247497559,35,0.546875,0.014487071002804441,0.06760951400065096,49204,49238
3,209,0,913,64,0.9421815872192383,41,0.640625,0.016555289999814704,0.0666275500007032,49204,49238
3,210,0,914,64,1.0154235363006592,41,0.640625,0.014112474003923126,0.058618224000383634,49204,49238
3,211,0,915,64,1.1453678607940674,39,0.609375,0.013998097001604037,0.0657878170022741,49204,49238
3,212,0,916,64,0.9513382315635681,42,0.65625,0.014094443002250046,0.05630768999981228,49204,49238
3,213,0,917,64,1.1666147708892822,41,0.640625,0.01397739999811165,0.06058364400087157,49204,49238
3,214,0,918,64,0.7967044115066528,51,0.796875,0.01473588299995754,0.06483556400053203,49204,49238
3,215,0,919,64,1.1392385959625244,39,0.609375,0.015427640002599219,0.06623398900046595,49204,49238
3,216,0,920,64,1.0966559648513794,36,0.5625,0.016600730999925872,0.06377268999858643,49204,49238
3,217,0,921,64,0.9256810545921326,44,0.6875,0.0138492000005499,0.059184301000641426,49204,49238
3,218,0,922,64,0.9949591755867004,39,0.609375,0.015232968002237612,0.06003605200021411,49204,49238
3,219,0,923,64,0.7158404588699341,51,0.796875,0.01697517700085882,0.06408033199841157,49204,49238
3,220,0,924,64,1.0254597663879395,37,0.578125,0.01505693899889593,0.06556567500228994,49204,49238
3,221,0,925,64,1.1232236623764038,42,0.65625,0.01451941000050283,0.056333178999921074,49204,49238
3,222,0,926,64,1.0104469060897827,43,0.671875,0.013699977000214858,0.0645508389970928,49204,49238
3,223,0,927,64,0.8465811014175415,45,0.703125,0.013526722003007308,0.05876380299741868,49204,49238
3,224,0,928,64,1.0556985139846802,40,0.625,0.014672849003545707,0.0616605730028823,49204,49238
3,225,0,929,64,0.9364328384399414,43,0.671875,0.014178252000419889,0.05602382900178782,49204,49238
3,226,0,930,64,1.2261226177215576,40,0.625,0.013438040001346963,0.05893251400266308,49204,49238
3,227,0,931,64,0.8962340950965881,43,0.671875,0.015342496997618582,0.0612012390010932,49204,49238
3,228,0,932,64,1.0025911331176758,39,0.609375,0.015041665003082016,0.0625036489982449,49204,49238
3,229,0,933,64,0.8516013026237488,47,0.734375,0.01629449500251212,0.06700424100199598,49204,49238
3,230,0,934,64,1.0850393772125244,34,0.53125,0.014435540997510543,0.059239409001747845,49204,49238
3,231,0,935,64,1.2558317184448242,32,0.5,0.014663853999081766,0.05724667799950112,49204,49238
3,232,0,936,64,1.0597405433654785,44,0.6875,0.015188682998996228,0.06165041300118901,49204,49238
3,233,0,937,64,1.0838563442230225,41,0.640625,0.016799329001514707,0.06951672799914377,49204,49238
3,234,0,938,64,1.1713781356811523,39,0.609375,0.015463724001165247,0.06740887700289022,49204,49238
3,235,0,939,64,0.9957079291343689,40,0.625,0.014540991000103531,0.059398928002337925,49204,49238
3,236,0,940,64,1.0572445392608643,44,0.6875,0.014508580999972764,0.05983261100118398,49204,49238
3,237,0,941,64,0.9257892370223999,39,0.609375,0.01608784400013974,0.06156577900037519,49204,49238
3,238,0,942,64,0.9323389530181885,43,0.671875,0.015737614001409383,0.06745209499786142,49204,49238
3,239,0,943,64,1.0244312286376953,43,0.671875,0.01855234200047562,0.0633231589999923,49204,49238
3,240,0,944,64,0.9584630727767944,45,0.703125,0.01390822599933017,0.06316571999923326,49204,49238
3,241,0,945,64,1.390364170074463,37,0.578125,0.014200459001585841,0.05787380800029496,49204,49238
3,242,0,946,64,1.0272736549377441,39,0.609375,0.01642686400009552,0.05806350199782173,49204,49238
3,243,0,947,64,0.773490309715271,48,0.75,0.013986377001856454,0.05861779800034128,49204,49238
3,244,0,948,64,0.8733726143836975,45,0.703125,0.014644036997196963,0.05607212399991113,49204,49238
3,245,0,949,64,0.9374974370002747,42,0.65625,0.014175906999298604,0.06060250700102188,49204,49238
3,246,0,950,64,1.1244779825210571,40,0.625,0.013596128002973273,0.061219749000883894,49204,49238
3,247,0,951,64,1.0528295040130615,36,0.5625,0.01439463100177818,0.06179480599894305,49204,49238
3,248,0,952,64,1.1419929265975952,36,0.5625,0.01441191699632327,0.06134531200223137,49204,49238
3,249,0,953,64,1.2332100868225098,42,0.65625,0.014506325002002995,0.06620455400116043,49204,49238
3,250,0,954,64,1.158540964126587,37,0.578125,0.014276953999797115,0.06072820799818146,49204,49238
3,251,0,955,64,1.0728812217712402,38,0.59375,0.015613613999448717,0.06415503399693989,49204,49238
3,252,0,956,64,1.0030670166015625,42,0.65625,0.014179449000948807,0.06532889300069655,49204,49238
3,253,0,957,64,1.306367039680481,35,0.546875,0.014665327998955036,0.05946191999828443,49204,49238
3,254,0,958,64,0.9475834369659424,41,0.640625,0.013733241001318675,0.06462378099968191,49204,49238
3,255,0,959,64,1.093693733215332,39,0.609375,0.015043980001792079,0.06086827800027095,49204,49238
3,256,0,960,64,1.2379721403121948,37,0.578125,0.013594242002000101,0.059206735000771005,49204,49238
3,257,0,961,64,0.9570099711418152,43,0.671875,0.016355370004021097,0.06212682700061123,49204,49238
3,258,0,962,64,0.734315037727356,49,0.765625,0.013746972002991242,0.05905192199861631,49204,49238
3,259,0,963,64,0.8741077780723572,43,0.671875,0.014383862999238772,0.05679265599974315,49204,49238
3,260,0,964,64,1.1201484203338623,43,0.671875,0.014123950000794139,0.05716950199712301,49204,49238
3,261,0,965,64,1.0321617126464844,38,0.59375,0.018138327002816368,0.06728045400086557,49204,49238
3,262,0,966,64,1.0267115831375122,41,0.640625,0.014222466998035088,0.06744745100149885,49204,49238
3,263,0,967,64,1.009197473526001,41,0.640625,0.014649942997493781,0.06627718199888477,49204,49238
3,264,0,968,64,0.8612748384475708,42,0.65625,0.016967399998975452,0.0624541049983236,49204,49238
3,265,0,969,64,1.1725223064422607,35,0.546875,0.016026386998419184,0.06117720700058271,49204,49238
3,266,0,970,64,0.7717894911766052,45,0.703125,0.014180531998135848,0.06269906799934688,49204,49238
3,267,0,971,64,0.8309644460678101,46,0.71875,0.01431624299948453,0.06074505899960059,49204,49238
3,268,0,972,64,1.0830274820327759,41,0.640625,0.015377037998405285,0.06395903299926431,49204,49238
3,269,0,973,64,0.9199202060699463,41,0.640625,0.014141874002234545,0.05704980700102169,49204,49238
3,270,0,974,64,1.2609429359436035,39,0.609375,0.013721439998334972,0.06039283800055273,49204,49238
3,271,0,975,64,0.9377385973930359,41,0.640625,0.014753365998330992,0.05919601200002944,49204,49238
3,272,0,976,64,0.6885963678359985,51,0.796875,0.015338346998760244,0.05755344199860701,49204,49238
3,273,0,977,64,0.8842426538467407,41,0.640625,0.014599191999877803,0.07114965199798462,49204,49238
3,274,0,978,64,0.9790604710578918,46,0.71875,0.015598155998304719,0.06063165500017931,49204,49238
3,275,0,979,64,0.9516478776931763,43,0.671875,0.01383674699900439,0.06101223799851141,49204,49238
3,276,0,980,64,1.0008658170700073,41,0.640625,0.017587759997695684,0.06548427000234369,49204,49238
3,277,0,981,64,0.9346868991851807,42,0.65625,0.014072320002014749,0.05787442500150064,49204,49238
3,278,0,982,64,0.8794313073158264,44,0.6875,0.013524168000003556,0.05484989199976553,49204,49238
3,279,0,983,64,0.9396919012069702,43,0.671875,0.01334979799867142,0.06263680399933946,49204,49238
3,280,0,984,64,1.2338438034057617,39,0.609375,0.014428174999920884,0.05880758499915828,49204,49238
3,281,0,985,64,1.0986132621765137,37,0.578125,0.01504594099969836,0.05992364699704922,49204,49238
3,282,0,986,64,0.9102821350097656,47,0.734375,0.014557121001416817,0.058665545999247115,49204,49238
3,283,0,987,64,0.9394851922988892,40,0.625,0.014825357000518125,0.055511167000076966,49204,49238
3,284,0,988,64,0.7776784896850586,45,0.703125,0.013701722000405425,0.0554312980020768,49204,49238
3,285,0,989,64,1.1496511697769165,38,0.59375,0.013729689999308903,0.056478995000361465,49204,49238
3,286,0,990,64,0.8821807503700256,47,0.734375,0.01380203100052313,0.058932022999215405,49204,49238
3,287,0,991,64,0.8804693222045898,45,0.703125,0.013957498995296191,0.06806639899878064,49204,49238
3,288,0,992,64,0.9566453695297241,45,0.703125,0.01822771400111378,0.10238122899681912,49204,49238
3,289,0,993,64,0.9289804697036743,44,0.6875,0.015309852002246771,0.06151171300007263,49204,49238
3,290,0,994,64,1.158082365989685,37,0.578125,0.013665993003087351,0.0663419700031227,49204,49238
3,291,0,995,64,1.071120023727417,37,0.578125,0.014122324995696545,0.058402317998115905,49204,49238
3,292,0,996,64,0.9478232860565186,39,0.609375,0.014705569999932777,0.06698927799880039,49204,49238
3,293,0,997,64,0.8115289211273193,45,0.703125,0.01494280899714795,0.05932588499854319,49204,49238
3,294,0,998,64,1.253965973854065,36,0.5625,0.013415462999546435,0.06503861399687594,49204,49238
3,295,0,999,64,0.8827221393585205,46,0.71875,0.015937800002575386,0.059650437000527745,49204,49238
3,296,0,1000,64,0.9066736102104187,46,0.71875,0.014659305001259781,0.05810983399715042,49204,49238
3,297,0,1001,64,1.151333212852478,40,0.625,0.01672037100070156,0.06323319500006619,49204,49238
3,298,0,1002,64,0.8955001831054688,44,0.6875,0.018687022999074543,0.06757026799823507,49204,49238
3,299,0,1003,64,1.1211528778076172,39,0.609375,0.01570747200094047,0.06038849499964272,49204,49238
3,300,0,1004,64,1.123133897781372,41,0.640625,0.01585290100047132,0.0645799519988941,49204,49238
3,301,0,1005,64,0.9054005742073059,46,0.71875,0.014542836001055548,0.05852497099840548,49204,49238
3,302,0,1006,64,0.821967601776123,45,0.703125,0.015511965004407102,0.05796225599988247,49204,49238
3,303,0,1007,64,1.1873893737792969,34,0.53125,0.0188332809957501,0.07659887000045273,49204,49238
3,304,0,1008,64,1.2027370929718018,40,0.625,0.017210579000675352,0.06952550799906021,49204,49238
3,305,0,1009,64,1.2446855306625366,36,0.5625,0.015471376998902997,0.06421135799973854,49204,49238
3,306,0,1010,64,0.7771836519241333,48,0.75,0.01815417400212027,0.06899104600233841,49204,49238
3,307,0,1011,64,0.9356529712677002,39,0.609375,0.01682772899948759,0.06950358800168033,49204,49238
3,308,0,1012,64,1.1533746719360352,37,0.578125,0.019271158998890314,0.07094800900085829,49204,49238
3,309,0,1013,64,0.8567763566970825,45,0.703125,0.018609833998198155,0.07714886699977797,49204,49238
3,310,0,1014,64,0.8656082153320312,47,0.734375,0.017631570004596142,0.0614407110006141,49204,49238
3,311,0,1015,64,1.1342992782592773,38,0.59375,0.015562159002001863,0.05744351599787478,49204,49238
3,312,0,1016,64,0.9561066627502441,39,0.609375,0.015347940996434772,0.06647267900189036,49204,49238
3,313,0,1017,64,0.8782426118850708,45,0.703125,0.01566519800326205,0.07175204099985422,49204,49238
3,314,0,1018,64,0.7764018774032593,45,0.703125,0.01656105599977309,0.0630528139990929,49204,49238
3,315,0,1019,64,1.1199547052383423,34,0.53125,0.0161627210000006,0.06340459499915596,49204,49238
3,316,0,1020,64,1.1605162620544434,37,0.578125,0.017168296002637362,0.07160934700004873,49204,49238
3,317,0,1021,64,1.0969836711883545,40,0.625,0.01875339500111295,0.07409188200108474,49204,49238
3,318,0,1022,64,1.098362922668457,32,0.5,0.01889628600110882,0.06464358199809794,49204,49238
3,319,0,1023,64,1.0336387157440186,43,0.671875,0.019169903000147315,0.06370296399836661,49204,49238
3,320,0,1024,64,1.406583309173584,32,0.5,0.01681115500468877,0.06345239599977504,49204,49238
3,321,0,1025,64,0.8689084053039551,42,0.65625,0.01736824899853673,0.06846549100009724,49204,49238
3,322,0,1026,64,1.2534534931182861,40,0.625,0.015687018996686675,0.06064958999922965,49204,49238
3,323,0,1027,64,1.0548725128173828,43,0.671875,0.015566251997370273,0.05770029999985127,49204,49238
3,324,0,1028,64,1.021622896194458,45,0.703125,0.014625666000938509,0.07132996899963473,49204,49238
3,325,0,1029,64,1.0208196640014648,42,0.65625,0.016073347000201466,0.06164496400015196,49204,49238
3,326,0,1030,64,1.152251958847046,39,0.609375,0.018369825003901497,0.06769433399676927,49204,49238
3,327,0,1031,64,1.0848569869995117,40,0.625,0.018249806998937856,0.08561292800004594,49204,49238
3,328,0,1032,64,1.0466902256011963,44,0.6875,0.02032760299698566,0.08403395099958288,49204,49238
3,329,0,1033,64,0.8299906253814697,47,0.734375,0.025047958002687665,0.10033030200065696,49204,49238
3,330,0,1034,64,1.0546636581420898,40,0.625,0.01612455100257648,0.06349096900157747,49204,49238
3,331,0,1035,64,1.016582727432251,34,0.53125,0.015196516000287374,0.06913651200011373,49204,49238
3,332,0,1036,64,1.2107452154159546,34,0.53125,0.014812877998338081,0.062266002998512704,49204,49238
3,333,0,1037,64,0.8546258211135864,49,0.765625,0.01754129100299906,0.06023071100207744,49204,49238
3,334,0,1038,64,1.0783812999725342,36,0.5625,0.016662947004078887,0.06263331299851416,49204,49238
3,335,0,1039,64,1.1927015781402588,42,0.65625,0.016382414003601298,0.061297541000385536,49204,49238
3,336,0,1040,64,0.8910911083221436,44,0.6875,0.015677010000217706,0.06590525100182276,49204,49238
3,337,0,1041,64,1.184696078300476,36,0.5625,0.013835296998877311,0.06734806399981608,49204,49238
3,338,0,1042,64,1.1418650150299072,32,0.5,0.014720773997396464,0.057938148001994705,49204,49238
3,339,0,1043,64,0.9395371675491333,43,0.671875,0.014438807000260567,0.05687380200106418,49204,49238
3,340,0,1044,64,0.8766360282897949,43,0.671875,0.015214988001389429,0.05746994900255231,49204,49238
3,341,0,1045,64,1.2119497060775757,37,0.578125,0.01603599000372924,0.06101008699988597,49204,49238
3,342,0,1046,64,0.9852009415626526,41,0.640625,0.015332263999880524,0.059391058999608504,49204,49238
3,343,0,1047,64,0.9813164472579956,41,0.640625,0.01426487499702489,0.056289735999598633,49204,49238
3,344,0,1048,64,1.0606650114059448,42,0.65625,0.01682161300050211,0.06423375599842984,49204,49238
3,345,0,1049,64,0.9188487529754639,43,0.671875,0.014864424996630987,0.06178180999995675,49204,49238
3,346,0,1050,64,0.831112265586853,48,0.75,0.015578180999000324,0.060500523999508005,49204,49238
3,347,0,1051,64,0.9058339595794678,40,0.625,0.01573119500244502,0.06011720500100637,49204,49238
3,348,0,1052,64,1.2099199295043945,38,0.59375,0.01599139700192609,0.0642161430005217,49204,49238
3,349,0,1053,64,1.005956768989563,38,0.59375,0.015169764003076125,0.06384890700064716,49204,49238
3,350,0,1054,64,0.9044516086578369,42,0.65625,0.01812137899833033,0.06433822399776545,49204,49238
3,351,0,1055,36,0.9008663892745972,24,0.6666666666666666,0.014296065000962699,0.05827225500252098,27699,27733
4,0,0,1056,64,0.8984920978546143,45,0.703125,0.0151212509990728,0.07535649700002978,49204,49238
4,1,0,1057,64,0.6278520226478577,51,0.796875,0.014540478998242179,0.05810131399994134,49204,49238
4,2,0,1058,64,0.9442400336265564,39,0.609375,0.015177636996668298,0.06067402099870378,49204,49238
4,3,0,1059,64,0.9287269115447998,41,0.640625,0.014530045998981223,0.057391954000195256,49204,49238
4,4,0,1060,64,0.8001049160957336,46,0.71875,0.01375203300267458,0.057381163998798,49204,49238
4,5,0,1061,64,0.7820262312889099,45,0.703125,0.014834956000413513,0.05947598700004164,49204,49238
4,6,0,1062,64,0.9352884888648987,42,0.65625,0.015379540996946162,0.060169716001837514,49204,49238
4,7,0,1063,64,0.6593762636184692,48,0.75,0.017228829998202855,0.06705517299997155,49204,49238
4,8,0,1064,64,0.8050351738929749,46,0.71875,0.016925509000429884,0.060429802997532533,49204,49238
4,9,0,1065,64,0.9107716679573059,45,0.703125,0.01381055800084141,0.055092517999582924,49204,49238
4,10,0,1066,64,1.1080329418182373,40,0.625,0.014693180000904249,0.05960525900081848,49204,49238
4,11,0,1067,64,0.8163377046585083,42,0.65625,0.015899274996627355,0.06176164800126571,49204,49238
4,12,0,1068,64,0.9532144665718079,44,0.6875,0.013608761000796221,0.05898143199738115,49204,49238
4,13,0,1069,64,0.9390662908554077,47,0.734375,0.014186648000759305,0.05944650799938245,49204,49238
4,14,0,1070,64,0.8735455274581909,45,0.703125,0.014216175997717073,0.06757776199810905,49204,49238
4,15,0,1071,64,0.9116363525390625,46,0.71875,0.014562224001565482,0.05957255700195674,49204,49238
4,16,0,1072,64,0.7389103174209595,46,0.71875,0.016614271997241303,0.07521930000075372,49204,49238
4,17,0,1073,64,1.0621027946472168,40,0.625,0.017751605999364983,0.07687645699843415,49204,49238
4,18,0,1074,64,0.8159670829772949,49,0.765625,0.016261827997368528,0.06611772600081167,49204,49238
4,19,0,1075,64,0.8596209287643433,44,0.6875,0.014643418002378894,0.05635137799981749,49204,49238
4,20,0,1076,64,0.6209747195243835,48,0.75,0.0155908279994037,0.06137322599897743,49204,49238
4,21,0,1077,64,0.9271589517593384,44,0.6875,0.014379153999470873,0.065155866999703,49204,49238
4,22,0,1078,64,0.7799458503723145,47,0.734375,0.014352064998092828,0.05730067999684252,49204,49238
4,23,0,1079,64,0.7245190143585205,45,0.703125,0.015950409000652144,0.06664699599787127,49204,49238
4,24,0,1080,64,0.9189343452453613,42,0.65625,0.014323790001071757,0.0613275750001776,49204,49238
4,25,0,1081,64,0.8476273417472839,44,0.6875,0.014371983001183253,0.06068625999978394,49204,49238
4,26,0,1082,64,0.7982836961746216,46,0.71875,0.014713417996972566,0.05636462799884612,49204,49238
4,27,0,1083,64,0.8683273792266846,44,0.6875,0.014162768002279336,0.06094083200150635,49204,49238
4,28,0,1084,64,0.7823778390884399,48,0.75,0.015020787002868019,0.0654240169969853,49204,49238
4,29,0,1085,64,0.8531993627548218,46,0.71875,0.017008927003189456,0.05944533600268187,49204,49238
4,30,0,1086,64,0.8768449425697327,45,0.703125,0.014791972000239184,0.06091685499995947,49204,49238
4,31,0,1087,64,0.8992487788200378,45,0.703125,0.014250087999243988,0.06217729699710617,49204,49238
4,32,0,1088,64,0.9535619020462036,41,0.640625,0.014468412999121938,0.05803091699999641,49204,49238
4,33,0,1089,64,0.8906909227371216,44,0.6875,0.014028835998033173,0.06177822199970251,49204,49238
4,34,0,1090,64,0.8113916516304016,50,0.78125,0.013431497998681152,0.060425947998737684,49204,49238
4,35,0,1091,64,0.8644577264785767,43,0.671875,0.016636656000628136,0.05967970499841613,49204,49238
4,36,0,1092,64,0.604863166809082,51,0.796875,0.013801131000946043,0.05778025899780914,49204,49238
4,37,0,1093,64,0.8084702491760254,48,0.75,0.015219199998682598,0.060025970997230615,49204,49238
4,38,0,1094,64,0.7946419715881348,49,0.765625,0.014856041001621634,0.058329317998868646,49204,49238
4,39,0,1095,64,0.8534008264541626,41,0.640625,0.015209813998808386,0.060746646999177756,49204,49238
4,40,0,1096,64,0.753617525100708,46,0.71875,0.01529077499799314,0.061165899998741224,49204,49238
4,41,0,1097,64,0.6474763751029968,52,0.8125,0.014395898997463519,0.05835733200001414,49204,49238
4,42,0,1098,64,0.864356279373169,47,0.734375,0.013815465001243865,0.0560301490004349,49204,49238
4,43,0,1099,64,0.6572039127349854,50,0.78125,0.015563421999104321,0.06647198399878107,49204,49238
4,44,0,1100,64,0.9379385709762573,42,0.65625,0.014723909996973816,0.0601186379972205,49204,49238
4,45,0,1101,64,0.75742107629776,50,0.78125,0.014717476999067003,0.06813030199919012,49204,49238
4,46,0,1102,64,1.125619649887085,38,0.59375,0.014604799998778617,0.06307012899924302,49204,49238
4,47,0,1103,64,0.7283667922019958,47,0.734375,0.017667625998001313,0.0715022019976459,49204,49238
4,48,0,1104,64,1.0565910339355469,40,0.625,0.014655384002253413,0.07893977800267749,49204,49238
4,49,0,1105,64,1.1297967433929443,37,0.578125,0.014435778000915889,0.05858498499947018,49204,49238
4,50,0,1106,64,1.0802515745162964,37,0.578125,0.014021093000337714,0.0586828429986781,49204,49238
4,51,0,1107,64,0.8676620721817017,46,0.71875,0.016254762002063217,0.06860808399869711,49204,49238
4,52,0,1108,64,0.9295194149017334,44,0.6875,0.015292480002244702,0.06197397800133331,49204,49238
4,53,0,1109,64,0.7523553967475891,46,0.71875,0.014634955001383787,0.06286640699909185,49204,49238
4,54,0,1110,64,1.1952948570251465,39,0.609375,0.014209124998160405,0.06580404399937834,49204,49238
4,55,0,1111,64,0.768775224685669,49,0.765625,0.016177926998352632,0.06565542700263904,49204,49238
4,56,0,1112,64,0.8257989287376404,45,0.703125,0.014360779998241924,0.06176371200126596,49204,49238
4,57,0,1113,64,0.8000324964523315,42,0.65625,0.01745418599966797,0.06332265599849052,49204,49238
4,58,0,1114,64,1.0702265501022339,45,0.703125,0.01634150500103715,0.06014853300075629,49204,49238
4,59,0,1115,64,0.9711758494377136,42,0.65625,0.016063323000707896,0.07404867800141801,49204,49238
4,60,0,1116,64,0.6774484515190125,51,0.796875,0.01590663499882794,0.0634248269998352,49204,49238
4,61,0,1117,64,0.8487908840179443,43,0.671875,0.015493517996219452,0.060807538000517525,49204,49238
4,62,0,1118,64,0.8699549436569214,42,0.65625,0.015288640002836473,0.05989084199973149,49204,49238
4,63,0,1119,64,0.9814001321792603,40,0.625,0.015192663999187062,0.05856036899785977,49204,49238
4,64,0,1120,64,0.8186970949172974,45,0.703125,0.014883681000355864,0.06041988800279796,49204,49238
4,65,0,1121,64,0.921064019203186,41,0.640625,0.014944442998967133,0.05929198000012548,49204,49238
4,66,0,1122,64,0.8127049207687378,47,0.734375,0.014190672998665832,0.05793109400110552,49204,49238
4,67,0,1123,64,0.8515105843544006,44,0.6875,0.015476122996915365,0.06120252400069148,49204,49238
4,68,0,1124,64,0.7252037525177002,48,0.75,0.015246733000822132,0.05947892999756732,49204,49238
4,69,0,1125,64,0.9598007202148438,42,0.65625,0.014676694001536816,0.06160254000133136,49204,49238
4,70,0,1126,64,0.7589207887649536,46,0.71875,0.01716072800263646,0.06051832199955243,49204,49238
4,71,0,1127,64,0.9108015298843384,48,0.75,0.014309910999145359,0.05700994400103809,49204,49238
4,72,0,1128,64,0.7521646618843079,48,0.75,0.016806601001007948,0.0653603419996216,49204,49238
4,73,0,1129,64,0.7853261828422546,48,0.75,0.015296265999495517,0.06291039800271392,49204,49238
4,74,0,1130,64,0.7558289766311646,46,0.71875,0.013672049997694558,0.06154427100045723,49204,49238
4,75,0,1131,64,1.0113554000854492,38,0.59375,0.016386168001190526,0.06878346099983901,49204,49238
4,76,0,1132,64,0.7741307020187378,46,0.71875,0.013652549998369068,0.056855483999243006,49204,49238
4,77,0,1133,64,0.8563766479492188,48,0.75,0.013779765999061055,0.05854773499959265,49204,49238
4,78,0,1134,64,0.8955539464950562,42,0.65625,0.016314363001583843,0.061887367999588605,49204,49238
4,79,0,1135,64,0.8814214468002319,48,0.75,0.014001903000462335,0.05547407499761903,49204,49238
4,80,0,1136,64,0.8678528070449829,42,0.65625,0.015549879000900546,0.06007747899639071,49204,49238
4,81,0,1137,64,0.9711901545524597,44,0.6875,0.015505424002185464,0.05991905300106737,49204,49238
4,82,0,1138,64,0.86455237865448,45,0.703125,0.015245016002154443,0.06227477399806958,49204,49238
4,83,0,1139,64,0.5039592981338501,52,0.8125,0.01568004699947778,0.06490120500166086,49204,49238
4,84,0,1140,64,0.5854567289352417,50,0.78125,0.014985265999712283,0.056242247999762185,49204,49238
4,85,0,1141,64,0.6577823758125305,47,0.734375,0.014210705001460155,0.05688740500045242,49204,49238
4,86,0,1142,64,0.8673306703567505,43,0.671875,0.014993632001278456,0.058237432000169065,49204,49238
4,87,0,1143,64,0.7999265789985657,41,0.640625,0.01591653100331314,0.058843611001066165,49204,49238
4,88,0,1144,64,0.845633327960968,44,0.6875,0.01605826800368959,0.060160402001201874,49204,49238
4,89,0,1145,64,0.797180712223053,44,0.6875,0.016344073999789543,0.0607264819991542,49204,49238
4,90,0,1146,64,0.8056319952011108,48,0.75,0.01634867099710391,0.06027408999943873,49204,49238
4,91,0,1147,64,0.6929510235786438,46,0.71875,0.015133766999497311,0.057165879999956815,49204,49238
4,92,0,1148,64,0.6624747514724731,47,0.734375,0.014169619003951084,0.06220319700150867,49204,49238
4,93,0,1149,64,0.8922886252403259,44,0.6875,0.01518161800049711,0.07712625799831585,49204,49238
4,94,0,1150,64,0.6644074320793152,50,0.78125,0.01692715900207986,0.07034749400190776,49204,49238
4,95,0,1151,64,0.9052519202232361,43,0.671875,0.015543613997579087,0.05766821500219521,49204,49238
4,96,0,1152,64,0.9235485792160034,46,0.71875,0.01546291900012875,0.05873246999908588,49204,49238
4,97,0,1153,64,0.5307112336158752,54,0.84375,0.013863680000213208,0.0567495780014724,49204,49238
4,98,0,1154,64,0.8576945066452026,40,0.625,0.014804392001678934,0.06636165400050231,49204,49238
4,99,0,1155,64,1.0631077289581299,37,0.578125,0.01728098800231237,0.06160477800221997,49204,49238
4,100,0,1156,64,0.8218646049499512,42,0.65625,0.01452395199885359,0.06674922900128877,49204,49238
4,101,0,1157,64,0.8679760694503784,46,0.71875,0.014397014998394297,0.06122460900223814,49204,49238
4,102,0,1158,64,1.2395095825195312,32,0.5,0.017534379996504867,0.05935066900201491,49204,49238
4,103,0,1159,64,0.8465099334716797,43,0.671875,0.015577246998873306,0.0595383750005567,49204,49238
4,104,0,1160,64,0.7465951442718506,48,0.75,0.014407006001420086,0.05910129800031427,49204,49238
4,105,0,1161,64,0.9417667388916016,43,0.671875,0.016812845999083947,0.06724411200048053,49204,49238
4,106,0,1162,64,1.0078861713409424,41,0.640625,0.01760937699873466,0.06817599499845528,49204,49238
4,107,0,1163,64,0.7912697792053223,41,0.640625,0.013673599001776893,0.05467421299908892,49204,49238
4,108,0,1164,64,0.8437165021896362,42,0.65625,0.014345712996146176,0.060643181001069024,49204,49238
4,109,0,1165,64,0.812183141708374,46,0.71875,0.01573388500037254,0.057970673999079736,49204,49238
4,110,0,1166,64,0.8812195658683777,44,0.6875,0.01727179299996351,0.06570245399780106,49204,49238
4,111,0,1167,64,0.9630091786384583,46,0.71875,0.014736142002220731,0.06260010099867941,49204,49238
4,112,0,1168,64,0.6562185883522034,51,0.796875,0.016653857001074357,0.06037772399940877,49204,49238
4,113,0,1169,64,0.9540087580680847,45,0.703125,0.01515057999858982,0.060442234000220196,49204,49238
4,114,0,1170,64,0.7632043361663818,45,0.703125,0.016598398997302866,0.06371897799908766,49204,49238
4,115,0,1171,64,0.5479455590248108,54,0.84375,0.01694757400036906,0.06367739399865968,49204,49238
4,116,0,1172,64,0.817014217376709,42,0.65625,0.015216018000501208,0.059596225000859704,49204,49238
4,117,0,1173,64,0.9123260974884033,41,0.640625,0.024185808000765974,0.06746460599970305,49204,49238
4,118,0,1174,64,0.6935669779777527,49,0.765625,0.01395875799789792,0.05693535200043698,49204,49238
4,119,0,1175,64,0.9076277613639832,45,0.703125,0.016812132998893503,0.06644993599911686,49204,49238
4,120,0,1176,64,0.8864269256591797,42,0.65625,0.01429694299804396,0.05623476799883065,49204,49238
4,121,0,1177,64,0.8048812747001648,45,0.703125,0.016751700000895653,0.05902951700045378,49204,49238
4,122,0,1178,64,1.0116719007492065,40,0.625,0.014792911999393255,0.059364505999838,49204,49238
4,123,0,1179,64,0.8552321195602417,42,0.65625,0.017860998999822186,0.060666492998279864,49204,49238
4,124,0,1180,64,0.7910991907119751,46,0.71875,0.015326919001381611,0.06009763499969267,49204,49238
4,125,0,1181,64,0.8645180463790894,46,0.71875,0.01466706700011855,0.060238512996875215,49204,49238
4,126,0,1182,64,0.7179712057113647,49,0.765625,0.015422432996274438,0.0584471179972752,49204,49238
4,127,0,1183,64,0.74896240234375,47,0.734375,0.014550937001331476,0.06063536399960867,49204,49238
4,128,0,1184,64,0.8903189897537231,44,0.6875,0.014154041000438156,0.06100052900001174,49204,49238
4,129,0,1185,64,0.6841558218002319,50,0.78125,0.016712715001631295,0.06982595700173988,49204,49238
4,130,0,1186,64,0.7715111970901489,49,0.765625,0.01703428199471091,0.06887241499862284,49204,49238
4,131,0,1187,64,0.6852419972419739,48,0.75,0.013627427000756143,0.05671776600138401,49204,49238
4,132,0,1188,64,1.0095329284667969,39,0.609375,0.016929335000895662,0.06504418899930897,49204,49238
4,133,0,1189,64,1.0440888404846191,41,0.640625,0.014006656998390099,0.058479027000430506,49204,49238
4,134,0,1190,64,0.6935953497886658,52,0.8125,0.014229439999326132,0.058715596998808905,49204,49238
4,135,0,1191,64,0.7820014953613281,44,0.6875,0.014584086002287222,0.05864907900104299,49204,49238
4,136,0,1192,64,1.025514841079712,42,0.65625,0.014180768997903215,0.05788097699769423,49204,49238
4,137,0,1193,64,0.8956142663955688,42,0.65625,0.015691381002397975,0.06170513500183006,49204,49238
4,138,0,1194,64,0.7739132642745972,45,0.703125,0.013827746999595547,0.057320361000165576,49204,49238
4,139,0,1195,64,0.9257043600082397,43,0.671875,0.016739622999011772,0.06173560900060693,49204,49238
4,140,0,1196,64,0.838535487651825,45,0.703125,0.014196647003700491,0.062055948001216166,49204,49238
4,141,0,1197,64,0.8724390268325806,44,0.6875,0.01584391700089327,0.05933874799666228,49204,49238
4,142,0,1198,64,1.0508148670196533,39,0.609375,0.01567465500193066,0.05755701400266844,49204,49238
4,143,0,1199,64,0.8904531598091125,42,0.65625,0.01526330699925893,0.059877985000639455,49204,49238
4,144,0,1200,64,0.8352380394935608,45,0.703125,0.014411091997317271,0.05917665900051361,49204,49238
4,145,0,1201,64,0.9293776750564575,40,0.625,0.01578518599853851,0.06895755599907716,49204,49238
4,146,0,1202,64,0.7278016805648804,44,0.6875,0.014251121996494476,0.058476794001762755,49204,49238
4,147,0,1203,64,1.0964434146881104,40,0.625,0.014304096999694593,0.06481447900296189,49204,49238
4,148,0,1204,64,0.8031806945800781,45,0.703125,0.013618269000289729,0.05954437500258791,49204,49238
4,149,0,1205,64,0.8487433195114136,46,0.71875,0.017441063002479495,0.060918803999811644,49204,49238
4,150,0,1206,64,0.9182997941970825,47,0.734375,0.014984882000135258,0.06677050600046641,49204,49238
4,151,0,1207,64,1.149261713027954,39,0.609375,0.013832336000632495,0.05930103300124756,49204,49238
4,152,0,1208,64,1.1567869186401367,35,0.546875,0.013980593997985125,0.05978529999993043,49204,49238
4,153,0,1209,64,0.7382556200027466,48,0.75,0.01685117600209196,0.06044288299744949,49204,49238
4,154,0,1210,64,0.8861979842185974,42,0.65625,0.016645407002215507,0.058219435002683895,49204,49238
4,155,0,1211,64,0.7773361206054688,48,0.75,0.016057701999670826,0.060110981001344044,49204,49238
4,156,0,1212,64,0.7765049934387207,47,0.734375,0.013947056999313645,0.05601743700026418,49204,49238
4,157,0,1213,64,0.6231812238693237,51,0.796875,0.016593976000876864,0.05887473999973736,49204,49238
4,158,0,1214,64,0.8487195372581482,48,0.75,0.01631604100111872,0.06887658499908866,49204,49238
4,159,0,1215,64,1.06217622756958,40,0.625,0.01407182899856707,0.05571959000008064,49204,49238
4,160,0,1216,64,0.7880945801734924,46,0.71875,0.014204801002051681,0.05689635099770385,49204,49238
4,161,0,1217,64,0.8049372434616089,48,0.75,0.013964074998511933,0.058833643000980373,49204,49238
4,162,0,1218,64,1.0312743186950684,42,0.65625,0.014327209002658492,0.059055646997876465,49204,49238
4,163,0,1219,64,0.7751001119613647,51,0.796875,0.016501393998623826,0.06603164400075912,49204,49238
4,164,0,1220,64,1.1020585298538208,41,0.640625,0.014440179998928215,0.06315431000257377,49204,49238
4,165,0,1221,64,1.076707124710083,41,0.640625,0.014250454001739854,0.06420372399952612,49204,49238
4,166,0,1222,64,1.055938720703125,41,0.640625,0.015187727000011364,0.05989101199884317,49204,49238
4,167,0,1223,64,0.8759799003601074,42,0.65625,0.013923077000072226,0.059274601997458376,49204,49238
4,168,0,1224,64,0.8486226797103882,47,0.734375,0.016721037001843797,0.06002441799864755,49204,49238
4,169,0,1225,64,0.7705100774765015,45,0.703125,0.014582596999389352,0.06266661700283294,49204,49238
4,170,0,1226,64,0.7868142127990723,44,0.6875,0.016131123000377556,0.05835842599844909,49204,49238
4,171,0,1227,64,1.0122631788253784,44,0.6875,0.014119295999989845,0.05939026499981992,49204,49238
4,172,0,1228,64,1.2152037620544434,37,0.578125,0.01469330899999477,0.06289070500133676,49204,49238
4,173,0,1229,64,0.8863240480422974,43,0.671875,0.01361658499808982,0.05748483299976215,49204,49238
4,174,0,1230,64,0.826202929019928,45,0.703125,0.014347471002110979,0.06629122300000745,49204,49238
4,175,0,1231,64,0.8976122140884399,42,0.65625,0.014628237000579247,0.05850947799990536,49204,49238
4,176,0,1232,64,0.8050021529197693,44,0.6875,0.016061430997069692,0.061246058001415804,49204,49238
4,177,0,1233,64,1.0026404857635498,44,0.6875,0.01672451700142119,0.05818063299739151,49204,49238
4,178,0,1234,64,0.7273435592651367,45,0.703125,0.014075214996410068,0.0640778320012032,49204,49238
4,179,0,1235,64,0.952970027923584,41,0.640625,0.015161497001827229,0.05987171200104058,49204,49238
4,180,0,1236,64,0.9371253848075867,45,0.703125,0.014971419001085451,0.06273654700271436,49204,49238
4,181,0,1237,64,0.8959844708442688,43,0.671875,0.01400240700240829,0.058593772002495825,49204,49238
4,182,0,1238,64,0.8440961837768555,46,0.71875,0.014023455998540157,0.05608440099967993,49204,49238
4,183,0,1239,64,1.0849196910858154,40,0.625,0.014506398998491932,0.058241874001396354,49204,49238
4,184,0,1240,64,0.7614260911941528,50,0.78125,0.013428737998765428,0.07857492599941907,49204,49238
4,185,0,1241,64,1.0722121000289917,42,0.65625,0.017563343004439957,0.06612252299964894,49204,49238
4,186,0,1242,64,0.7621818780899048,53,0.828125,0.013937661002273671,0.06494409999868367,49204,49238
4,187,0,1243,64,0.7099564075469971,49,0.765625,0.015338074001192581,0.06437846299741068,49204,49238
4,188,0,1244,64,1.122359275817871,39,0.609375,0.013983829998323927,0.057476123998640105,49204,49238
4,189,0,1245,64,1.0121309757232666,40,0.625,0.015930752000713255,0.059704920000513084,49204,49238
4,190,0,1246,64,0.8211154937744141,46,0.71875,0.016355243998987135,0.0592380759990192,49204,49238
4,191,0,1247,64,0.9056307077407837,46,0.71875,0.014289273000031244,0.058432644997083116,49204,49238
4,192,0,1248,64,0.906571090221405,41,0.640625,0.01612636799836764,0.07144539000000805,49204,49238
4,193,0,1249,64,0.9442461729049683,43,0.671875,0.013746715998422587,0.05995766300111427,49204,49238
4,194,0,1250,64,0.8771415948867798,45,0.703125,0.015115128000616096,0.06053062899809447,49204,49238
4,195,0,1251,64,0.83476722240448,46,0.71875,0.014657407999038696,0.05943055500029004,49204,49238
4,196,0,1252,64,0.7690544128417969,46,0.71875,0.014808317999268183,0.06034675299815717,49204,49238
4,197,0,1253,64,0.9047907590866089,43,0.671875,0.014870802999212174,0.05785551699955249,49204,49238
4,198,0,1254,64,0.8062078356742859,47,0.734375,0.01412337199508329,0.05791988499913714,49204,49238
4,199,0,1255,64,0.6515153646469116,48,0.75,0.0146767619989987,0.0644425059981586,49204,49238
4,200,0,1256,64,0.7363311052322388,45,0.703125,0.014471098998910747,0.06339923899940914,49204,49238
4,201,0,1257,64,0.8158248662948608,45,0.703125,0.014905861997249303,0.059790856001200154,49204,49238
4,202,0,1258,64,0.8868159055709839,45,0.703125,0.014769045003049541,0.06621238899970194,49204,49238
4,203,0,1259,64,0.8305658102035522,45,0.703125,0.013884040996344993,0.05789083399940864,49204,49238
4,204,0,1260,64,1.0429296493530273,37,0.578125,0.014427108002564637,0.05873534300189931,49204,49238
4,205,0,1261,64,0.8017467260360718,48,0.75,0.014996707996033365,0.05663612100033788,49204,49238
4,206,0,1262,64,0.784563422203064,45,0.703125,0.01673858300273423,0.06842623699776595,49204,49238
4,207,0,1263,64,0.8911846280097961,45,0.703125,0.0167478809999011,0.05988417399930768,49204,49238
4,208,0,1264,64,0.7429382801055908,50,0.78125,0.014584773001843132,0.06073823399856337,49204,49238
4,209,0,1265,64,0.6835891008377075,49,0.765625,0.013640568002301734,0.05672706599943922,49204,49238
4,210,0,1266,64,0.908814549446106,42,0.65625,0.014001571002154378,0.059250159003568115,49204,49238
4,211,0,1267,64,0.9429396390914917,43,0.671875,0.013450341004499933,0.055428570001822663,49204,49238
4,212,0,1268,64,1.1874759197235107,38,0.59375,0.015346942003816366,0.059613191999233095,49204,49238
4,213,0,1269,64,0.8245210647583008,41,0.640625,0.01490041599754477,0.058374095999170095,49204,49238
4,214,0,1270,64,0.6486419439315796,50,0.78125,0.014930088000255637,0.0609050950006349,49204,49238
4,215,0,1271,64,0.8667978644371033,39,0.609375,0.016491335998580325,0.06197397800133331,49204,49238
4,216,0,1272,64,0.7638049125671387,48,0.75,0.01441512800010969,0.06038744800025597,49204,49238
4,217,0,1273,64,0.6571658849716187,54,0.84375,0.014987203998316545,0.058798293001018465,49204,49238
4,218,0,1274,64,0.6317625045776367,49,0.765625,0.013445321001199773,0.05985651000082726,49204,49238
4,219,0,1275,64,0.8038079142570496,50,0.78125,0.014108950999798253,0.062334385998838115,49204,49238
4,220,0,1276,64,0.8042625188827515,47,0.734375,0.014342905997182243,0.059451699002238456,49204,49238
4,221,0,1277,64,0.877831757068634,44,0.6875,0.016489932997501455,0.05911262299923692,49204,49238
4,222,0,1278,64,0.8662010431289673,44,0.6875,0.013676466998731485,0.056356782999500865,49204,49238
4,223,0,1279,64,0.7926510572433472,44,0.6875,0.016310632996464847,0.05918788700000732,49204,49238
4,224,0,1280,64,0.8158700466156006,48,0.75,0.014371249999385327,0.0656397550010297,49204,49238
4,225,0,1281,64,0.9294768571853638,43,0.671875,0.014634067996667,0.06576022899753298,49204,49238
4,226,0,1282,64,0.7377001047134399,46,0.71875,0.01416908700048225,0.059685881999030244,49204,49238
4,227,0,1283,64,1.0915517807006836,41,0.640625,0.013702169999305625,0.05765157499990892,49204,49238
4,228,0,1284,64,0.7188741564750671,45,0.703125,0.013802401997963898,0.06094771999778459,49204,49238
4,229,0,1285,64,0.7971445322036743,48,0.75,0.013463517003401648,0.05681857200033846,49204,49238
4,230,0,1286,64,1.2271721363067627,37,0.578125,0.014099648000410525,0.06456305000028806,49204,49238
4,231,0,1287,64,0.9786480665206909,43,0.671875,0.014612142997066258,0.05945404799786047,49204,49238
4,232,0,1288,64,0.7279276251792908,47,0.734375,0.013750959002209129,0.05960914300158038,49204,49238
4,233,0,1289,64,0.9229746460914612,40,0.625,0.013590683003712911,0.058963461000530515,49204,49238
4,234,0,1290,64,1.0263386964797974,38,0.59375,0.014959670999814989,0.06503448399962508,49204,49238
4,235,0,1291,64,0.8039268255233765,47,0.734375,0.014334045998111833,0.0646223049989203,49204,49238
4,236,0,1292,64,0.760655403137207,47,0.734375,0.014353645998198772,0.056977632997586625,49204,49238
4,237,0,1293,64,1.0507688522338867,40,0.625,0.013809338001010474,0.06102437499794178,49204,49238
4,238,0,1294,64,0.9349830150604248,41,0.640625,0.014049114000954432,0.06216687900086981,49204,49238
4,239,0,1295,64,1.0399352312088013,35,0.546875,0.014647228996182093,0.062275108000903856,49204,49238
4,240,0,1296,64,0.7954670190811157,46,0.71875,0.014506913001241628,0.06179103300019051,49204,49238
4,241,0,1297,64,0.8556009531021118,43,0.671875,0.014176094999129418,0.058685432999482146,49204,49238
4,242,0,1298,64,0.8522999286651611,46,0.71875,0.014171293001709273,0.056415675000607735,49204,49238
4,243,0,1299,64,1.1186988353729248,40,0.625,0.01384458200118388,0.0648270709971257,49204,49238
4,244,0,1300,64,0.977268397808075,41,0.640625,0.014909211000485811,0.05698878299881471,49204,49238
4,245,0,1301,64,0.831580400466919,46,0.71875,0.014764538002054906,0.05765921700003673,49204,49238
4,246,0,1302,64,0.9550901651382446,42,0.65625,0.014347085998451803,0.06212255699938396,49204,49238
4,247,0,1303,64,0.8725128173828125,40,0.625,0.013516846003767569,0.05817703099819482,49204,49238
4,248,0,1304,64,1.0595197677612305,39,0.609375,0.014085296999837738,0.058551021000312176,49204,49238
4,249,0,1305,64,1.1197565793991089,38,0.59375,0.013941845998488134,0.057892739001545124,49204,49238
4,250,0,1306,64,0.8530049324035645,44,0.6875,0.015986243000952527,0.06700111100144568,49204,49238
4,251,0,1307,64,1.1727639436721802,38,0.59375,0.014179796002281364,0.05963207100285217,49204,49238
4,252,0,1308,64,1.027400016784668,37,0.578125,0.013925138999184128,0.0583070239990775,49204,49238
4,253,0,1309,64,0.8173410296440125,46,0.71875,0.013587359000666765,0.05832714899952407,49204,49238
4,254,0,1310,64,0.9947733879089355,41,0.640625,0.013561818002926884,0.05600521900123567,49204,49238
4,255,0,1311,64,0.9759188294410706,41,0.640625,0.013692108004761394,0.05725355600225157,49204,49238
4,256,0,1312,64,1.06779146194458,45,0.703125,0.014464808002230711,0.05767838699830463,49204,49238
4,257,0,1313,64,0.9345332980155945,40,0.625,0.014269090002926532,0.061220531999424566,49204,49238
4,258,0,1314,64,1.2001760005950928,35,0.546875,0.013960232001409167,0.06433420200119144,49204,49238
4,259,0,1315,64,1.020444393157959,40,0.625,0.015555213001789525,0.05902697499914211,49204,49238
4,260,0,1316,64,1.041318416595459,40,0.625,0.013491899004293373,0.061989211000764044,49204,49238
4,261,0,1317,64,0.7481891512870789,45,0.703125,0.014219656000932446,0.06486698099979549,49204,49238
4,262,0,1318,64,0.9120626449584961,42,0.65625,0.013873347001208458,0.05827448899799492,49204,49238
4,263,0,1319,64,0.7959922552108765,46,0.71875,0.013176279000617797,0.058074978998774895,49204,49238
4,264,0,1320,64,0.695832371711731,50,0.78125,0.015354008999565849,0.062080763000267325,49204,49238
4,265,0,1321,64,1.0708391666412354,36,0.5625,0.016577581001911312,0.0662865550002607,49204,49238
4,266,0,1322,64,0.7233520746231079,49,0.765625,0.013703787997656036,0.06041028799882042,49204,49238
4,267,0,1323,64,0.7620688676834106,47,0.734375,0.013609402998554287,0.05655966899939813,49204,49238
4,268,0,1324,64,1.1803762912750244,37,0.578125,0.014777066004171502,0.05774713599748793,49204,49238
4,269,0,1325,64,1.1940619945526123,36,0.5625,0.013928607000707416,0.057015368998690974,49204,49238
4,270,0,1326,64,0.8937827944755554,44,0.6875,0.01433540500147501,0.05734013600158505,49204,49238
4,271,0,1327,64,1.0635524988174438,42,0.65625,0.01587120299882372,0.06280486100149574,49204,49238
4,272,0,1328,64,0.7783573865890503,45,0.703125,0.014947024999855785,0.061833113999455236,49204,49238
4,273,0,1329,64,1.0322740077972412,43,0.671875,0.014145883000310278,0.05470784200224443,49204,49238
4,274,0,1330,64,0.8340963125228882,44,0.6875,0.013078980999125633,0.062466183000651654,49204,49238
4,275,0,1331,64,1.2933275699615479,37,0.578125,0.01449477600181126,0.057431283999903826,49204,49238
4,276,0,1332,64,0.8723928332328796,43,0.671875,0.014388376999704633,0.06127160500182072,49204,49238
4,277,0,1333,64,0.9185343980789185,42,0.65625,0.014157557998260017,0.0611516950011719,49204,49238
4,278,0,1334,64,0.9259154796600342,44,0.6875,0.014203402999555692,0.06281324600058724,49204,49238
4,279,0,1335,64,0.9922517538070679,38,0.59375,0.01704460299879429,0.060320522999973036,49204,49238
4,280,0,1336,64,0.9622660279273987,42,0.65625,0.014749047000805149,0.059900052001466975,49204,49238
4,281,0,1337,64,0.9764152765274048,38,0.59375,0.014811707998887869,0.06306153200057452,49204,49238
4,282,0,1338,64,0.7493430376052856,48,0.75,0.01636330499968608,0.06676868299837224,49204,49238
4,283,0,1339,64,0.57837975025177,53,0.828125,0.014088348998484435,0.061642615000891965,49204,49238
4,284,0,1340,64,0.966060996055603,43,0.671875,0.014668250001705019,0.06227811699864105,49204,49238
4,285,0,1341,64,0.9716449975967407,42,0.65625,0.013891135004087118,0.05484636999972281,49204,49238
4,286,0,1342,64,1.0223252773284912,41,0.640625,0.01699186599944369,0.060044387999369064,49204,49238
4,287,0,1343,64,0.9067827463150024,46,0.71875,0.014847231996100163,0.06174935499802814,49204,49238
4,288,0,1344,64,0.8357749581336975,42,0.65625,0.013919880002504215,0.059045394002168905,49204,49238
4,289,0,1345,64,0.7903231978416443,45,0.703125,0.014546298996719997,0.05976136200115434,49204,49238
4,290,0,1346,64,0.7711430191993713,45,0.703125,0.014208335003786488,0.060107230998255545,49204,49238
4,291,0,1347,64,0.7482706308364868,50,0.78125,0.01445784099996672,0.05663929500224185,49204,49238
4,292,0,1348,64,0.589779257774353,51,0.796875,0.013701520998438355,0.061712627997621894,49204,49238
4,293,0,1349,64,0.9472973346710205,40,0.625,0.014317429999209708,0.060697467997670174,49204,49238
4,294,0,1350,64,0.8870047330856323,45,0.703125,0.014009204001922626,0.05829567000182578,49204,49238
4,295,0,1351,64,0.9146002531051636,40,0.625,0.014393059998837998,0.0629462600008992,49204,49238
4,296,0,1352,64,0.8185378313064575,45,0.703125,0.016236600997217465,0.057133807000354864,49204,49238
4,297,0,1353,64,0.7923408150672913,49,0.765625,0.013650099997903453,0.06062275699878228,49204,49238
4,298,0,1354,64,0.7149487733840942,50,0.78125,0.014352682999742683,0.05700170900308876,49204,49238
4,299,0,1355,64,1.2616941928863525,34,0.53125,0.01382960899718455,0.058681681999587454,49204,49238
4,300,0,1356,64,0.7042795419692993,48,0.75,0.014041139005712466,0.05664650700055063,49204,49238
4,301,0,1357,64,0.7442853450775146,48,0.75,0.01408648200231255,0.0556209989990748,49204,49238
4,302,0,1358,64,0.889601469039917,45,0.703125,0.014276746998802992,0.059389780999481445,49204,49238
4,303,0,1359,64,0.768840491771698,46,0.71875,0.013694154000404524,0.05762625999705051,49204,49238
4,304,0,1360,64,0.938431978225708,45,0.703125,0.013666701001056936,0.05859330100065563,49204,49238
4,305,0,1361,64,1.068180799484253,43,0.671875,0.014474447998509277,0.0568277450001915,49204,49238
4,306,0,1362,64,0.843637228012085,43,0.671875,0.01427555400005076,0.06104946399864275,49204,49238
4,307,0,1363,64,0.6447848081588745,52,0.8125,0.015172784998867428,0.06016640300003928,49204,49238
4,308,0,1364,64,0.8056689500808716,44,0.6875,0.013764872001047479,0.05648480699892389,49204,49238
4,309,0,1365,64,0.8479827046394348,46,0.71875,0.01462103299854789,0.059062713000457734,49204,49238
4,310,0,1366,64,0.9711734652519226,41,0.640625,0.013567813995905453,0.05453350800235057,49204,49238
4,311,0,1367,64,0.9281699657440186,41,0.640625,0.014427597001485992,0.059522953000850976,49204,49238
4,312,0,1368,64,1.0953798294067383,38,0.59375,0.014328179997391999,0.05673065399969346,49204,49238
4,313,0,1369,64,0.7420887351036072,47,0.734375,0.01682069600065006,0.05892951200075913,49204,49238
4,314,0,1370,64,0.8592360019683838,45,0.703125,0.014763010000024224,0.060799836999649415,49204,49238
4,315,0,1371,64,0.7780739068984985,48,0.75,0.014843568998912815,0.06597639699975844,49204,49238
4,316,0,1372,64,0.9381883144378662,43,0.671875,0.01385767799729365,0.05819930700090481,49204,49238
4,317,0,1373,64,0.8290344476699829,46,0.71875,0.015499332999752369,0.060014712002157466,49204,49238
4,318,0,1374,64,0.9689534902572632,42,0.65625,0.014598968999052886,0.06046943199908128,49204,49238
4,319,0,1375,64,0.8607772588729858,47,0.734375,0.014296964003733592,0.05867389000195544,49204,49238
4,320,0,1376,64,1.2107996940612793,35,0.546875,0.014119778999884147,0.05774585800099885,49204,49238
4,321,0,1377,64,0.9472844004631042,41,0.640625,0.013916929998231353,0.05968819099871325,49204,49238
4,322,0,1378,64,0.7822240591049194,48,0.75,0.014605037002183963,0.058069409999006893,49204,49238
4,323,0,1379,64,0.9186042547225952,42,0.65625,0.014103733999945689,0.06045094699948095,49204,49238
4,324,0,1380,64,0.9748020172119141,45,0.703125,0.013620633999380516,0.06006086600245908,49204,49238
4,325,0,1381,64,0.9468379020690918,42,0.65625,0.014059712000744184,0.05483955700037768,49204,49238
4,326,0,1382,64,0.9903937578201294,42,0.65625,0.014183124996634433,0.05813559200032614,49204,49238
4,327,0,1383,64,0.9403473138809204,46,0.71875,0.014098997999099083,0.05999383400194347,49204,49238
4,328,0,1384,64,1.0612833499908447,38,0.59375,0.014112134998867987,0.057494617998600006,49204,49238
4,329,0,1385,64,0.8867767453193665,45,0.703125,0.014785074003157206,0.06150425000305404,49204,49238
4,330,0,1386,64,0.691102147102356,47,0.734375,0.014637697997386567,0.06335127500278759,49204,49238
4,331,0,1387,64,1.0155236721038818,43,0.671875,0.014364241000293987,0.05872147400077665,49204,49238
4,332,0,1388,64,0.8713293075561523,42,0.65625,0.014364386999659473,0.058001815999887185,49204,49238
4,333,0,1389,64,0.7749112248420715,51,0.796875,0.013684783996723127,0.06546300099944347,49204,49238
4,334,0,1390,64,1.0555660724639893,40,0.625,0.014134253000520403,0.058326507001766004,49204,49238
4,335,0,1391,64,1.1040469408035278,38,0.59375,0.013720464998186799,0.05987071500203456,49204,49238
4,336,0,1392,64,0.8376219272613525,48,0.75,0.014052633003302617,0.05842961900270893,49204,49238
4,337,0,1393,64,0.8777927160263062,43,0.671875,0.014002326999616344,0.05916626299949712,49204,49238
4,338,0,1394,64,0.6657560467720032,50,0.78125,0.01430454399815062,0.05949411199981114,49204,49238
4,339,0,1395,64,0.9354408979415894,40,0.625,0.015133625998714706,0.06658702400090988,49204,49238
4,340,0,1396,64,0.9929768443107605,38,0.59375,0.014888509002048522,0.0618440219986951,49204,49238
4,341,0,1397,64,0.7113111615180969,49,0.765625,0.014393801997357514,0.05829760100095882,49204,49238
4,342,0,1398,64,0.9896445274353027,43,0.671875,0.01409150600011344,0.05797979300041334,49204,49238
4,343,0,1399,64,0.8718047142028809,47,0.734375,0.013541683001676574,0.0561929780014907,49204,49238
4,344,0,1400,64,0.8613494038581848,46,0.71875,0.013725611002882943,0.05872771400026977,49204,49238
4,345,0,1401,64,0.839796245098114,45,0.703125,0.013850256000296213,0.058612657001503976,49204,49238
4,346,0,1402,64,0.7336076498031616,48,0.75,0.018202608003775822,0.07070803500027978,49204,49238
4,347,0,1403,64,0.8254566788673401,43,0.671875,0.014617883000028087,0.060669832997518824,49204,49238
4,348,0,1404,64,0.9361149668693542,42,0.65625,0.01391130800038809,0.05903620699973544,49204,49238
4,349,0,1405,64,1.0896058082580566,39,0.609375,0.015671629000280518,0.06027071900098235,49204,49238
4,350,0,1406,64,0.9499803185462952,44,0.6875,0.01407365599879995,0.0604007410001941,49204,49238
4,351,0,1407,36,0.46199506521224976,29,0.8055555555555556,0.014299727998150047,0.059823653999046655,27699,27733
5,0,0,1408,64,0.8483248949050903,43,0.671875,0.01409715000045253,0.05676013700212934,49204,49238
5,1,0,1409,64,0.8141945600509644,47,0.734375,0.013298010002472438,0.05706996500157402,49204,49238
5,2,0,1410,64,0.8173935413360596,46,0.71875,0.01618447299915715,0.0607067860000825,49204,49238
5,3,0,1411,64,0.5733673572540283,51,0.796875,0.013599562997114845,0.05568535400016117,49204,49238
5,4,0,1412,64,0.7395507097244263,52,0.8125,0.017260512002394535,0.06064833599884878,49204,49238
5,5,0,1413,64,0.7134531736373901,49,0.765625,0.016283664997899905,0.058927174999553245,49204,49238
5,6,0,1414,64,0.4519803524017334,56,0.875,0.013804835998598719,0.06082783899910282,49204,49238
5,7,0,1415,64,0.8836269974708557,45,0.703125,0.0145378850029374,0.062350165000680136,49204,49238
5,8,0,1416,64,0.5889918208122253,50,0.78125,0.014745281001523836,0.0579632369990577,49204,49238
5,9,0,1417,64,0.7424756288528442,45,0.703125,0.01369033499940997,0.05564498899911996,49204,49238
5,10,0,1418,64,0.5673682689666748,52,0.8125,0.013956974999018712,0.05812034499831498,49204,49238
5,11,0,1419,64,0.8947644829750061,41,0.640625,0.014760678001039196,0.05971379100083141,49204,49238
5,12,0,1420,64,0.5825458765029907,50,0.78125,0.014162704002956161,0.061385147000692086,49204,49238
5,13,0,1421,64,0.5859306454658508,51,0.796875,0.014058494994969806,0.0617970890016295,49204,49238
5,14,0,1422,64,0.6857126951217651,48,0.75,0.016416416998254135,0.06079004900311702,49204,49238
5,15,0,1423,64,0.7807129621505737,49,0.765625,0.014598106001358246,0.06075660799979232,49204,49238
5,16,0,1424,64,0.8089429140090942,44,0.6875,0.016053856998041738,0.05812081800104352,49204,49238
5,17,0,1425,64,0.7434275150299072,50,0.78125,0.014243160003388766,0.056798494999384275,49204,49238
5,18,0,1426,64,0.6599798202514648,51,0.796875,0.015913319002720527,0.059645899000315694,49204,49238
5,19,0,1427,64,0.6251044273376465,52,0.8125,0.014396942002349533,0.06207229999927222,49204,49238
5,20,0,1428,64,0.5097523331642151,53,0.828125,0.016616950997558888,0.06230725400018855,49204,49238
5,21,0,1429,64,0.625807523727417,52,0.8125,0.01517504800358438,0.06371185299940407,49204,49238
5,22,0,1430,64,0.5784035921096802,51,0.796875,0.01373675499780802,0.062499958999978844,49204,49238
5,23,0,1431,64,0.5897728204727173,50,0.78125,0.013543900997319724,0.057702550999238156,49204,49238
5,24,0,1432,64,0.6978482007980347,45,0.703125,0.014391743003216106,0.0590569609994418,49204,49238
5,25,0,1433,64,0.6961897015571594,46,0.71875,0.015067358002852416,0.05796478900083457,49204,49238
5,26,0,1434,64,0.5871935486793518,51,0.796875,0.013719302998651983,0.05901911599721643,49204,49238
5,27,0,1435,64,0.7330281734466553,46,0.71875,0.015569168001093203,0.06257741199806333,49204,49238
5,28,0,1436,64,0.6876767873764038,49,0.765625,0.014425201996346004,0.060268647997872904,49204,49238
5,29,0,1437,64,0.6154749393463135,51,0.796875,0.013800968001305591,0.05963541900200653,49204,49238
5,30,0,1438,64,0.58976149559021,50,0.78125,0.013977975002489984,0.05767822899724706,49204,49238
5,31,0,1439,64,0.7072712182998657,52,0.8125,0.01441870300550363,0.060871622001286596,49204,49238
5,32,0,1440,64,0.6912758350372314,48,0.75,0.01402107200192404,0.0594191080017481,49204,49238
5,33,0,1441,64,0.8552603721618652,43,0.671875,0.01524473699828377,0.0632306890001928,49204,49238
5,34,0,1442,64,0.7132721543312073,47,0.734375,0.01650780000272789,0.06117190499935532,49204,49238
5,35,0,1443,64,0.7053724527359009,47,0.734375,0.015225398001348367,0.0570288349990733,49204,49238
5,36,0,1444,64,0.7687782645225525,47,0.734375,0.017348336001305142,0.05960841699925368,49204,49238
5,37,0,1445,64,0.9661335945129395,43,0.671875,0.01466317900121794,0.06873783599803573,49204,49238
5,38,0,1446,64,0.5899170637130737,52,0.8125,0.015943267997499788,0.05689402400093968,49204,49238
5,39,0,1447,64,0.9558855295181274,47,0.734375,0.01333435900232871,0.05809458200019435,49204,49238
5,40,0,1448,64,0.6722899675369263,44,0.6875,0.015504612994845957,0.058366504999867175,49204,49238
5,41,0,1449,64,0.7919301390647888,43,0.671875,0.013730648995988304,0.05817282800126122,49204,49238
5,42,0,1450,64,0.6332539916038513,52,0.8125,0.013430206003249623,0.0545559130005131,49204,49238
5,43,0,1451,64,0.6480432152748108,50,0.78125,0.013338699001906207,0.05774106700118864,49204,49238
5,44,0,1452,64,0.7268556952476501,48,0.75,0.01643580999734695,0.06830645000081859,49204,49238
5,45,0,1453,64,0.8103270530700684,45,0.703125,0.01622666500043124,0.06035379600143642,49204,49238
5,46,0,1454,64,0.8401026725769043,43,0.671875,0.015030673999717692,0.05744975400011754,49204,49238
5,47,0,1455,64,0.8566750288009644,42,0.65625,0.01588053700106684,0.06089694399997825,49204,49238
5,48,0,1456,64,0.6350184679031372,53,0.828125,0.01396656000360963,0.05845726699772058,49204,49238
5,49,0,1457,64,0.4726361334323883,57,0.890625,0.013521147000574274,0.05914389600002323,49204,49238
5,50,0,1458,64,0.5551880598068237,53,0.828125,0.01543195900376304,0.058890494001389015,49204,49238
5,51,0,1459,64,0.617402970790863,48,0.75,0.016153896001924295,0.057984096001746366,49204,49238
5,52,0,1460,64,0.5640449523925781,51,0.796875,0.014203497001290089,0.05910897900321288,49204,49238
5,53,0,1461,64,0.532146692276001,52,0.8125,0.0157394160014519,0.06724364499677904,49204,49238
5,54,0,1462,64,0.6623755097389221,49,0.765625,0.015448664998984896,0.05861762499989709,49204,49238
5,55,0,1463,64,0.7819535732269287,46,0.71875,0.014985156998591265,0.06314421600109199,49204,49238
5,56,0,1464,64,0.6815426349639893,52,0.8125,0.01568158699592459,0.06224002299859421,49204,49238
5,57,0,1465,64,0.8793814182281494,44,0.6875,0.01354564600114827,0.05479785599891329,49204,49238
5,58,0,1466,64,0.5989154577255249,50,0.78125,0.013843429002008634,0.05670145499971113,49204,49238
5,59,0,1467,64,0.6482864618301392,51,0.796875,0.017655005998676643,0.06068202499955078,49204,49238
5,60,0,1468,64,0.7761515974998474,44,0.6875,0.015439322000020184,0.05688470200038864,49204,49238
5,61,0,1469,64,0.8100531101226807,38,0.59375,0.015457042001798982,0.05647642899930361,49204,49238
5,62,0,1470,64,0.8653286695480347,45,0.703125,0.016035672997531947,0.06314703799944255,49204,49238
5,63,0,1471,64,0.622795820236206,51,0.796875,0.014158453999698395,0.06252342999869143,49204,49238
5,64,0,1472,64,0.7967709898948669,48,0.75,0.015509418997680768,0.05855458699807059,49204,49238
5,65,0,1473,64,0.6864258050918579,49,0.765625,0.01514051900448976,0.05790795600114507,49204,49238
5,66,0,1474,64,0.8395678997039795,44,0.6875,0.014271801996073918,0.06290766800157144,49204,49238
5,67,0,1475,64,0.6967730522155762,49,0.765625,0.015427703001478221,0.06257731100049568,49204,49238
5,68,0,1476,64,0.6433467268943787,51,0.796875,0.014535177000652766,0.06191715800014208,49204,49238
5,69,0,1477,64,0.7053236365318298,48,0.75,0.01425094699516194,0.06002472500040312,49204,49238
5,70,0,1478,64,0.8300008773803711,48,0.75,0.013632399997732136,0.05934599800093565,49204,49238
5,71,0,1479,64,0.7992327213287354,44,0.6875,0.014648686999862548,0.057291008000902366,49204,49238
5,72,0,1480,64,0.6860954761505127,46,0.71875,0.013930199998867465,0.05806983900038176,49204,49238
5,73,0,1481,64,0.7320343255996704,45,0.703125,0.01699100699988776,0.06617976400229963,49204,49238
5,74,0,1482,64,0.47669437527656555,54,0.84375,0.015360362998762866,0.057154600999638205,49204,49238
5,75,0,1483,64,0.666043221950531,47,0.734375,0.015741966002678964,0.060519495000335155,49204,49238
5,76,0,1484,64,0.6123889684677124,50,0.78125,0.01454933100103517,0.06174694200308295,49204,49238
5,77,0,1485,64,0.6693798303604126,51,0.796875,0.013926886997069232,0.05526778000057675,49204,49238
5,78,0,1486,64,0.6528042554855347,52,0.8125,0.013728803001868073,0.055758719998266315,49204,49238
5,79,0,1487,64,0.8470950722694397,41,0.640625,0.014992616004747106,0.05854137500136858,49204,49238
5,80,0,1488,64,0.7494571208953857,46,0.71875,0.01370621900059632,0.054896699999517296,49204,49238
5,81,0,1489,64,0.6090809106826782,51,0.796875,0.01532824000241817,0.0689289780020772,49204,49238
5,82,0,1490,64,0.587117612361908,51,0.796875,0.01641226400170126,0.06076109700006782,49204,49238
5,83,0,1491,64,0.7697522044181824,47,0.734375,0.014276520003477344,0.0612571259989636,49204,49238
5,84,0,1492,64,0.7627696990966797,49,0.765625,0.01360052499876474,0.05713650899997447,49204,49238
5,85,0,1493,64,0.7927592396736145,44,0.6875,0.014000669998495141,0.06265756499851705,49204,49238
5,86,0,1494,64,0.4918525516986847,51,0.796875,0.01486789100090391,0.06210810099946684,49204,49238
5,87,0,1495,64,0.9972487688064575,40,0.625,0.015409362000355031,0.05826490400067996,49204,49238
5,88,0,1496,64,0.7722394466400146,44,0.6875,0.015259712003171444,0.05794497299939394,49204,49238
5,89,0,1497,64,0.6640899777412415,52,0.8125,0.014759229001356289,0.057459386000118684,49204,49238
5,90,0,1498,64,1.020957350730896,40,0.625,0.015239666998240864,0.05830572199920425,49204,49238
5,91,0,1499,64,0.8954806327819824,47,0.734375,0.015295376997528365,0.059552609996899264,49204,49238
5,92,0,1500,64,0.5751941204071045,53,0.828125,0.014940039000066463,0.059405472999060294,49204,49238
5,93,0,1501,64,0.6561050415039062,51,0.796875,0.015099694002856268,0.05944204300249112,49204,49238
5,94,0,1502,64,0.6082186698913574,49,0.765625,0.017848519997642143,0.06265730199811514,49204,49238
5,95,0,1503,64,0.7248443961143494,48,0.75,0.0148141179997765,0.05935767599657993,49204,49238
5,96,0,1504,64,0.6903917193412781,52,0.8125,0.01745586000106414,0.0644902349995391,49204,49238
5,97,0,1505,64,0.4325508177280426,55,0.859375,0.014643038000940578,0.057919068000046536,49204,49238
5,98,0,1506,64,0.6104971766471863,50,0.78125,0.014178822999383556,0.05794416099888622,49204,49238
5,99,0,1507,64,0.7820409536361694,47,0.734375,0.014354506001836853,0.058317990999057656,49204,49238
5,100,0,1508,64,0.6026621460914612,52,0.8125,0.014526009999826783,0.057264053997641895,49204,49238
5,101,0,1509,64,0.845981240272522,45,0.703125,0.015571101997920778,0.05853466799817397,49204,49238
5,102,0,1510,64,0.7680711150169373,46,0.71875,0.014926719999493798,0.059790822997456416,49204,49238
5,103,0,1511,64,0.6990869045257568,48,0.75,0.01463420700019924,0.05895269400207326,49204,49238
5,104,0,1512,64,0.7932215929031372,46,0.71875,0.014365995000844123,0.057833336999465246,49204,49238
5,105,0,1513,64,0.6209452152252197,51,0.796875,0.01619316099822754,0.07086239600175759,49204,49238
5,106,0,1514,64,0.6690355539321899,50,0.78125,0.015183963001618395,0.05891851199703524,49204,49238
5,107,0,1515,64,0.741470456123352,44,0.6875,0.020903554999677,0.07036744099968928,49204,49238
5,108,0,1516,64,0.6453832387924194,51,0.796875,0.01750247099698754,0.06361656200169818,49204,49238
5,109,0,1517,64,0.8982706665992737,44,0.6875,0.01428867000140599,0.061509744002250955,49204,49238
5,110,0,1518,64,0.888401985168457,39,0.609375,0.016104705002362607,0.07067379400177742,49204,49238
5,111,0,1519,64,0.5325210094451904,53,0.828125,0.01514930199846276,0.062001541002246086,49204,49238
5,112,0,1520,64,0.9210824370384216,43,0.671875,0.015184619998763083,0.06219312900066143,49204,49238
5,113,0,1521,64,0.5131862759590149,51,0.796875,0.015296827001293423,0.0652222120006627,49204,49238
5,114,0,1522,64,0.5267915725708008,53,0.828125,0.014422865999222267,0.06542144199920585,49204,49238
5,115,0,1523,64,0.7662656903266907,49,0.765625,0.014983134002250154,0.06707620499946643,49204,49238
5,116,0,1524,64,1.0303183794021606,37,0.578125,0.013754075996985193,0.06093785400298657,49204,49238
5,117,0,1525,64,1.0856852531433105,38,0.59375,0.017111698998633074,0.07079024899940123,49204,49238
5,118,0,1526,64,0.850869357585907,46,0.71875,0.015111881995835574,0.06300589600141393,49204,49238
5,119,0,1527,64,0.7267922163009644,49,0.765625,0.015954034999595024,0.05998324300162494,49204,49238
5,120,0,1528,64,0.6023101210594177,51,0.796875,0.019464930999674834,0.07105862100070226,49204,49238
5,121,0,1529,64,0.6307576894760132,50,0.78125,0.014927968000847613,0.060514914999657776,49204,49238
5,122,0,1530,64,0.4018701910972595,56,0.875,0.014941539000574267,0.058976663000066765,49204,49238
5,123,0,1531,64,0.5606966614723206,49,0.765625,0.01683739200234413,0.06436993699753657,49204,49238
5,124,0,1532,64,0.636968195438385,50,0.78125,0.01541233400348574,0.05746599400299601,49204,49238
5,125,0,1533,64,0.7225311994552612,49,0.765625,0.014224412003386533,0.05638772299789707,49204,49238
5,126,0,1534,64,0.7784358263015747,46,0.71875,0.014605628999561304,0.061875068000517786,49204,49238
5,127,0,1535,64,0.8579649925231934,45,0.703125,0.013886981996620307,0.05646352699841373,49204,49238
5,128,0,1536,64,0.7655928730964661,48,0.75,0.01638443800038658,0.05856817699896055,49204,49238
5,129,0,1537,64,0.5422927737236023,50,0.78125,0.014644861999840941,0.05671283699848573,49204,49238
5,130,0,1538,64,0.9412024021148682,45,0.703125,0.013892398001189576,0.05778069199732272,49204,49238
5,131,0,1539,64,0.6920823454856873,48,0.75,0.014095537000684999,0.05935400299858884,49204,49238
5,132,0,1540,64,0.7805973291397095,46,0.71875,0.0140930900015519,0.057171610998921096,49204,49238
5,133,0,1541,64,0.748565673828125,48,0.75,0.01394515600259183,0.057237988999986555,49204,49238
5,134,0,1542,64,0.5545035600662231,50,0.78125,0.016318319998390507,0.0651039549993584,49204,49238
5,135,0,1543,64,0.7092321515083313,45,0.703125,0.016308192996802973,0.06467549199805944,49204,49238
5,136,0,1544,64,0.7500486969947815,47,0.734375,0.016208550001465483,0.06004167599894572,49204,49238
5,137,0,1545,64,0.6520633697509766,49,0.765625,0.015100550997885875,0.05987321599968709,49204,49238
5,138,0,1546,64,0.6054599285125732,53,0.828125,0.01532076299918117,0.06459938400075771,49204,49238
5,139,0,1547,64,0.5744105577468872,51,0.796875,0.013798300999042112,0.05772204800086911,49204,49238
5,140,0,1548,64,0.5341064929962158,53,0.828125,0.013966539001557976,0.055564491001860006,49204,49238
5,141,0,1549,64,0.639232873916626,51,0.796875,0.014732537001691526,0.058704955998109654,49204,49238
5,142,0,1550,64,0.7869595289230347,42,0.65625,0.015041388000099687,0.0622849760002282,49204,49238
5,143,0,1551,64,0.6848015189170837,53,0.828125,0.013528965002478799,0.05778670499785221,49204,49238
5,144,0,1552,64,0.8699016571044922,41,0.640625,0.016751438000937924,0.05958325800020248,49204,49238
5,145,0,1553,64,0.838324785232544,47,0.734375,0.01395047099867952,0.05864775499867392,49204,49238
5,146,0,1554,64,0.9581311345100403,44,0.6875,0.015847153998038266,0.058682942002633354,49204,49238
5,147,0,1555,64,0.6552774310112,48,0.75,0.013812259003316285,0.06002076000004308,49204,49238
5,148,0,1556,64,0.6404092907905579,51,0.796875,0.013966452002932783,0.05738528199799475,49204,49238
5,149,0,1557,64,0.7645957469940186,47,0.734375,0.013702579999517184,0.05506405599953723,49204,49238
5,150,0,1558,64,0.6727986335754395,49,0.765625,0.014479442001174903,0.059165968999877805,49204,49238
5,151,0,1559,64,1.0164108276367188,44,0.6875,0.014207021999027347,0.05630519199985429,49204,49238
5,152,0,1560,64,0.5011996030807495,52,0.8125,0.014504699003737187,0.05606731100124307,49204,49238
5,153,0,1561,64,0.7457020878791809,49,0.765625,0.013753614002780523,0.05473582899867324,49204,49238
5,154,0,1562,64,0.8335998058319092,45,0.703125,0.013782382000499638,0.056326371999603,49204,49238
5,155,0,1563,64,0.4944622814655304,55,0.859375,0.01529543699871283,0.05696994100071606,49204,49238
5,156,0,1564,64,0.9130743741989136,46,0.71875,0.014306943001429318,0.05764216800162103,49204,49238
5,157,0,1565,64,0.5336238145828247,52,0.8125,0.014927332998922793,0.0583426840021275,49204,49238
5,158,0,1566,64,0.6929967403411865,47,0.734375,0.014123711996944621,0.057035819001612253,49204,49238
5,159,0,1567,64,0.6498554944992065,52,0.8125,0.014160242000798462,0.05687906099774409,49204,49238
5,160,0,1568,64,0.5568154454231262,52,0.8125,0.015256244998454349,0.05926199899840867,49204,49238
5,161,0,1569,64,0.6718368530273438,48,0.75,0.015835295998840593,0.060088518002885394,49204,49238
5,162,0,1570,64,0.8304145336151123,46,0.71875,0.014986885998951038,0.06281083100111573,49204,49238
5,163,0,1571,64,0.8023486137390137,50,0.78125,0.01395809099994949,0.0580035120001412,49204,49238
5,164,0,1572,64,0.7098796367645264,47,0.734375,0.014664921996882185,0.057725357000890654,49204,49238
5,165,0,1573,64,0.7887647747993469,41,0.640625,0.01432089499940048,0.05846913899949868,49204,49238
5,166,0,1574,64,0.929174542427063,45,0.703125,0.013603203002276132,0.05734916800065548,49204,49238
5,167,0,1575,64,0.6789710521697998,49,0.765625,0.014890565995301586,0.06545512899901951,49204,49238
5,168,0,1576,64,0.7724311947822571,47,0.734375,0.01409295200210181,0.05764724600157933,49204,49238
5,169,0,1577,64,0.9877198934555054,36,0.5625,0.014641106998169562,0.05953995999880135,49204,49238
5,170,0,1578,64,0.7781156301498413,47,0.734375,0.014182664002873935,0.05903370800297125,49204,49238
5,171,0,1579,64,0.6728008985519409,51,0.796875,0.014338331999169895,0.05853396599923144,49204,49238
5,172,0,1580,64,0.5602892637252808,52,0.8125,0.013664845999301178,0.05706495200138306,49204,49238
5,173,0,1581,64,0.5982595086097717,52,0.8125,0.014235076996556018,0.056821245001628995,49204,49238
5,174,0,1582,64,0.5471618175506592,55,0.859375,0.018637717999808956,0.06796183999904315,49204,49238
5,175,0,1583,64,0.5386182069778442,50,0.78125,0.015411929001857061,0.060075902998505626,49204,49238
5,176,0,1584,64,0.9161213636398315,45,0.703125,0.01408439099759562,0.0623650000015914,49204,49238
5,177,0,1585,64,0.869009792804718,43,0.671875,0.01403344900245429,0.062547387999075,49204,49238
5,178,0,1586,64,0.7543696165084839,48,0.75,0.013385778001975268,0.055094862000260036,49204,49238
5,179,0,1587,64,0.9129393100738525,44,0.6875,0.014407648999622324,0.061385909997625276,49204,49238
5,180,0,1588,64,0.8140255808830261,47,0.734375,0.013942997000413015,0.05616153300070437,49204,49238
5,181,0,1589,64,0.9315102100372314,45,0.703125,0.014356042996951146,0.058567115000187187,49204,49238
5,182,0,1590,64,1.0675687789916992,39,0.609375,0.014459600999543909,0.060092021001764806,49204,49238
5,183,0,1591,64,0.7220907211303711,46,0.71875,0.013632860998768592,0.05816850299743237,49204,49238
5,184,0,1592,64,0.8410824537277222,46,0.71875,0.014432441999815637,0.059691790000215406,49204,49238
5,185,0,1593,64,0.6397550106048584,48,0.75,0.014252463999582687,0.05667416599681019,49204,49238
5,186,0,1594,64,0.7180002927780151,46,0.71875,0.014904204002959887,0.05926916400130722,49204,49238
5,187,0,1595,64,0.8047977089881897,47,0.734375,0.014452097999310354,0.05591452499720617,49204,49238
5,188,0,1596,64,0.7798129320144653,42,0.65625,0.014462669998465572,0.061051920001773397,49204,49238
5,189,0,1597,64,0.8131165504455566,43,0.671875,0.014423967000766424,0.06384633699781261,49204,49238
5,190,0,1598,64,0.6789271831512451,48,0.75,0.014629085999331437,0.05544313900099951,49204,49238
5,191,0,1599,64,0.989356279373169,41,0.640625,0.01471428900185856,0.057441769997240044,49204,49238
5,192,0,1600,64,0.8563247323036194,42,0.65625,0.014140889998088824,0.05567270599931362,49204,49238
5,193,0,1601,64,0.5984175801277161,49,0.765625,0.014820977001363644,0.0580279089990654,49204,49238
5,194,0,1602,64,0.5308507680892944,52,0.8125,0.014435991000937065,0.05851093599994783,49204,49238
5,195,0,1603,64,0.7394628524780273,50,0.78125,0.013582767998741474,0.057119832999887876,49204,49238
5,196,0,1604,64,0.8160504102706909,50,0.78125,0.014696999998704996,0.06015506999756326,49204,49238
5,197,0,1605,64,0.8148022890090942,47,0.734375,0.013417517999187112,0.060638967999693705,49204,49238
5,198,0,1606,64,0.6994651556015015,51,0.796875,0.015328869998484151,0.06073677799940924,49204,49238
5,199,0,1607,64,0.8307508230209351,41,0.640625,0.014293246997112874,0.05657117900045705,49204,49238
5,200,0,1608,64,0.8446743488311768,47,0.734375,0.01406492000023718,0.05899113800114719,49204,49238
5,201,0,1609,64,0.7402822971343994,47,0.734375,0.014201791997038526,0.05769021400192287,49204,49238
5,202,0,1610,64,0.8681236505508423,44,0.6875,0.013310805999935837,0.06560205899950233,49204,49238
5,203,0,1611,64,1.085409164428711,40,0.625,0.01409443499869667,0.05809098900135723,49204,49238
5,204,0,1612,64,0.790278434753418,46,0.71875,0.01594888000181527,0.05862227299803635,49204,49238
5,205,0,1613,64,0.8415100574493408,41,0.640625,0.013981930998852476,0.05575195400160737,49204,49238
5,206,0,1614,64,0.8137447834014893,48,0.75,0.014171114002238028,0.05577148700103862,49204,49238
5,207,0,1615,64,0.6261129975318909,54,0.84375,0.01383372700001928,0.06116777900024317,49204,49238
5,208,0,1616,64,0.7861357927322388,48,0.75,0.014230693002900807,0.05887619699933566,49204,49238
5,209,0,1617,64,0.7620468139648438,48,0.75,0.013405678000708576,0.055200608003360685,49204,49238
5,210,0,1618,64,0.8473142981529236,50,0.78125,0.014386086000740761,0.060626401002082275,49204,49238
5,211,0,1619,64,0.8590267300605774,42,0.65625,0.013615783998830011,0.05638289000125951,49204,49238
5,212,0,1620,64,0.6130148768424988,54,0.84375,0.015651233999960823,0.05703462100063916,49204,49238
5,213,0,1621,64,0.9015806317329407,42,0.65625,0.01422806000118726,0.057276093000837136,49204,49238
5,214,0,1622,64,0.9976720809936523,42,0.65625,0.013578284997493029,0.05672410800252692,49204,49238
5,215,0,1623,64,0.7671760320663452,46,0.71875,0.014158122001390439,0.058989812998333946,49204,49238
5,216,0,1624,64,0.6535671949386597,50,0.78125,0.014079750999371754,0.06382674099950236,49204,49238
5,217,0,1625,64,1.0466573238372803,39,0.609375,0.015756981996673858,0.05966947599881678,49204,49238
5,218,0,1626,64,0.559543251991272,52,0.8125,0.014465274998656241,0.05894354900010512,49204,49238
5,219,0,1627,64,0.8716238737106323,42,0.65625,0.014822371998889139,0.05818762999842875,49204,49238
5,220,0,1628,64,0.8032850027084351,47,0.734375,0.015017938996606972,0.0584325429990713,49204,49238
5,221,0,1629,64,0.8039748072624207,50,0.78125,0.014303609998023603,0.06356828899879474,49204,49238
5,222,0,1630,64,0.661980390548706,49,0.765625,0.014622213999246014,0.05832825600009528,49204,49238
5,223,0,1631,64,0.9119958877563477,44,0.6875,0.015393293000670383,0.0577870509987406,49204,49238
5,224,0,1632,64,0.6448749303817749,49,0.765625,0.014545773999998346,0.05625001000225893,49204,49238
5,225,0,1633,64,0.8498823642730713,44,0.6875,0.013933859005192062,0.060613261000980856,49204,49238
5,226,0,1634,64,0.9094343781471252,40,0.625,0.014186888998665381,0.056546710002294276,49204,49238
5,227,0,1635,64,0.9713014364242554,42,0.65625,0.014876384997478453,0.061830586000724,49204,49238
5,228,0,1636,64,0.7255183458328247,47,0.734375,0.014779600998735987,0.06928518200220424,49204,49238
5,229,0,1637,64,0.7470804452896118,44,0.6875,0.015737342000647914,0.06374582200078294,49204,49238
5,230,0,1638,64,0.8729820251464844,45,0.703125,0.0152130179994856,0.059335055000701686,49204,49238
5,231,0,1639,64,0.7089924812316895,49,0.765625,0.016058513003372354,0.06683490300201811,49204,49238
5,232,0,1640,64,0.9506503343582153,44,0.6875,0.013587949000793742,0.055512491999252234,49204,49238
5,233,0,1641,64,0.612581729888916,49,0.765625,0.014214472997991834,0.05588279700168641,49204,49238
5,234,0,1642,64,0.6088711023330688,50,0.78125,0.014908940996974707,0.057800529000815004,49204,49238
5,235,0,1643,64,0.6210001111030579,49,0.765625,0.015864752000197768,0.062411848000920145,49204,49238
5,236,0,1644,64,0.6817706823348999,48,0.75,0.013403384997218382,0.05755258299905108,49204,49238
5,237,0,1645,64,0.4264262020587921,56,0.875,0.013987027003167896,0.05636577399855014,49204,49238
5,238,0,1646,64,0.6635774970054626,46,0.71875,0.013999831997352885,0.05989701900034561,49204,49238
5,239,0,1647,64,0.5467031598091125,51,0.796875,0.013971213000331772,0.06338867700105766,49204,49238
5,240,0,1648,64,0.6949209570884705,45,0.703125,0.013724838001508033,0.060119278998172376,49204,49238
5,241,0,1649,64,0.3666287660598755,58,0.90625,0.013866122997569619,0.05728591499791946,49204,49238
5,242,0,1650,64,0.6333405375480652,49,0.765625,0.013909740002418403,0.06308585700026015,49204,49238
5,243,0,1651,64,0.4892234206199646,53,0.828125,0.014278623999416595,0.05671183700178517,49204,49238
5,244,0,1652,64,0.7026553750038147,49,0.765625,0.014199471999745583,0.0556013460009126,49204,49238
5,245,0,1653,64,0.8348004221916199,49,0.765625,0.014796177001699107,0.060036831000616075,49204,49238
5,246,0,1654,64,1.1178263425827026,39,0.609375,0.013690554998902371,0.056589632000395795,49204,49238
5,247,0,1655,64,0.7112797498703003,48,0.75,0.01752277400009916,0.06647094000072684,49204,49238
5,248,0,1656,64,0.828385591506958,48,0.75,0.013552906002587406,0.05577686199831078,49204,49238
5,249,0,1657,64,0.5981518030166626,51,0.796875,0.014009440998052014,0.060066785001254175,49204,49238
5,250,0,1658,64,0.6047682166099548,50,0.78125,0.014720109000336379,0.06440678200306138,49204,49238
5,251,0,1659,64,0.4902399182319641,55,0.859375,0.014485793999483576,0.06010972799776937,49204,49238
5,252,0,1660,64,0.8897127509117126,43,0.671875,0.013266702997498214,0.05424757700166083,49204,49238
5,253,0,1661,64,0.4802072048187256,54,0.84375,0.016860430001543136,0.06200840900055482,49204,49238
5,254,0,1662,64,0.9388651847839355,44,0.6875,0.01393898599781096,0.05565618900072877,49204,49238
5,255,0,1663,64,0.6058151721954346,50,0.78125,0.014139607996185077,0.05694528599997284,49204,49238
5,256,0,1664,64,0.7202545404434204,47,0.734375,0.013973867000458995,0.06134956299865735,49204,49238
5,257,0,1665,64,0.7318978309631348,48,0.75,0.015759451998746954,0.06000653399678413,49204,49238
5,258,0,1666,64,0.7077043056488037,48,0.75,0.013736327000515303,0.06074312299824669,49204,49238
5,259,0,1667,64,0.5378560423851013,53,0.828125,0.014131086998531828,0.057040944000618765,49204,49238
5,260,0,1668,64,0.6958492994308472,50,0.78125,0.015324476000387222,0.06463744400025462,49204,49238
5,261,0,1669,64,0.6778167486190796,50,0.78125,0.01446484999905806,0.05675289999999222,49204,49238
5,262,0,1670,64,0.525728702545166,53,0.828125,0.013811217999318615,0.0588854050001828,49204,49238
5,263,0,1671,64,0.6363228559494019,49,0.765625,0.013515306003682781,0.05657414300003438,49204,49238
5,264,0,1672,64,0.6454272270202637,49,0.765625,0.01415281699883053,0.05606529699798557,49204,49238
5,265,0,1673,64,0.7441387176513672,48,0.75,0.014102257002377883,0.0578599820000818,49204,49238
5,266,0,1674,64,0.6646347045898438,48,0.75,0.015332759001466911,0.06428034999771626,49204,49238
5,267,0,1675,64,0.6834348440170288,50,0.78125,0.015833670997380977,0.0634126129989454,49204,49238
5,268,0,1676,64,0.6532803177833557,50,0.78125,0.014031045997398905,0.060418647997721564,49204,49238
5,269,0,1677,64,0.5116708278656006,51,0.796875,0.016529545006051194,0.05716789999860339,49204,49238
5,270,0,1678,64,0.7129959464073181,50,0.78125,0.014117808001174126,0.06122979999781819,49204,49238
5,271,0,1679,64,1.1355054378509521,42,0.65625,0.014428611000766978,0.06738488500195672,49204,49238
5,272,0,1680,64,1.0421977043151855,43,0.671875,0.013706621000892483,0.06230223099919385,49204,49238
5,273,0,1681,64,0.7776142358779907,45,0.703125,0.014630405999923823,0.059337244001653744,49204,49238
5,274,0,1682,64,0.7653738260269165,45,0.703125,0.017172605999803636,0.06190361200060579,49204,49238
5,275,0,1683,64,0.7920262813568115,45,0.703125,0.016154024997376837,0.06212355100069544,49204,49238
5,276,0,1684,64,0.6737248301506042,48,0.75,0.015022695995867252,0.05920482999863452,49204,49238
5,277,0,1685,64,0.7861954569816589,48,0.75,0.014704655997775262,0.05951679999998305,49204,49238
5,278,0,1686,64,0.8862841129302979,47,0.734375,0.0136822949971247,0.05969946400000481,49204,49238
5,279,0,1687,64,0.9452811479568481,44,0.6875,0.014079354001296451,0.05729765199794201,49204,49238
5,280,0,1688,64,0.6834640502929688,49,0.765625,0.01567705900015426,0.05863538300036453,49204,49238
5,281,0,1689,64,1.1187418699264526,39,0.609375,0.014084235997870564,0.06340197199824615,49204,49238
5,282,0,1690,64,0.8218896985054016,47,0.734375,0.016426408001279924,0.0658936870022444,49204,49238
5,283,0,1691,64,1.095965027809143,40,0.625,0.016569580999203026,0.060300506997009506,49204,49238
5,284,0,1692,64,0.750954806804657,52,0.8125,0.014154102002066793,0.05907167500117794,49204,49238
5,285,0,1693,64,0.5861000418663025,53,0.828125,0.014047655000467785,0.058495520999713335,49204,49238
5,286,0,1694,64,0.9588549137115479,44,0.6875,0.013750449998042313,0.05789667000135523,49204,49238
5,287,0,1695,64,0.8064029812812805,48,0.75,0.015761031001602532,0.06290631799856783,49204,49238
5,288,0,1696,64,0.7428786754608154,44,0.6875,0.014279549002822023,0.05898810900180251,49204,49238
5,289,0,1697,64,0.7515218257904053,49,0.765625,0.015198373999737669,0.0694694529993285,49204,49238
5,290,0,1698,64,0.8232457041740417,44,0.6875,0.01465665599971544,0.062430584999674466,49204,49238
5,291,0,1699,64,0.565398097038269,52,0.8125,0.015872874999331543,0.060657457001070725,49204,49238
5,292,0,1700,64,0.7074354887008667,49,0.765625,0.015338751996750943,0.05828875500083086,49204,49238
5,293,0,1701,64,0.6833944916725159,49,0.765625,0.015845006997551536,0.0618169070003205,49204,49238
5,294,0,1702,64,0.830341100692749,46,0.71875,0.014841370997601189,0.061119390000385465,49204,49238
5,295,0,1703,64,0.7542030811309814,45,0.703125,0.01643402600166155,0.06723605899969698,49204,49238
5,296,0,1704,64,0.8382654190063477,45,0.703125,0.014164797001285478,0.05782996199923218,49204,49238
5,297,0,1705,64,1.070589542388916,41,0.640625,0.014151577001030091,0.06186661899846513,49204,49238
5,298,0,1706,64,0.7002282738685608,50,0.78125,0.015920502002700232,0.06308073200125364,49204,49238
5,299,0,1707,64,0.9748618006706238,39,0.609375,0.016391667999414494,0.05844047499704175,49204,49238
5,300,0,1708,64,0.6034138202667236,49,0.765625,0.016410552998422645,0.06446187199981068,49204,49238
5,301,0,1709,64,0.7569676041603088,44,0.6875,0.015580618997773854,0.06507048999992548,49204,49238
5,302,0,1710,64,0.8038612604141235,46,0.71875,0.017776658001821488,0.0629740229996969,49204,49238
5,303,0,1711,64,0.6886426210403442,46,0.71875,0.013987492999149254,0.05598722600188921,49204,49238
5,304,0,1712,64,0.8021787405014038,46,0.71875,0.014205873001628788,0.057381102997169364,49204,49238
5,305,0,1713,64,0.7096479535102844,51,0.796875,0.015155207001953386,0.06440059399756137,49204,49238
5,306,0,1714,64,0.8780709505081177,44,0.6875,0.015006678004283458,0.06428863100154558,49204,49238
5,307,0,1715,64,1.0844627618789673,39,0.609375,0.014373269998031901,0.06156789899978321,49204,49238
5,308,0,1716,64,0.8446667790412903,43,0.671875,0.016052377002779394,0.0722529710001254,49204,49238
5,309,0,1717,64,0.702099084854126,48,0.75,0.014854714001558023,0.060452233999967575,49204,49238
5,310,0,1718,64,0.7525501251220703,46,0.71875,0.015196042000752641,0.06442791399967973,49204,49238
5,311,0,1719,64,0.605349063873291,50,0.78125,0.013916089999838732,0.05734497799858218,49204,49238
5,312,0,1720,64,0.7453482747077942,47,0.734375,0.0166438720007136,0.06388095999864163,49204,49238
5,313,0,1721,64,0.9392280578613281,42,0.65625,0.01702774599834811,0.06282291300158249,49204,49238
5,314,0,1722,64,0.9484329223632812,42,0.65625,0.016804925999167608,0.06277413600037107,49204,49238
5,315,0,1723,64,0.7806001901626587,45,0.703125,0.014406842998141656,0.06355269000050612,49204,49238
5,316,0,1724,64,0.7702934741973877,46,0.71875,0.01647963000141317,0.05965104099959717,49204,49238
5,317,0,1725,64,0.7415544986724854,48,0.75,0.014982054999563843,0.0610115859999496,49204,49238
5,318,0,1726,64,1.0035865306854248,45,0.703125,0.015668893000110984,0.06284305400185985,49204,49238
5,319,0,1727,64,0.8828023672103882,43,0.671875,0.016581759999098722,0.06619940599921392,49204,49238
5,320,0,1728,64,0.6862730979919434,48,0.75,0.01618682900152635,0.061924683999677654,49204,49238
5,321,0,1729,64,0.6189738512039185,48,0.75,0.022709455002768664,0.0725913300011598,49204,49238
5,322,0,1730,64,0.7140418291091919,45,0.703125,0.01440323400311172,0.05972244400254567,49204,49238
5,323,0,1731,64,0.7789556980133057,48,0.75,0.0170842139996239,0.07109505599873955,49204,49238
5,324,0,1732,64,0.8097658753395081,48,0.75,0.015567097001621732,0.058630291001463775,49204,49238
5,325,0,1733,64,0.7078847289085388,48,0.75,0.014788385000429116,0.06276632000299287,49204,49238
5,326,0,1734,64,0.7167291045188904,45,0.703125,0.01583875000142143,0.06388764099756372,49204,49238
5,327,0,1735,64,0.6999568343162537,47,0.734375,0.014301844999863533,0.058565030001773266,49204,49238
5,328,0,1736,64,0.6032724380493164,49,0.765625,0.016302496998832794,0.06034594700031448,49204,49238
5,329,0,1737,64,0.69603431224823,51,0.796875,0.017188035999424756,0.07497619499918073,49204,49238
5,330,0,1738,64,0.7532167434692383,45,0.703125,0.01385734899668023,0.06040947600195068,49204,49238
5,331,0,1739,64,0.8216844797134399,45,0.703125,0.015608754998538643,0.06527295799969579,49204,49238
5,332,0,1740,64,0.7437011003494263,51,0.796875,0.01761176800209796,0.061958001999300905,49204,49238
5,333,0,1741,64,0.6054483652114868,47,0.734375,0.016192602000955958,0.061888342002930585,49204,49238
5,334,0,1742,64,0.4994456470012665,54,0.84375,0.02258672099924297,0.07230580000032205,49204,49238
5,335,0,1743,64,0.9796432256698608,41,0.640625,0.015840864998608595,0.061556570002721855,49204,49238
5,336,0,1744,64,0.7108727693557739,47,0.734375,0.014179306002915837,0.06168918500043219,49204,49238
5,337,0,1745,64,0.587310254573822,51,0.796875,0.015580176997900708,0.06387292599902139,49204,49238
5,338,0,1746,64,0.8217709064483643,47,0.734375,0.01506711099864333,0.06204154000079143,49204,49238
5,339,0,1747,64,0.924233615398407,41,0.640625,0.014002422998601105,0.060191574000782566,49204,49238
5,340,0,1748,64,0.6480867862701416,49,0.765625,0.0163731579996238,0.0620754349984054,49204,49238
5,341,0,1749,64,0.8088194131851196,46,0.71875,0.01537529900087975,0.05957203599973582,49204,49238
5,342,0,1750,64,0.6245582699775696,51,0.796875,0.015952044999721693,0.06368163799925242,49204,49238
5,343,0,1751,64,0.6212284564971924,52,0.8125,0.016002699001546716,0.06569448700247449,49204,49238
5,344,0,1752,64,0.7905756235122681,43,0.671875,0.018183817999670282,0.06926853400000255,49204,49238
5,345,0,1753,64,0.8974745869636536,42,0.65625,0.01669054399826564,0.06940347899944754,49204,49238
5,346,0,1754,64,1.143974781036377,41,0.640625,0.016431554999144282,0.0667510780003795,49204,49238
5,347,0,1755,64,0.8476555347442627,50,0.78125,0.020462292999582132,0.06945767499928479,49204,49238
5,348,0,1756,64,0.7620341181755066,47,0.734375,0.014316532997327158,0.057937227000365965,49204,49238
5,349,0,1757,64,0.9122425317764282,42,0.65625,0.016399561001890106,0.06187200600106735,49204,49238
5,350,0,1758,64,0.7092530727386475,46,0.71875,0.017013881999446312,0.06105519600168918,49204,49238
5,351,0,1759,36,0.7361316084861755,24,0.6666666666666666,0.015712369000539184,0.05784302800020669,27699,27733
6,0,0,1760,64,0.7217874526977539,50,0.78125,0.01331382199714426,0.05803459299932001,49204,49238
6,1,0,1761,64,0.6620861887931824,48,0.75,0.014966933998948662,0.06171577200075262,49204,49238
6,2,0,1762,64,0.46020931005477905,53,0.828125,0.01439990800281521,0.060337331000482664,49204,49238
6,3,0,1763,64,0.5646203756332397,52,0.8125,0.015179800004261779,0.061273321000044234,49204,49238
6,4,0,1764,64,0.806164026260376,45,0.703125,0.014871285999106476,0.05848902400248335,49204,49238
6,5,0,1765,64,0.6648685932159424,50,0.78125,0.01623189400197589,0.057934484000725206,49204,49238
6,6,0,1766,64,0.5692324042320251,49,0.765625,0.01672609599700081,0.07211685299989767,49204,49238
6,7,0,1767,64,0.7073601484298706,52,0.8125,0.013825579997501336,0.059716084997489816,49204,49238
6,8,0,1768,64,0.4734378159046173,52,0.8125,0.016570687999774236,0.06884222200096701,49204,49238
6,9,0,1769,64,0.6810137033462524,53,0.828125,0.01607798200348043,0.0688993589974416,49204,49238
6,10,0,1770,64,0.40728044509887695,57,0.890625,0.014677362003567396,0.06400165400191327,49204,49238
6,11,0,1771,64,0.5057250261306763,53,0.828125,0.014330523998069111,0.05894624799839221,49204,49238
6,12,0,1772,64,0.6038615703582764,53,0.828125,0.01640646099986043,0.07521178100068937,49204,49238
6,13,0,1773,64,0.5766236782073975,48,0.75,0.014265293000789825,0.057365302000107476,49204,49238
6,14,0,1774,64,0.5094033479690552,54,0.84375,0.016905156004213495,0.061091321000276366,49204,49238
6,15,0,1775,64,0.5010595917701721,52,0.8125,0.017730112005665433,0.0740296309995756,49204,49238
6,16,0,1776,64,0.46752703189849854,54,0.84375,0.015814918999240035,0.059724488000938436,49204,49238
6,17,0,1777,64,0.39901939034461975,56,0.875,0.01569180699880235,0.06313784799931454,49204,49238
6,18,0,1778,64,0.5454137325286865,53,0.828125,0.015792931997566484,0.062405436001427006,49204,49238
6,19,0,1779,64,0.6250607967376709,49,0.765625,0.015527822000876768,0.06144346899964148,49204,49238
6,20,0,1780,64,0.5435711145401001,53,0.828125,0.0182729840016691,0.06934240599730401,49204,49238
6,21,0,1781,64,0.6764416694641113,52,0.8125,0.016812837002362357,0.06645861099968897,49204,49238
6,22,0,1782,64,0.620327889919281,47,0.734375,0.01703127200016752,0.06517495299704024,49204,49238
6,23,0,1783,64,0.6806972622871399,48,0.75,0.016518366002856055,0.06452339600218693,49204,49238
6,24,0,1784,64,0.6695102453231812,50,0.78125,0.017023307002091315,0.061207582999486476,49204,49238
6,25,0,1785,64,0.5469722747802734,55,0.859375,0.017855153997516027,0.07234898200113093,49204,49238
6,26,0,1786,64,0.598594069480896,53,0.828125,0.013827176004269859,0.05685002199970768,49204,49238
6,27,0,1787,64,0.5033313035964966,51,0.796875,0.015855049998208415,0.06346632400163799,49204,49238
6,28,0,1788,64,0.42393743991851807,56,0.875,0.013585073000285774,0.06440602500151726,49204,49238
6,29,0,1789,64,0.6883223056793213,49,0.765625,0.017194274998473702,0.06284892599796876,49204,49238
6,30,0,1790,64,0.42015910148620605,57,0.890625,0.01613679799993406,0.05797735099986312,49204,49238
6,31,0,1791,64,0.6665078997612,52,0.8125,0.014233601999876555,0.06242598300013924,49204,49238
6,32,0,1792,64,0.6285921335220337,52,0.8125,0.01573521200043615,0.06292056500024046,49204,49238
6,33,0,1793,64,0.49746981263160706,54,0.84375,0.015628842000296572,0.06062967699836008,49204,49238
6,34,0,1794,64,0.3518167734146118,58,0.90625,0.015300017003028188,0.0592956789987511,49204,49238
6,35,0,1795,64,0.5792746543884277,54,0.84375,0.017560653999680653,0.06816144399999757,49204,49238
6,36,0,1796,64,0.6229038834571838,51,0.796875,0.01655587899949751,0.06395887699909508,49204,49238
6,37,0,1797,64,0.45987677574157715,55,0.859375,0.015204036997602088,0.06631069500144804,49204,49238
6,38,0,1798,64,0.4852835237979889,52,0.8125,0.014465457999904174,0.0603800989993033,49204,49238
6,39,0,1799,64,0.6614489555358887,49,0.765625,0.015485902000364149,0.06407748600031482,49204,49238
6,40,0,1800,64,0.5079851150512695,55,0.859375,0.01381246600067243,0.056122755999240326,49204,49238
6,41,0,1801,64,0.4273258447647095,53,0.828125,0.016471042999910424,0.06216899199716863,49204,49238
6,42,0,1802,64,0.7210836410522461,44,0.6875,0.016467722995002987,0.0625434489993495,49204,49238
6,43,0,1803,64,0.7731901407241821,48,0.75,0.014142830001219409,0.061028559000988025,49204,49238
6,44,0,1804,64,0.3633926510810852,60,0.9375,0.01648066899360856,0.059145773000636837,49204,49238
6,45,0,1805,64,0.5003060698509216,53,0.828125,0.017997799997829134,0.06880409800214693,49204,49238
6,46,0,1806,64,0.6321012377738953,49,0.765625,0.013694273002329282,0.05924943699938012,49204,49238
6,47,0,1807,64,0.5889937877655029,51,0.796875,0.016474760999699356,0.06382362399745034,49204,49238
6,48,0,1808,64,0.5631250739097595,51,0.796875,0.016098371001135092,0.05997165300141205,49204,49238
6,49,0,1809,64,0.5508125424385071,55,0.859375,0.017510821999167092,0.06374956800209475,49204,49238
6,50,0,1810,64,0.5918906927108765,51,0.796875,0.015189554997050436,0.06386177899912582,49204,49238
6,51,0,1811,64,0.6684958338737488,49,0.765625,0.018797764998453204,0.06768221400125185,49204,49238
6,52,0,1812,64,0.7996087074279785,42,0.65625,0.014819929001532728,0.06463071400139597,49204,49238
6,53,0,1813,64,0.5909137725830078,52,0.8125,0.01642747000005329,0.0679564570018556,49204,49238
6,54,0,1814,64,0.5794059038162231,52,0.8125,0.01714849400013918,0.06504303400288336,49204,49238
6,55,0,1815,64,0.5989269614219666,48,0.75,0.01684736799870734,0.06693032199837035,49204,49238
6,56,0,1816,64,0.4651539921760559,55,0.859375,0.01693080300174188,0.07150359899969772,49204,49238
6,57,0,1817,64,0.44181615114212036,53,0.828125,0.015644220999092795,0.0650713189970702,49204,49238
6,58,0,1818,64,0.637078046798706,51,0.796875,0.014737461999175139,0.06266245499864453,49204,49238
6,59,0,1819,64,0.5024334192276001,54,0.84375,0.01654974500343087,0.06392504500036011,49204,49238
6,60,0,1820,64,0.5151363015174866,54,0.84375,0.016207863998715766,0.0679269629981718,49204,49238
6,61,0,1821,64,0.6541554927825928,50,0.78125,0.016164043001481332,0.06248993599729147,49204,49238
6,62,0,1822,64,0.5924111604690552,46,0.71875,0.01613627199913026,0.0606216560008761,49204,49238
6,63,0,1823,64,0.6377205848693848,52,0.8125,0.015101856999535812,0.06279842499861843,49204,49238
6,64,0,1824,64,0.8527866005897522,44,0.6875,0.016275874000712065,0.06371522299741628,49204,49238
6,65,0,1825,64,0.5329376459121704,53,0.828125,0.015315534998080693,0.057927337002183776,49204,49238
6,66,0,1826,64,0.4175591468811035,55,0.859375,0.01517018099912093,0.061678104000748135,49204,49238
6,67,0,1827,64,0.5819118618965149,51,0.796875,0.016612071998679312,0.059767442999145715,49204,49238
6,68,0,1828,64,0.5139005780220032,47,0.734375,0.014727683003002312,0.06139365200215252,49204,49238
6,69,0,1829,64,0.5679341554641724,51,0.796875,0.016351594000298064,0.06558062700059963,49204,49238
6,70,0,1830,64,0.7071245908737183,45,0.703125,0.016418244998931186,0.0647790500006522,49204,49238
6,71,0,1831,64,0.6661708354949951,51,0.796875,0.01665565200164565,0.06098084800032666,49204,49238
6,72,0,1832,64,0.772854208946228,46,0.71875,0.01725914900089265,0.06463485399945057,49204,49238
6,73,0,1833,64,0.6337717771530151,53,0.828125,0.018666779997147387,0.06626512699949672,49204,49238
6,74,0,1834,64,0.5659061670303345,49,0.765625,0.01656547899983707,0.062091864998365054,49204,49238
6,75,0,1835,64,0.5975461602210999,49,0.765625,0.016737546000513248,0.06619508600124391,49204,49238
6,76,0,1836,64,0.5265882015228271,51,0.796875,0.019370689999050228,0.06353721300183679,49204,49238
6,77,0,1837,64,0.6972754001617432,49,0.765625,0.013652644000103464,0.05954135700085317,49204,49238
6,78,0,1838,64,0.5922015309333801,50,0.78125,0.014194562001648592,0.06586163300016779,49204,49238
6,79,0,1839,64,0.6156220436096191,49,0.765625,0.014398953000636538,0.06618921200060868,49204,49238
6,80,0,1840,64,0.6725296378135681,44,0.6875,0.014962693996494636,0.05806615400069859,49204,49238
6,81,0,1841,64,0.588131308555603,49,0.765625,0.014272006999817677,0.060315884998999536,49204,49238
6,82,0,1842,64,0.5817354917526245,53,0.828125,0.015190933001576923,0.06198583500008681,49204,49238
6,83,0,1843,64,0.7628355026245117,48,0.75,0.01669714899981045,0.060964781001530355,49204,49238
6,84,0,1844,64,0.5326144099235535,54,0.84375,0.01533378400199581,0.0655761749985686,49204,49238
6,85,0,1845,64,0.5531786680221558,52,0.8125,0.014721428997290786,0.059202693999395706,49204,49238
6,86,0,1846,64,0.6169595718383789,49,0.765625,0.01403776200095308,0.05700636400069925,49204,49238
6,87,0,1847,64,0.5721244812011719,52,0.8125,0.0161291109980084,0.0660504139996192,49204,49238
6,88,0,1848,64,0.4684601426124573,52,0.8125,0.013823730005242396,0.06300813400230254,49204,49238
6,89,0,1849,64,0.5516891479492188,50,0.78125,0.016413413002737798,0.06376902700139908,49204,49238
6,90,0,1850,64,0.5211343765258789,49,0.765625,0.015392339999380056,0.06013284100117744,49204,49238
6,91,0,1851,64,0.649779200553894,50,0.78125,0.015306624998629559,0.06258259600144811,49204,49238
6,92,0,1852,64,0.6033892631530762,50,0.78125,0.01360111700341804,0.06051439600196318,49204,49238
6,93,0,1853,64,0.567669153213501,51,0.796875,0.015010469003755134,0.0602139199982048,49204,49238
6,94,0,1854,64,0.546390175819397,50,0.78125,0.016742675001296448,0.05865842499770224,49204,49238
6,95,0,1855,64,0.4995674192905426,52,0.8125,0.01447354300034931,0.06534357000055024,49204,49238
6,96,0,1856,64,0.5600228905677795,51,0.796875,0.014352860001963563,0.05914558500080602,49204,49238
6,97,0,1857,64,0.3935369551181793,53,0.828125,0.013526252005249262,0.06309821900140378,49204,49238
6,98,0,1858,64,0.6342920660972595,50,0.78125,0.014632117996370653,0.05895521699858364,49204,49238
6,99,0,1859,64,0.5469707250595093,52,0.8125,0.014240462998714065,0.05763929000022472,49204,49238
6,100,0,1860,64,0.618319034576416,52,0.8125,0.014612730999942869,0.058367431000078795,49204,49238
6,101,0,1861,64,0.7166552543640137,47,0.734375,0.014170726000884315,0.05618720400161692,49204,49238
6,102,0,1862,64,0.6704415082931519,50,0.78125,0.013991031002660748,0.058199848001095233,49204,49238
6,103,0,1863,64,0.6109442710876465,54,0.84375,0.01391890399827389,0.061659122999117244,49204,49238
6,104,0,1864,64,0.6983409523963928,45,0.703125,0.014974231999076437,0.06100415699984296,49204,49238
6,105,0,1865,64,0.5747002363204956,50,0.78125,0.015497484997467836,0.06304512399947271,49204,49238
6,106,0,1866,64,0.40264904499053955,54,0.84375,0.01551111400112859,0.061496130998420995,49204,49238
6,107,0,1867,64,0.6973587870597839,50,0.78125,0.015660852997825714,0.05986053900051047,49204,49238
6,108,0,1868,64,0.4643673896789551,55,0.859375,0.014361417001055088,0.058383537998452084,49204,49238
6,109,0,1869,64,0.5582923889160156,57,0.890625,0.015310086000681622,0.05726969600073062,49204,49238
6,110,0,1870,64,0.591488242149353,49,0.765625,0.016014028995414265,0.06670858399957069,49204,49238
6,111,0,1871,64,0.5044508576393127,50,0.78125,0.01433082399671548,0.063325236998935,49204,49238
6,112,0,1872,64,0.48946791887283325,53,0.828125,0.016248040996288182,0.06507595099901664,49204,49238
6,113,0,1873,64,0.8360283374786377,42,0.65625,0.015718952996394364,0.06423490499946638,49204,49238
6,114,0,1874,64,0.9203414916992188,47,0.734375,0.015386443999886978,0.06382787600159645,49204,49238
6,115,0,1875,64,0.5198303461074829,51,0.796875,0.014929559001757298,0.06086946800132864,49204,49238
6,116,0,1876,64,0.5811859965324402,53,0.828125,0.016053506999014644,0.06018323899843381,49204,49238
6,117,0,1877,64,0.6053550243377686,49,0.765625,0.0165732229979767,0.0641687669995008,49204,49238
6,118,0,1878,64,0.6788419485092163,46,0.71875,0.01700876599716139,0.07249427100032335,49204,49238
6,119,0,1879,64,0.6165139675140381,51,0.796875,0.015433252996444935,0.06082532000073115,49204,49238
6,120,0,1880,64,0.6391869187355042,50,0.78125,0.01702235500124516,0.07643018099770416,49204,49238
6,121,0,1881,64,0.5137938857078552,55,0.859375,0.015543369998340495,0.06052751199968043,49204,49238
6,122,0,1882,64,0.5503616333007812,51,0.796875,0.014137624995782971,0.07363848499880987,49204,49238
6,123,0,1883,64,0.6816720366477966,49,0.765625,0.015575401001115097,0.05953518400201574,49204,49238
6,124,0,1884,64,0.6934307813644409,48,0.75,0.015730596998764668,0.05903886400119518,49204,49238
6,125,0,1885,64,0.512761116027832,51,0.796875,0.01663527899654582,0.0613176820006629,49204,49238
6,126,0,1886,64,0.44732189178466797,52,0.8125,0.014931802998034982,0.05891188199893804,49204,49238
6,127,0,1887,64,0.6123486757278442,49,0.765625,0.013875130996893859,0.06207808999897679,49204,49238
6,128,0,1888,64,0.6101891398429871,50,0.78125,0.014369764001457952,0.05634768700110726,49204,49238
6,129,0,1889,64,0.604088544845581,48,0.75,0.01472233299864456,0.05779162700127927,49204,49238
6,130,0,1890,64,0.4595958888530731,57,0.890625,0.01625813200007542,0.06507525999768404,49204,49238
6,131,0,1891,64,0.6405062675476074,46,0.71875,0.015005513003416127,0.060321635002765106,49204,49238
6,132,0,1892,64,0.5481988191604614,51,0.796875,0.014534711997839622,0.056682018999708816,49204,49238
6,133,0,1893,64,0.729347825050354,46,0.71875,0.014279446000728058,0.05912100199930137,49204,49238
6,134,0,1894,64,0.565342366695404,50,0.78125,0.014916440999513725,0.05997268800274469,49204,49238
6,135,0,1895,64,0.6056243181228638,51,0.796875,0.013896227002987871,0.05650179600343108,49204,49238
6,136,0,1896,64,0.5590625405311584,49,0.765625,0.015495760999328922,0.060457440002210205,49204,49238
6,137,0,1897,64,0.675754725933075,47,0.734375,0.014766387997951824,0.06127946100241388,49204,49238
6,138,0,1898,64,0.575826108455658,50,0.78125,0.015261414999258704,0.06204872099988279,49204,49238
6,139,0,1899,64,0.7258690595626831,49,0.765625,0.015731086998130195,0.06081527099740924,49204,49238
6,140,0,1900,64,0.622326135635376,49,0.765625,0.015803912003320875,0.06064122300085728,49204,49238
6,141,0,1901,64,0.5588101148605347,49,0.765625,0.0153248380011064,0.05981932000213419,49204,49238
6,142,0,1902,64,0.7448593974113464,46,0.71875,0.015761126000143122,0.061547991001134505,49204,49238
6,143,0,1903,64,0.690102756023407,49,0.765625,0.014801730998442508,0.058071763000043575,49204,49238
6,144,0,1904,64,0.6862424612045288,45,0.703125,0.017904017004184425,0.062268394001876004,49204,49238
6,145,0,1905,64,0.5890443921089172,45,0.703125,0.014541710996127222,0.059242375999019714,49204,49238
6,146,0,1906,64,0.5881935954093933,50,0.78125,0.014219463999324944,0.056469733997801086,49204,49238
6,147,0,1907,64,0.5385323762893677,55,0.859375,0.016445862002001377,0.06283402599729015,49204,49238
6,148,0,1908,64,0.5763239860534668,53,0.828125,0.015611778002494248,0.06055820300025516,49204,49238
6,149,0,1909,64,0.6604036092758179,48,0.75,0.014997113004938,0.061671704999753274,49204,49238
6,150,0,1910,64,0.6648714542388916,48,0.75,0.014753425999515457,0.05732617499961634,49204,49238
6,151,0,1911,64,0.628451943397522,50,0.78125,0.014353398997627664,0.061219873001391534,49204,49238
6,152,0,1912,64,0.6385782957077026,52,0.8125,0.014849089999188436,0.05715283700192231,49204,49238
6,153,0,1913,64,0.6238480806350708,52,0.8125,0.014544620000378927,0.05627973500304506,49204,49238
6,154,0,1914,64,0.5738224983215332,54,0.84375,0.014337544002046343,0.05620660000204225,49204,49238
6,155,0,1915,64,0.5861989259719849,53,0.828125,0.01415309799995157,0.05678301400257624,49204,49238
6,156,0,1916,64,0.6462060213088989,50,0.78125,0.014523534002364613,0.05823920500188251,49204,49238
6,157,0,1917,64,0.6164147853851318,46,0.71875,0.014077552998060128,0.05822210499900393,49204,49238
6,158,0,1918,64,0.5877808332443237,54,0.84375,0.013679378000233555,0.055787571996916085,49204,49238
6,159,0,1919,64,0.5258554220199585,52,0.8125,0.013895885000238195,0.056248074000905035,49204,49238
6,160,0,1920,64,0.6205521821975708,51,0.796875,0.0142806349977036,0.057323418997839326,49204,49238
6,161,0,1921,64,0.45491960644721985,55,0.859375,0.014116157999524148,0.056954206000227714,49204,49238
6,162,0,1922,64,0.6545466780662537,48,0.75,0.015725658999144798,0.06440645700058667,49204,49238
6,163,0,1923,64,0.7312644124031067,42,0.65625,0.01750339300269843,0.07711461600047187,49204,49238
6,164,0,1924,64,0.7195161581039429,50,0.78125,0.022423165002692258,0.06943734999731532,49204,49238
6,165,0,1925,64,0.575217604637146,53,0.828125,0.0144331349983986,0.057829771998513024,49204,49238
6,166,0,1926,64,0.5550984144210815,52,0.8125,0.013925215003837366,0.05678005799927632,49204,49238
6,167,0,1927,64,0.44408267736434937,56,0.875,0.014218341995729133,0.05994945099882898,49204,49238
6,168,0,1928,64,0.6688284873962402,52,0.8125,0.016236283001489937,0.05890402799923322,49204,49238
6,169,0,1929,64,0.6690578460693359,50,0.78125,0.01720082999963779,0.06043076099740574,49204,49238
6,170,0,1930,64,0.8408198952674866,48,0.75,0.014781808000407182,0.05940571599785471,49204,49238
6,171,0,1931,64,0.8514734506607056,43,0.671875,0.015128183003980666,0.06472380900231656,49204,49238
6,172,0,1932,64,0.5568572282791138,51,0.796875,0.01448684099887032,0.06750369200017303,49204,49238
6,173,0,1933,64,0.8087855577468872,45,0.703125,0.015483276001759805,0.060649416998785455,49204,49238
6,174,0,1934,64,0.7638776898384094,46,0.71875,0.015657566000299994,0.06065510099870153,49204,49238
6,175,0,1935,64,0.7252241373062134,47,0.734375,0.01687927400416811,0.06085420400268049,49204,49238
6,176,0,1936,64,0.6522502899169922,52,0.8125,0.015118280000024242,0.059214206998149166,49204,49238
6,177,0,1937,64,0.45649954676628113,54,0.84375,0.01464210799895227,0.05694708900045953,49204,49238
6,178,0,1938,64,0.5482280254364014,51,0.796875,0.015422565000335453,0.0614274090003164,49204,49238
6,179,0,1939,64,0.5927814245223999,48,0.75,0.015111281998542836,0.06335328799832496,49204,49238
6,180,0,1940,64,0.6091547012329102,51,0.796875,0.015030045997264097,0.058567505999235436,49204,49238
6,181,0,1941,64,0.5865966081619263,50,0.78125,0.014812867000728147,0.05888236000100733,49204,49238
6,182,0,1942,64,0.5588967800140381,54,0.84375,0.015280455998436082,0.08130596000046353,49204,49238
6,183,0,1943,64,0.7015424966812134,52,0.8125,0.014174187002936378,0.058659572001488414,49204,49238
6,184,0,1944,64,0.6658437252044678,51,0.796875,0.015632244998414535,0.07193677599934745,49204,49238
6,185,0,1945,64,0.587982177734375,51,0.796875,0.014715224999235943,0.058316377999290125,49204,49238
6,186,0,1946,64,0.6965879797935486,47,0.734375,0.01396634499906213,0.05644181499883416,49204,49238
6,187,0,1947,64,0.7473219633102417,44,0.6875,0.016855200999998488,0.06509830499999225,49204,49238
6,188,0,1948,64,0.6898386478424072,49,0.765625,0.013975918001960963,0.0576229689977481,49204,49238
6,189,0,1949,64,0.5088555812835693,57,0.890625,0.016581722000410082,0.06475116299770889,49204,49238
6,190,0,1950,64,0.5296682715415955,55,0.859375,0.016568512000958435,0.07121116900088964,49204,49238
6,191,0,1951,64,0.4401320815086365,55,0.859375,0.015407360002427595,0.06456498400075361,49204,49238
6,192,0,1952,64,0.8086031079292297,47,0.734375,0.014055939001991646,0.06057428800340858,49204,49238
6,193,0,1953,64,0.6624388098716736,51,0.796875,0.014512068999465555,0.0563253190011892,49204,49238
6,194,0,1954,64,0.7156791687011719,48,0.75,0.014562202999513829,0.05671169299967005,49204,49238
6,195,0,1955,64,0.6999091506004333,49,0.765625,0.016249047996097943,0.0653224070010765,49204,49238
6,196,0,1956,64,0.3896868824958801,54,0.84375,0.013930937995610293,0.06075601200063829,49204,49238
6,197,0,1957,64,0.5768418312072754,48,0.75,0.015310317998228129,0.06262989899914828,49204,49238
6,198,0,1958,64,0.7568925619125366,48,0.75,0.01515525700233411,0.06314603099963279,49204,49238
6,199,0,1959,64,0.6918596029281616,50,0.78125,0.016624955002043862,0.05862005300150486,49204,49238
6,200,0,1960,64,0.5904760360717773,50,0.78125,0.014165923996188212,0.06093950899958145,49204,49238
6,201,0,1961,64,0.5511588454246521,50,0.78125,0.01628549599990947,0.06421682099971804,49204,49238
6,202,0,1962,64,0.8487337827682495,48,0.75,0.014449646001594374,0.06291067699930863,49204,49238
6,203,0,1963,64,0.6456670761108398,53,0.828125,0.01673799099808093,0.06147313300243695,49204,49238
6,204,0,1964,64,0.7588088512420654,43,0.671875,0.014979883999330923,0.0640237520019582,49204,49238
6,205,0,1965,64,0.7003065943717957,49,0.765625,0.013502115998562658,0.06440718399971956,49204,49238
6,206,0,1966,64,0.5337629914283752,54,0.84375,0.01392030300485203,0.06026133199702599,49204,49238
6,207,0,1967,64,0.5852680206298828,47,0.734375,0.0147442380002758,0.05571429799965699,49204,49238
6,208,0,1968,64,0.7479908466339111,47,0.734375,0.013842106000083731,0.06012472200018237,49204,49238
6,209,0,1969,64,0.778820276260376,47,0.734375,0.014145551998808514,0.06480793799710227,49204,49238
6,210,0,1970,64,0.6757876873016357,50,0.78125,0.014675878999696579,0.05840495599841233,49204,49238
6,211,0,1971,64,0.5524696111679077,50,0.78125,0.013829399998940062,0.062659867999173,49204,49238
6,212,0,1972,64,0.6187249422073364,49,0.765625,0.014598114998079836,0.05897787199864979,49204,49238
6,213,0,1973,64,0.47194868326187134,54,0.84375,0.01387890600017272,0.058090236998395994,49204,49238
6,214,0,1974,64,0.6414139866828918,48,0.75,0.0147703230031766,0.05865169800017611,49204,49238
6,215,0,1975,64,0.9308148622512817,48,0.75,0.016936895000981167,0.06640693000008469,49204,49238
6,216,0,1976,64,0.5916761159896851,48,0.75,0.014678275998448953,0.06254436800008989,49204,49238
6,217,0,1977,64,0.5510717034339905,51,0.796875,0.013831401000061305,0.055813751998357475,49204,49238
6,218,0,1978,64,0.5714412331581116,54,0.84375,0.01520870500098681,0.06553338400044595,49204,49238
6,219,0,1979,64,0.47106724977493286,52,0.8125,0.013885874999687076,0.05875257200023043,49204,49238
6,220,0,1980,64,0.7339754700660706,46,0.71875,0.015169643000263022,0.06560476899903733,49204,49238
6,221,0,1981,64,0.6287711262702942,52,0.8125,0.014356600000610342,0.05869147599878488,49204,49238
6,222,0,1982,64,0.46403396129608154,54,0.84375,0.014188552999257809,0.06109129499964183,49204,49238
6,223,0,1983,64,0.5431256294250488,52,0.8125,0.01663939300487982,0.06555307899907348,49204,49238
6,224,0,1984,64,0.6225782632827759,48,0.75,0.017264483001781628,0.06331206300092163,49204,49238
6,225,0,1985,64,0.4818957448005676,54,0.84375,0.014552992004610132,0.05947369699788396,49204,49238
6,226,0,1986,64,0.885592520236969,40,0.625,0.018395290997432312,0.06731595599922002,49204,49238
6,227,0,1987,64,0.6041755676269531,48,0.75,0.015425587000208907,0.06328081099854899,49204,49238
6,228,0,1988,64,0.5906842947006226,51,0.796875,0.017732016003719764,0.06643149000228732,49204,49238
6,229,0,1989,64,0.7364621162414551,47,0.734375,0.017766205997759243,0.06610374899901217,49204,49238
6,230,0,1990,64,0.8763381242752075,47,0.734375,0.015497396001592278,0.05946588900042116,49204,49238
6,231,0,1991,64,0.512036919593811,51,0.796875,0.015165548997174483,0.05990672600091784,49204,49238
6,232,0,1992,64,0.5589474439620972,52,0.8125,0.015879192000284093,0.0642269350028073,49204,49238
6,233,0,1993,64,0.5218679904937744,53,0.828125,0.015217052001389675,0.07256278999921051,49204,49238
6,234,0,1994,64,0.6858030557632446,50,0.78125,0.015362357000412885,0.06121375400107354,49204,49238
6,235,0,1995,64,0.6592113375663757,53,0.828125,0.015068209999299143,0.06370473600327387,49204,49238
6,236,0,1996,64,0.5919408798217773,51,0.796875,0.014928367003449239,0.06046050599979935,49204,49238
6,237,0,1997,64,0.32679516077041626,53,0.828125,0.015738208003313048,0.06619854599921382,49204,49238
6,238,0,1998,64,0.5894423723220825,50,0.78125,0.015368848002253799,0.06112105099964538,49204,49238
6,239,0,1999,64,0.6357991099357605,48,0.75,0.018448296999849845,0.06526213899996947,49204,49238
6,240,0,2000,64,0.8125574588775635,43,0.671875,0.015906751996226376,0.06025947499801987,49204,49238
6,241,0,2001,64,0.9847421646118164,42,0.65625,0.016084951999800978,0.07362425400060602,49204,49238
6,242,0,2002,64,0.6317654252052307,47,0.734375,0.015253174999088515,0.06298263700227835,49204,49238
6,243,0,2003,64,0.719080924987793,48,0.75,0.015524004000326386,0.06109204700260307,49204,49238
6,244,0,2004,64,0.6062799692153931,51,0.796875,0.015706729001976782,0.0653767500007234,49204,49238
6,245,0,2005,64,0.6680120229721069,51,0.796875,0.01599400700069964,0.062199248000979424,49204,49238
6,246,0,2006,64,0.6229530572891235,51,0.796875,0.015413041001011152,0.0588906049997604,49204,49238
6,247,0,2007,64,0.39264678955078125,55,0.859375,0.014727804998983629,0.0697245400006068,49204,49238
6,248,0,2008,64,0.6839547157287598,48,0.75,0.014823079996858723,0.05756872200072394,49204,49238
6,249,0,2009,64,0.3249719738960266,59,0.921875,0.016380389999540057,0.06527890199868125,49204,49238
6,250,0,2010,64,0.5832811594009399,50,0.78125,0.015631415000825655,0.06166178800049238,49204,49238
6,251,0,2011,64,0.4721052348613739,53,0.828125,0.014740128004632425,0.06845195099958801,49204,49238
6,252,0,2012,64,0.7935982942581177,46,0.71875,0.014613578001444694,0.0590672899998026,49204,49238
6,253,0,2013,64,0.49789324402809143,53,0.828125,0.015180002999841236,0.0577056830006768,49204,49238
6,254,0,2014,64,0.5064929127693176,51,0.796875,0.015266515998519026,0.05954338199808262,49204,49238
6,255,0,2015,64,0.4547085165977478,51,0.796875,0.01447106200066628,0.06250497800283483,49204,49238
6,256,0,2016,64,0.4589153826236725,54,0.84375,0.014812870998866856,0.0599767530002282,49204,49238
6,257,0,2017,64,0.566285252571106,54,0.84375,0.017252418998396024,0.0677581560012186,49204,49238
6,258,0,2018,64,0.3913179636001587,54,0.84375,0.015439437003806233,0.05816775899802451,49204,49238
6,259,0,2019,64,1.0472962856292725,46,0.71875,0.015477223001653329,0.05956865999905858,49204,49238
6,260,0,2020,64,0.6792786121368408,44,0.6875,0.014958104002289474,0.05814537599871983,49204,49238
6,261,0,2021,64,0.5391578674316406,48,0.75,0.014593002997571602,0.06066752300102962,49204,49238
6,262,0,2022,64,0.7702107429504395,48,0.75,0.014446963999944273,0.06420655599868041,49204,49238
6,263,0,2023,64,0.5073450803756714,54,0.84375,0.014902809001796413,0.0570438849972561,49204,49238
6,264,0,2024,64,0.4935266375541687,52,0.8125,0.014267558999563335,0.0622380360000534,49204,49238
6,265,0,2025,64,0.5225579142570496,51,0.796875,0.014487735003058333,0.062202364002587274,49204,49238
6,266,0,2026,64,0.4279886484146118,55,0.859375,0.014233586996851955,0.06370698699902277,49204,49238
6,267,0,2027,64,0.5528138279914856,53,0.828125,0.017228271000931272,0.06706137799847056,49204,49238
6,268,0,2028,64,0.5942840576171875,51,0.796875,0.015119004998268792,0.06076135900002555,49204,49238
6,269,0,2029,64,0.5409749746322632,50,0.78125,0.016246688002865994,0.0631999330034887,49204,49238
6,270,0,2030,64,0.7594159841537476,45,0.703125,0.017231171997991623,0.06254510900180321,49204,49238
6,271,0,2031,64,0.710049033164978,47,0.734375,0.014668692998384358,0.0605669479991775,49204,49238
6,272,0,2032,64,0.5844365954399109,51,0.796875,0.015131388998270268,0.06327137700282037,49204,49238
6,273,0,2033,64,0.5830546617507935,51,0.796875,0.015477664001082303,0.06053318700287491,49204,49238
6,274,0,2034,64,0.6730949878692627,48,0.75,0.01777880499867024,0.06828593899990665,49204,49238
6,275,0,2035,64,0.46129411458969116,53,0.828125,0.017312121999566443,0.06474877299842774,49204,49238
6,276,0,2036,64,0.421448290348053,53,0.828125,0.015959409003698966,0.06329830799950287,49204,49238
6,277,0,2037,64,0.5607174634933472,51,0.796875,0.015785798997967504,0.05941439299931517,49204,49238
6,278,0,2038,64,0.4820898473262787,53,0.828125,0.015378400003100978,0.058331798998551676,49204,49238
6,279,0,2039,64,0.5725235939025879,53,0.828125,0.01667123500010348,0.06678132500019274,49204,49238
6,280,0,2040,64,0.7628703713417053,46,0.71875,0.015188532997854054,0.05726027800119482,49204,49238
6,281,0,2041,64,0.7029414176940918,46,0.71875,0.01725661100135767,0.0592336579975381,49204,49238
6,282,0,2042,64,0.6419479846954346,54,0.84375,0.01741755699913483,0.06010804399920744,49204,49238
6,283,0,2043,64,0.5715757608413696,48,0.75,0.014625508003518917,0.05994210299832048,49204,49238
6,284,0,2044,64,0.8100224733352661,47,0.734375,0.015975158999935957,0.058956075001333375,49204,49238
6,285,0,2045,64,0.8268514275550842,46,0.71875,0.015865772995312,0.057882486002199585,49204,49238
6,286,0,2046,64,0.7039802074432373,46,0.71875,0.01422145200194791,0.06397136200030218,49204,49238
6,287,0,2047,64,0.6166068315505981,50,0.78125,0.01687199699881603,0.0601930579978216,49204,49238
6,288,0,2048,64,0.5894302129745483,54,0.84375,0.013690259998838883,0.06402317200263496,49204,49238
6,289,0,2049,64,0.656693696975708,44,0.6875,0.016053555998951197,0.06416374900072697,49204,49238
6,290,0,2050,64,0.9635345339775085,43,0.671875,0.017139625000709202,0.06002310500116437,49204,49238
6,291,0,2051,64,0.8181890845298767,43,0.671875,0.016541935998247936,0.061636484002519865,49204,49238
6,292,0,2052,64,0.649561882019043,49,0.765625,0.014996750000136672,0.060619249001319986,49204,49238
6,293,0,2053,64,0.7279020547866821,45,0.703125,0.014089162003074307,0.05902700200022082,49204,49238
6,294,0,2054,64,0.5829434394836426,49,0.765625,0.015832200002478203,0.06369123400145327,49204,49238
6,295,0,2055,64,0.5983278155326843,53,0.828125,0.015686580998590216,0.06173065199982375,49204,49238
6,296,0,2056,64,0.5768371820449829,52,0.8125,0.015322057999583194,0.06034754500069539,49204,49238
6,297,0,2057,64,0.5173248052597046,54,0.84375,0.01672796100319829,0.06418781699903775,49204,49238
6,298,0,2058,64,0.6905480623245239,45,0.703125,0.016333253002812853,0.059332225002435734,49204,49238
6,299,0,2059,64,0.689560055732727,46,0.71875,0.01522160200329381,0.06165530799989938,49204,49238
6,300,0,2060,64,0.6731913089752197,44,0.6875,0.014059297001949744,0.06213320999813732,49204,49238
6,301,0,2061,64,0.7402468919754028,45,0.703125,0.01736569299828261,0.06115310200038948,49204,49238
6,302,0,2062,64,0.7530723214149475,45,0.703125,0.013856148001650581,0.06428391200097394,49204,49238
6,303,0,2063,64,0.5669924020767212,52,0.8125,0.016916161999688484,0.062244094002380734,49204,49238
6,304,0,2064,64,0.5219959020614624,54,0.84375,0.015410088002681732,0.07101748300192412,49204,49238
6,305,0,2065,64,0.6352547407150269,50,0.78125,0.016568911996728275,0.061753361998853507,49204,49238
6,306,0,2066,64,0.5592691898345947,52,0.8125,0.016373799000575673,0.05944967700270354,49204,49238
6,307,0,2067,64,0.8052675127983093,49,0.765625,0.016009216004022164,0.05871384299825877,49204,49238
6,308,0,2068,64,0.6038657426834106,54,0.84375,0.016015866000088863,0.0621906910018879,49204,49238
6,309,0,2069,64,0.4811919629573822,52,0.8125,0.017242573001567507,0.06438359399908222,49204,49238
6,310,0,2070,64,0.517085611820221,53,0.828125,0.014520037002512254,0.057780882001679856,49204,49238
6,311,0,2071,64,0.779043972492218,48,0.75,0.016175432996533345,0.058305963000748307,49204,49238
6,312,0,2072,64,0.45727986097335815,56,0.875,0.015380051001557149,0.06119438400128274,49204,49238
6,313,0,2073,64,0.7279704809188843,41,0.640625,0.016801482997834682,0.060242044000915485,49204,49238
6,314,0,2074,64,0.4048290252685547,56,0.875,0.014381353001226671,0.06286141799864708,49204,49238
6,315,0,2075,64,0.7321809530258179,51,0.796875,0.013972708999062888,0.05824543100243318,49204,49238
6,316,0,2076,64,0.5348542928695679,51,0.796875,0.014582909003365785,0.060335066002153326,49204,49238
6,317,0,2077,64,0.6029598116874695,53,0.828125,0.01564093700289959,0.06552076800289797,49204,49238
6,318,0,2078,64,0.7307435274124146,48,0.75,0.014628640998125775,0.05722366299960413,49204,49238
6,319,0,2079,64,0.5798560380935669,51,0.796875,0.014389277996087912,0.05996028200024739,49204,49238
6,320,0,2080,64,0.6299386024475098,52,0.8125,0.016450915001769317,0.06172321000121883,49204,49238
6,321,0,2081,64,0.5982211828231812,49,0.765625,0.017709555999317672,0.06419516800087877,49204,49238
6,322,0,2082,64,0.4623693525791168,55,0.859375,0.015655070001230342,0.06219897999835666,49204,49238
6,323,0,2083,64,0.6964024901390076,47,0.734375,0.01685095700304373,0.06476052700236323,49204,49238
6,324,0,2084,64,0.6570305824279785,50,0.78125,0.014112598000792786,0.05862513000101899,49204,49238
6,325,0,2085,64,0.5562029480934143,52,0.8125,0.015232490000926191,0.06747992999953567,49204,49238
6,326,0,2086,64,0.6759226322174072,47,0.734375,0.015400110998598393,0.06048070799806737,49204,49238
6,327,0,2087,64,0.5104501247406006,52,0.8125,0.01363440600107424,0.060005192000971874,49204,49238
6,328,0,2088,64,0.46835172176361084,53,0.828125,0.014217094001651276,0.060573859002033714,49204,49238
6,329,0,2089,64,0.6035411357879639,48,0.75,0.014864484997815453,0.06288172399945324,49204,49238
6,330,0,2090,64,0.4749715328216553,55,0.859375,0.014141772000584751,0.06520439000087208,49204,49238
6,331,0,2091,64,0.6018731594085693,51,0.796875,0.014146336001431337,0.059809059002873255,49204,49238
6,332,0,2092,64,0.7652644515037537,44,0.6875,0.01408726400040905,0.057996692001324845,49204,49238
6,333,0,2093,64,0.5038580298423767,50,0.78125,0.015441736002685502,0.06095804600045085,49204,49238
6,334,0,2094,64,0.5669848918914795,52,0.8125,0.014214439001079882,0.057235198000853416,49204,49238
6,335,0,2095,64,0.6815752983093262,48,0.75,0.013970724001410417,0.06366619300024468,49204,49238
6,336,0,2096,64,0.4430367946624756,53,0.828125,0.016544728001463227,0.05893182900035754,49204,49238
6,337,0,2097,64,0.6582508683204651,46,0.71875,0.013998880000144709,0.06071160400097142,49204,49238
6,338,0,2098,64,0.6853761076927185,47,0.734375,0.013979627001390327,0.06101614499857533,49204,49238
6,339,0,2099,64,0.5926725268363953,51,0.796875,0.0151668750004319,0.06024127300042892,49204,49238
6,340,0,2100,64,0.7144100666046143,46,0.71875,0.014653099999122787,0.05752767599915387,49204,49238
6,341,0,2101,64,0.5850963592529297,49,0.765625,0.016097122999781277,0.059432388999994146,49204,49238
6,342,0,2102,64,0.5611706972122192,53,0.828125,0.01470026600145502,0.060989530000369996,49204,49238
6,343,0,2103,64,0.4854326844215393,55,0.859375,0.014288379999925382,0.0564718850000645,49204,49238
6,344,0,2104,64,0.6415242552757263,52,0.8125,0.014453679003054276,0.06029117299840436,49204,49238
6,345,0,2105,64,0.39487379789352417,56,0.875,0.016809461998491315,0.060796171997935744,49204,49238
6,346,0,2106,64,0.6383150219917297,49,0.765625,0.018918355002824683,0.06620918300177436,49204,49238
6,347,0,2107,64,0.720029890537262,48,0.75,0.014356678999320138,0.05724067299888702,49204,49238
6,348,0,2108,64,0.6384977102279663,49,0.765625,0.016315845005010488,0.06282230900251307,49204,49238
6,349,0,2109,64,0.6206110119819641,52,0.8125,0.015532293997239321,0.06131650899988017,49204,49238
6,350,0,2110,64,0.6959196925163269,47,0.734375,0.01611242099897936,0.06150155900104437,49204,49238
6,351,0,2111,36,0.5743797421455383,27,0.75,0.013589113001216901,0.05424782899717684,27699,27733
7,0,0,2112,64,0.649061381816864,52,0.8125,0.013814541001920588,0.0590289430001576,49204,49238
7,1,0,2113,64,0.4364529848098755,55,0.859375,0.014263700002629776,0.06233503600014956,49204,49238
7,2,0,2114,64,0.34898442029953003,57,0.890625,0.014007722998940153,0.06142860399995698,49204,49238
7,3,0,2115,64,0.45282211899757385,55,0.859375,0.015536869999777991,0.05929145300251548,49204,49238
7,4,0,2116,64,0.3554888367652893,56,0.875,0.015144126999075525,0.06165845900250133,49204,49238
7,5,0,2117,64,0.4017295837402344,57,0.890625,0.014050720998056931,0.05690024100113078,49204,49238
7,6,0,2118,64,0.42068690061569214,52,0.8125,0.014362093999807257,0.06234909500199137,49204,49238
7,7,0,2119,64,0.44732990860939026,54,0.84375,0.02320740799768828,0.0730296020010428,49204,49238
7,8,0,2120,64,0.44213467836380005,53,0.828125,0.01668864200109965,0.06506664699918474,49204,49238
7,9,0,2121,64,0.699531078338623,46,0.71875,0.014388829997187713,0.06104227799733053,49204,49238
7,10,0,2122,64,0.43779122829437256,51,0.796875,0.016339727000740822,0.06450641799892765,49204,49238
7,11,0,2123,64,0.4603956341743469,55,0.859375,0.01506135199815617,0.060607834999245824,49204,49238
7,12,0,2124,64,0.6636391878128052,50,0.78125,0.014076971994654741,0.059702115002437495,49204,49238
7,13,0,2125,64,0.5569351315498352,49,0.765625,0.015705013000115287,0.06631172600100399,49204,49238
7,14,0,2126,64,0.6660948991775513,45,0.703125,0.0170155080013501,0.06855748999805655,49204,49238
7,15,0,2127,64,0.40735554695129395,56,0.875,0.01452246299595572,0.05917073399905348,49204,49238
7,16,0,2128,64,0.6308506727218628,50,0.78125,0.016376038998714648,0.06645880400174065,49204,49238
7,17,0,2129,64,0.5032825469970703,52,0.8125,0.01607912200051942,0.058247828997991746,49204,49238
7,18,0,2130,64,0.30688410997390747,59,0.921875,0.015375994000351056,0.061627695002243854,49204,49238
7,19,0,2131,64,0.25662457942962646,58,0.90625,0.014003650998347439,0.06148567000127514,49204,49238
7,20,0,2132,64,0.39185231924057007,56,0.875,0.019984769998700358,0.06968049200077076,49204,49238
7,21,0,2133,64,0.40550315380096436,55,0.859375,0.017056737997336313,0.06632149299912271,49204,49238
7,22,0,2134,64,0.33310025930404663,55,0.859375,0.015993239998351783,0.05665727099767537,49204,49238
7,23,0,2135,64,0.36777663230895996,55,0.859375,0.014659831002063584,0.055581360997166485,49204,49238
7,24,0,2136,64,0.45239078998565674,56,0.875,0.01520472499760217,0.0594176909980888,49204,49238
7,25,0,2137,64,0.46887820959091187,54,0.84375,0.016500997997354716,0.06011651800145046,49204,49238
7,26,0,2138,64,0.32616913318634033,57,0.890625,0.013764872001047479,0.059701823000068543,49204,49238
7,27,0,2139,64,0.44660526514053345,54,0.84375,0.01544247399942833,0.05869278200043482,49204,49238
7,28,0,2140,64,0.5338672399520874,53,0.828125,0.015008016998763196,0.059982828999636695,49204,49238
7,29,0,2141,64,0.4699206054210663,55,0.859375,0.01352666600359953,0.060571645000891294,49204,49238
7,30,0,2142,64,0.44710469245910645,53,0.828125,0.014226286995835835,0.06328852099977667,49204,49238
7,31,0,2143,64,0.47714871168136597,54,0.84375,0.014122077995125437,0.06400004999886733,49204,49238
7,32,0,2144,64,0.5063602328300476,49,0.765625,0.01383802099735476,0.060163755999383284,49204,49238
7,33,0,2145,64,0.36685413122177124,57,0.890625,0.013753981002082583,0.06551736400069785,49204,49238
7,34,0,2146,64,0.4674300253391266,55,0.859375,0.014720074999786448,0.06253526299769874,49204,49238
7,35,0,2147,64,0.4693833589553833,55,0.859375,0.016034227999625728,0.05950321099953726,49204,49238
7,36,0,2148,64,0.5576648712158203,50,0.78125,0.014888159003021428,0.05842625799778034,49204,49238
7,37,0,2149,64,0.45305997133255005,56,0.875,0.0160732590011321,0.057889715000783326,49204,49238
7,38,0,2150,64,0.40307673811912537,57,0.890625,0.01595502200143528,0.061588798998855054,49204,49238
7,39,0,2151,64,0.44646692276000977,55,0.859375,0.014196228999935556,0.056392930000583874,49204,49238
7,40,0,2152,64,0.3794795870780945,55,0.859375,0.014011757000844227,0.05864140500125359,49204,49238
7,41,0,2153,64,0.5301978588104248,50,0.78125,0.016050530997745227,0.06218172700027935,49204,49238
7,42,0,2154,64,0.5164476037025452,53,0.828125,0.014129102000879357,0.05622280600073282,49204,49238
7,43,0,2155,64,0.44190606474876404,54,0.84375,0.014333552000607597,0.06440682699758327,49204,49238
7,44,0,2156,64,0.4829307496547699,52,0.8125,0.013462709001032636,0.05589599599989015,49204,49238
7,45,0,2157,64,0.49860528111457825,53,0.828125,0.013766326002951246,0.058333319997473154,49204,49238
7,46,0,2158,64,0.3774767518043518,54,0.84375,0.015732006999314763,0.05753556700074114,49204,49238
7,47,0,2159,64,0.4652053415775299,53,0.828125,0.013567955003964016,0.05724283100062166,49204,49238
7,48,0,2160,64,0.40420493483543396,57,0.890625,0.01545623899801285,0.05661017600141349,49204,49238
7,49,0,2161,64,0.3935740888118744,56,0.875,0.01335974700123188,0.05585766600052011,49204,49238
7,50,0,2162,64,0.39844241738319397,53,0.828125,0.015270912001142278,0.0609896989990375,49204,49238
7,51,0,2163,64,0.375937819480896,54,0.84375,0.015582349999021972,0.05740685199998552,49204,49238
7,52,0,2164,64,0.6353018879890442,47,0.734375,0.016741212999477284,0.06405599400022766,49204,49238
7,53,0,2165,64,0.4730053246021271,53,0.828125,0.014717177000420634,0.06530377500166651,49204,49238
7,54,0,2166,64,0.2823699116706848,61,0.953125,0.016472913001052802,0.061110253001970705,49204,49238
7,55,0,2167,64,0.4929059147834778,50,0.78125,0.014781369001866551,0.06580283600123948,49204,49238
7,56,0,2168,64,0.2680727243423462,59,0.921875,0.013766284999292111,0.06216235000101733,49204,49238
7,57,0,2169,64,0.3006739318370819,60,0.9375,0.014019860998814693,0.06155678199866088,49204,49238
7,58,0,2170,64,0.4218440055847168,55,0.859375,0.014737941997736925,0.057164425001246855,49204,49238
7,59,0,2171,64,0.6105667948722839,50,0.78125,0.014238959000067553,0.05992145499840262,49204,49238
7,60,0,2172,64,0.33092623949050903,57,0.890625,0.014991725998697802,0.05628104200150119,49204,49238
7,61,0,2173,64,0.7053868174552917,51,0.796875,0.014780175999476342,0.0587423460019636,49204,49238
7,62,0,2174,64,0.3219941556453705,55,0.859375,0.013961229000415187,0.06148939199920278,49204,49238
7,63,0,2175,64,0.4328445792198181,54,0.84375,0.013714374003029661,0.0571540980017744,49204,49238
7,64,0,2176,64,0.37237638235092163,57,0.890625,0.015027390996692702,0.05911512800230412,49204,49238
7,65,0,2177,64,0.48837172985076904,53,0.828125,0.01579918599964003,0.05884176499966998,49204,49238
7,66,0,2178,64,0.3930210769176483,58,0.90625,0.014796587001910666,0.06195428799765068,49204,49238
7,67,0,2179,64,0.5664758682250977,51,0.796875,0.015527286999713397,0.05769725100253709,49204,49238
7,68,0,2180,64,0.4045710563659668,56,0.875,0.013994402001117123,0.05786126899693045,49204,49238
7,69,0,2181,64,0.41710975766181946,55,0.859375,0.015149041999393376,0.059165466002014,49204,49238
7,70,0,2182,64,0.6499550342559814,49,0.765625,0.014696058999106754,0.05682372899900656,49204,49238
7,71,0,2183,64,0.3316808342933655,56,0.875,0.013857251997251296,0.0615527510017273,49204,49238
7,72,0,2184,64,0.41256582736968994,56,0.875,0.014009824997629039,0.06568204599898309,49204,49238
7,73,0,2185,64,0.40618816018104553,54,0.84375,0.014083612997637829,0.0586323249990528,49204,49238
7,74,0,2186,64,0.40308576822280884,53,0.828125,0.014793559999816353,0.05831892199785216,49204,49238
7,75,0,2187,64,0.545903742313385,53,0.828125,0.013775788000202738,0.058313397999882,49204,49238
7,76,0,2188,64,0.4962350130081177,51,0.796875,0.015127569997275714,0.05861963600182207,49204,49238
7,77,0,2189,64,0.34548112750053406,59,0.921875,0.01419228500162717,0.060344364999764366,49204,49238
7,78,0,2190,64,0.36034131050109863,57,0.890625,0.015373949998320313,0.06192653800098924,49204,49238
7,79,0,2191,64,0.6521528959274292,52,0.8125,0.014267607999499887,0.05836482199811144,49204,49238
7,80,0,2192,64,0.38858601450920105,54,0.84375,0.013561379000748275,0.055389599001500756,49204,49238
7,81,0,2193,64,0.3857547342777252,57,0.890625,0.014251720000174828,0.05959562300267862,49204,49238
7,82,0,2194,64,0.5360264778137207,50,0.78125,0.016703078003047267,0.0614709839974239,49204,49238
7,83,0,2195,64,0.5445055365562439,52,0.8125,0.013983128003019374,0.058347247999336105,49204,49238
7,84,0,2196,64,0.41697269678115845,53,0.828125,0.01383951000389061,0.06041518100028043,49204,49238
7,85,0,2197,64,0.2811647057533264,60,0.9375,0.014778221000597114,0.057046879999688827,49204,49238
7,86,0,2198,64,0.40965569019317627,55,0.859375,0.015373530000942992,0.06506481099859229,49204,49238
7,87,0,2199,64,0.4397202730178833,55,0.859375,0.014424448996578576,0.058557271000609035,49204,49238
7,88,0,2200,64,0.40833598375320435,54,0.84375,0.014427963997150073,0.056380701000307454,49204,49238
7,89,0,2201,64,0.44566333293914795,56,0.875,0.01466841699948418,0.06153181699846755,49204,49238
7,90,0,2202,64,0.25658148527145386,59,0.921875,0.015045933996589156,0.060324120000586845,49204,49238
7,91,0,2203,64,0.46417009830474854,51,0.796875,0.014433047002967214,0.0640766589967825,49204,49238
7,92,0,2204,64,0.3949242830276489,56,0.875,0.014281263000157196,0.05838832700101193,49204,49238
7,93,0,2205,64,0.38279932737350464,56,0.875,0.014443043000937905,0.05606757400164497,49204,49238
7,94,0,2206,64,0.4844015836715698,54,0.84375,0.014731635998032289,0.055495353997685015,49204,49238
7,95,0,2207,64,0.5461708307266235,55,0.859375,0.013831366999511374,0.05690399999730289,49204,49238
7,96,0,2208,64,0.5346339344978333,51,0.796875,0.014096105998760322,0.055630237999139354,49204,49238
7,97,0,2209,64,0.576087474822998,50,0.78125,0.014703636999911396,0.059398989000328584,49204,49238
7,98,0,2210,64,0.556252658367157,51,0.796875,0.014230750002752757,0.05850003800151171,49204,49238
7,99,0,2211,64,0.5636171102523804,49,0.765625,0.016910055997868767,0.06033961099819862,49204,49238
7,100,0,2212,64,0.32526296377182007,60,0.9375,0.014227070998458657,0.06128259000252001,49204,49238
7,101,0,2213,64,0.42995062470436096,58,0.90625,0.016584545002842788,0.06987423399914405,49204,49238
7,102,0,2214,64,0.3363584876060486,57,0.890625,0.017905749002238736,0.06886354000016581,49204,49238
7,103,0,2215,64,0.4845818281173706,50,0.78125,0.015809173000889132,0.06351208000342012,49204,49238
7,104,0,2216,64,0.6620703935623169,48,0.75,0.014045415999135002,0.05568002499785507,49204,49238
7,105,0,2217,64,0.44864794611930847,56,0.875,0.014714080996782286,0.05775554000138072,49204,49238
7,106,0,2218,64,0.5086063146591187,53,0.828125,0.01537339499918744,0.0645227570021234,49204,49238
7,107,0,2219,64,0.38563546538352966,56,0.875,0.014163237003231188,0.0594787530026224,49204,49238
7,108,0,2220,64,0.6044935584068298,49,0.765625,0.015518223997787572,0.05848682500072755,49204,49238
7,109,0,2221,64,0.23373141884803772,59,0.921875,0.013462389000778785,0.056030087998806266,49204,49238
7,110,0,2222,64,0.373864084482193,57,0.890625,0.014058128999749897,0.056718753003224265,49204,49238
7,111,0,2223,64,0.3740813732147217,56,0.875,0.014968395000323653,0.06707056300001568,49204,49238
7,112,0,2224,64,0.5159256458282471,54,0.84375,0.013552346998039866,0.05372249200081569,49204,49238
7,113,0,2225,64,0.3737339973449707,55,0.859375,0.015246197999658762,0.060986361000686884,49204,49238
7,114,0,2226,64,0.43953049182891846,55,0.859375,0.015914134994091,0.05822856099985074,49204,49238
7,115,0,2227,64,0.4137544631958008,56,0.875,0.01589419599986286,0.05898325600355747,49204,49238
7,116,0,2228,64,0.34283608198165894,55,0.859375,0.01636270900053205,0.06754655099939555,49204,49238
7,117,0,2229,64,0.475443959236145,52,0.8125,0.014656633997219615,0.06095869399723597,49204,49238
7,118,0,2230,64,0.3345924913883209,58,0.90625,0.017397119001543615,0.06331779200263554,49204,49238
7,119,0,2231,64,0.430789053440094,57,0.890625,0.01464920800208347,0.057440267999481875,49204,49238
7,120,0,2232,64,0.41676515340805054,52,0.8125,0.014313068997580558,0.057438398001977475,49204,49238
7,121,0,2233,64,0.4688876271247864,52,0.8125,0.015440458999364637,0.06492815599995083,49204,49238
7,122,0,2234,64,0.44184941053390503,54,0.84375,0.015067623997310875,0.05914185599976918,49204,49238
7,123,0,2235,64,0.3776060938835144,55,0.859375,0.014174738000292564,0.0557089760004601,49204,49238
7,124,0,2236,64,0.5031391382217407,54,0.84375,0.013921443998697214,0.05882621300042956,49204,49238
7,125,0,2237,64,0.5144159197807312,53,0.828125,0.014863496999169001,0.060470399002952036,49204,49238
7,126,0,2238,64,0.39718979597091675,57,0.890625,0.014519576001475798,0.05979795699749957,49204,49238
7,127,0,2239,64,0.4951760172843933,53,0.828125,0.013810740001645172,0.060583729999052593,49204,49238
7,128,0,2240,64,0.33165115118026733,58,0.90625,0.01426072899630526,0.05927782000071602,49204,49238
7,129,0,2241,64,0.5488215684890747,52,0.8125,0.014997382000728976,0.05838662300084252,49204,49238
7,130,0,2242,64,0.5592965483665466,53,0.828125,0.013994349999848055,0.06507450500066625,49204,49238
7,131,0,2243,64,0.4366406500339508,55,0.859375,0.014677054998173844,0.061948525999468984,49204,49238
7,132,0,2244,64,0.62204909324646,53,0.828125,0.013815178001095774,0.054492493996804114,49204,49238
7,133,0,2245,64,0.3147885799407959,59,0.921875,0.015506031002587406,0.057520878999639535,49204,49238
7,134,0,2246,64,0.5816985964775085,48,0.75,0.014615472999139456,0.061477519000618486,49204,49238
7,135,0,2247,64,0.32530125975608826,57,0.890625,0.016800775003503077,0.06754237099812599,49204,49238
7,136,0,2248,64,0.587857186794281,51,0.796875,0.014222981997590978,0.05616676299905521,49204,49238
7,137,0,2249,64,0.6417374610900879,51,0.796875,0.014198888002283638,0.058414619001268875,49204,49238
7,138,0,2250,64,0.42382192611694336,55,0.859375,0.013865403998352122,0.05978977900304017,49204,49238
7,139,0,2251,64,0.3164275884628296,59,0.921875,0.014492441001493717,0.058053589000337524,49204,49238
7,140,0,2252,64,0.5453112125396729,53,0.828125,0.013706573001400102,0.05558168199786451,49204,49238
7,141,0,2253,64,0.5087945461273193,51,0.796875,0.015636102001735708,0.06257987099888851,49204,49238
7,142,0,2254,64,0.40512245893478394,53,0.828125,0.014780196997890016,0.06028892000176711,49204,49238
7,143,0,2255,64,0.42840102314949036,57,0.890625,0.013776349998806836,0.06506079700193368,49204,49238
7,144,0,2256,64,0.5049326419830322,49,0.765625,0.014163803003611974,0.06141865699828486,49204,49238
7,145,0,2257,64,0.3120564818382263,57,0.890625,0.01571311199950287,0.06040242499875603,49204,49238
7,146,0,2258,64,0.5806877613067627,53,0.828125,0.014118525999947451,0.06279694399927394,49204,49238
7,147,0,2259,64,0.5393607020378113,49,0.765625,0.013939303004008252,0.05705256999863195,49204,49238
7,148,0,2260,64,0.536739706993103,52,0.8125,0.0175549499981571,0.06466839100176003,49204,49238
7,149,0,2261,64,0.5075297355651855,53,0.828125,0.014214099999662722,0.062299741999595426,49204,49238
7,150,0,2262,64,0.41426002979278564,55,0.859375,0.01686610999968252,0.062280378999275854,49204,49238
7,151,0,2263,64,0.31405144929885864,59,0.921875,0.014064707000216004,0.06034300300234463,49204,49238
7,152,0,2264,64,0.32474634051322937,58,0.90625,0.013815640999382595,0.06218857599742478,49204,49238
7,153,0,2265,64,0.4554908275604248,51,0.796875,0.018742666001344332,0.060449393997259904,49204,49238
7,154,0,2266,64,0.4655686616897583,53,0.828125,0.014136088997474872,0.062472901001456194,49204,49238
7,155,0,2267,64,0.394059956073761,54,0.84375,0.01429454800017993,0.05875762000141549,49204,49238
7,156,0,2268,64,0.36320701241493225,61,0.953125,0.014264765002735658,0.05742346600163728,49204,49238
7,157,0,2269,64,0.36883866786956787,55,0.859375,0.014332676997582894,0.061885841001640074,49204,49238
7,158,0,2270,64,0.4514777362346649,57,0.890625,0.015706611000496196,0.05791186700298567,49204,49238
7,159,0,2271,64,0.5020639896392822,54,0.84375,0.015027377001388231,0.06224596099855262,49204,49238
7,160,0,2272,64,0.3592638373374939,57,0.890625,0.015026604000013322,0.06030549400020391,49204,49238
7,161,0,2273,64,0.41972577571868896,57,0.890625,0.014218304000678472,0.06146368799818447,49204,49238
7,162,0,2274,64,0.35467100143432617,57,0.890625,0.014746028999070404,0.0632361600000877,49204,49238
7,163,0,2275,64,0.4878824055194855,52,0.8125,0.014700078001624206,0.06473898100011866,49204,49238
7,164,0,2276,64,0.4125956892967224,56,0.875,0.014306025997939287,0.0646978320000926,49204,49238
7,165,0,2277,64,0.5052393674850464,50,0.78125,0.016440660001535434,0.062189347998355515,49204,49238
7,166,0,2278,64,0.3648940324783325,56,0.875,0.01393818899668986,0.07441701999778161,49204,49238
7,167,0,2279,64,0.4929761290550232,54,0.84375,0.01699828400160186,0.059832438000739785,49204,49238
7,168,0,2280,64,0.5490826368331909,52,0.8125,0.01511864200074342,0.062460986999212764,49204,49238
7,169,0,2281,64,0.3615918755531311,58,0.90625,0.016394450001826044,0.06586801500088768,49204,49238
7,170,0,2282,64,0.40499943494796753,56,0.875,0.014269193994550733,0.05938673000127892,49204,49238
7,171,0,2283,64,0.5551995635032654,51,0.796875,0.016948283002420794,0.05866478999814717,49204,49238
7,172,0,2284,64,0.4793494939804077,58,0.90625,0.01450047199614346,0.0624862859986024,49204,49238
7,173,0,2285,64,0.48903965950012207,54,0.84375,0.014431023999350145,0.06412903400268988,49204,49238
7,174,0,2286,64,0.3876029849052429,55,0.859375,0.01553576300284476,0.06224596800166182,49204,49238
7,175,0,2287,64,0.39563843607902527,57,0.890625,0.01756432200272684,0.07183481099855271,49204,49238
7,176,0,2288,64,0.6629444360733032,47,0.734375,0.017353676001221174,0.06068061399855651,49204,49238
7,177,0,2289,64,0.38837531208992004,58,0.90625,0.014822548000665847,0.05990069800100173,49204,49238
7,178,0,2290,64,0.4108167290687561,56,0.875,0.014755448002688354,0.05742446700241999,49204,49238
7,179,0,2291,64,0.2918742895126343,59,0.921875,0.013998800000990741,0.0778640450007515,49204,49238
7,180,0,2292,64,0.5224364399909973,55,0.859375,0.016288550999888685,0.0625945209976635,49204,49238
7,181,0,2293,64,0.3719575107097626,55,0.859375,0.018817119002051186,0.06415623199791298,49204,49238
7,182,0,2294,64,0.46219801902770996,52,0.8125,0.015086642000824213,0.05864934499913943,49204,49238
7,183,0,2295,64,0.6712673306465149,53,0.828125,0.017683592999674147,0.0649741859997448,49204,49238
7,184,0,2296,64,0.4897304177284241,54,0.84375,0.015557236998574808,0.070352967002691,49204,49238
7,185,0,2297,64,0.5285778641700745,51,0.796875,0.01791226799832657,0.06331489700096427,49204,49238
7,186,0,2298,64,0.4750692546367645,55,0.859375,0.017825089002144523,0.063641374999861,49204,49238
7,187,0,2299,64,0.5594507455825806,52,0.8125,0.01450138400105061,0.06534019599712337,49204,49238
7,188,0,2300,64,0.41415685415267944,58,0.90625,0.017516692001663614,0.07709766599873547,49204,49238
7,189,0,2301,64,0.48046115040779114,51,0.796875,0.014888902998791309,0.0676939350014436,49204,49238
7,190,0,2302,64,0.5283272862434387,52,0.8125,0.013792270001431461,0.06012975900011952,49204,49238
7,191,0,2303,64,0.5679512619972229,50,0.78125,0.013860213999578264,0.057618733000708744,49204,49238
7,192,0,2304,64,0.3596198856830597,55,0.859375,0.02480717200523941,0.06668687499768566,49204,49238
7,193,0,2305,64,0.5359376668930054,49,0.765625,0.014606240998546127,0.05979408900020644,49204,49238
7,194,0,2306,64,0.4946071207523346,53,0.828125,0.015960746004566317,0.05976451999958954,49204,49238
7,195,0,2307,64,0.5966552495956421,52,0.8125,0.016644170998915797,0.063962783999159,49204,49238
7,196,0,2308,64,0.5976779460906982,52,0.8125,0.014947979998396477,0.06142403099875082,49204,49238
7,197,0,2309,64,0.5498887300491333,51,0.796875,0.017596817000594456,0.06393442999979015,49204,49238
7,198,0,2310,64,0.29757940769195557,57,0.890625,0.013687214002857218,0.062127617002261104,49204,49238
7,199,0,2311,64,0.5335733890533447,52,0.8125,0.01586976400358253,0.059236602999590104,49204,49238
7,200,0,2312,64,0.4434945583343506,51,0.796875,0.014597693996620364,0.060828630998003064,49204,49238
7,201,0,2313,64,0.5238368511199951,50,0.78125,0.014573190001101466,0.059044997000455623,49204,49238
7,202,0,2314,64,0.6108090281486511,49,0.765625,0.016415071000665193,0.058595807997335214,49204,49238
7,203,0,2315,64,0.34526729583740234,57,0.890625,0.013522590998036321,0.06384289400011767,49204,49238
7,204,0,2316,64,0.5093585252761841,53,0.828125,0.016098996002256172,0.05977193899889244,49204,49238
7,205,0,2317,64,0.4506463408470154,53,0.828125,0.01732220700068865,0.07119953499932308,49204,49238
7,206,0,2318,64,0.38395678997039795,57,0.890625,0.01491671600160771,0.06140286500158254,49204,49238
7,207,0,2319,64,0.36864665150642395,56,0.875,0.01389728499998455,0.06183374899774208,49204,49238
7,208,0,2320,64,0.39892885088920593,52,0.8125,0.015587633995892247,0.0627589830000943,49204,49238
7,209,0,2321,64,0.41704612970352173,54,0.84375,0.014360581997607369,0.055938694000360556,49204,49238
7,210,0,2322,64,0.5655199289321899,51,0.796875,0.017433744000300067,0.06159438399845385,49204,49238
7,211,0,2323,64,0.5233702659606934,52,0.8125,0.014250695003283909,0.06142187200020999,49204,49238
7,212,0,2324,64,0.6763890981674194,45,0.703125,0.014693999997689389,0.06225425100274151,49204,49238
7,213,0,2325,64,0.49962782859802246,55,0.859375,0.015151194998907158,0.06238260099780746,49204,49238
7,214,0,2326,64,0.38863855600357056,53,0.828125,0.015771337999467505,0.06172665899794083,49204,49238
7,215,0,2327,64,0.3187290132045746,60,0.9375,0.014752716997463722,0.06076309600030072,49204,49238
7,216,0,2328,64,0.5053220391273499,50,0.78125,0.018194761003542226,0.06271723300233134,49204,49238
7,217,0,2329,64,0.5176666975021362,51,0.796875,0.01698897999813198,0.06015362100151833,49204,49238
7,218,0,2330,64,0.6635820865631104,49,0.765625,0.015431872998306062,0.06995631099925959,49204,49238
7,219,0,2331,64,0.3693762421607971,57,0.890625,0.014514850001432933,0.06435435099774622,49204,49238
7,220,0,2332,64,0.4351487159729004,53,0.828125,0.01451557900145417,0.05810171499979333,49204,49238
7,221,0,2333,64,0.6501176953315735,51,0.796875,0.01683012900321046,0.05929519699930097,49204,49238
7,222,0,2334,64,0.43184173107147217,54,0.84375,0.013677955001185182,0.05575332499938668,49204,49238
7,223,0,2335,64,0.6136078834533691,48,0.75,0.01447145299971453,0.05989623600180494,49204,49238
7,224,0,2336,64,0.5035910606384277,53,0.828125,0.017770952999853762,0.06091344800006482,49204,49238
7,225,0,2337,64,0.7048089504241943,51,0.796875,0.018658067001524614,0.0678214420004224,49204,49238
7,226,0,2338,64,0.5227072238922119,55,0.859375,0.014998697002738481,0.06075628599865013,49204,49238
7,227,0,2339,64,0.45362669229507446,55,0.859375,0.01454269900204963,0.05945439700008137,49204,49238
7,228,0,2340,64,0.5774673819541931,50,0.78125,0.013975150999613106,0.058119985998928314,49204,49238
7,229,0,2341,64,0.30616116523742676,58,0.90625,0.01638519200423616,0.0639466939974227,49204,49238
7,230,0,2342,64,0.33483630418777466,59,0.921875,0.01838347699958831,0.06046283199975733,49204,49238
7,231,0,2343,64,0.4433102011680603,55,0.859375,0.018044290998659562,0.06754572099816869,49204,49238
7,232,0,2344,64,0.7515342235565186,44,0.6875,0.019174273998942226,0.07135962100073812,49204,49238
7,233,0,2345,64,0.3799712657928467,55,0.859375,0.018799165001837537,0.06259815000157687,49204,49238
7,234,0,2346,64,0.3479812741279602,58,0.90625,0.017063204999431036,0.058443375000933884,49204,49238
7,235,0,2347,64,0.43317410349845886,55,0.859375,0.013308954999956768,0.05805482900177594,49204,49238
7,236,0,2348,64,0.4214644432067871,52,0.8125,0.017027152003720403,0.06587061199752497,49204,49238
7,237,0,2349,64,0.34372588992118835,55,0.859375,0.015737056000943994,0.06479903899889905,49204,49238
7,238,0,2350,64,0.35044026374816895,56,0.875,0.01984376999826054,0.07623336300093797,49204,49238
7,239,0,2351,64,0.42421191930770874,56,0.875,0.015085012000781717,0.06081914999958826,49204,49238
7,240,0,2352,64,0.631156325340271,50,0.78125,0.01864421400387073,0.06675210400135256,49204,49238
7,241,0,2353,64,0.46651893854141235,55,0.859375,0.014074573999096174,0.05956147799952305,49204,49238
7,242,0,2354,64,0.34798720479011536,55,0.859375,0.01482052099891007,0.06246836699938285,49204,49238
7,243,0,2355,64,0.4937102794647217,52,0.8125,0.017991487999097444,0.06358637000084855,49204,49238
7,244,0,2356,64,0.4076889753341675,54,0.84375,0.015212081001664046,0.0590195529985067,49204,49238
7,245,0,2357,64,0.4026252031326294,52,0.8125,0.016199843001231784,0.06663441799901193,49204,49238
7,246,0,2358,64,0.33808237314224243,56,0.875,0.014964967002015328,0.059190074000071036,49204,49238
7,247,0,2359,64,0.7217934727668762,47,0.734375,0.01432878699779394,0.05966576900027576,49204,49238
7,248,0,2360,64,0.5840340256690979,51,0.796875,0.016156270998180844,0.05980730000010226,49204,49238
7,249,0,2361,64,0.41833436489105225,55,0.859375,0.01616148900211556,0.060779702002037084,49204,49238
7,250,0,2362,64,0.3908691108226776,55,0.859375,0.015472062998014735,0.05999870999949053,49204,49238
7,251,0,2363,64,0.5223926305770874,55,0.859375,0.017648528999416158,0.06251292199885938,49204,49238
7,252,0,2364,64,0.6752445697784424,49,0.765625,0.018799402001604903,0.06325588600157062,49204,49238
7,253,0,2365,64,0.49220553040504456,51,0.796875,0.01366692699957639,0.059119166999153094,49204,49238
7,254,0,2366,64,0.4491579830646515,52,0.8125,0.014151596998999594,0.05998213500060956,49204,49238
7,255,0,2367,64,0.6419360041618347,53,0.828125,0.016758869001932908,0.05914690099962172,49204,49238
7,256,0,2368,64,0.4538223147392273,53,0.828125,0.01567421499930788,0.061728098000457976,49204,49238
7,257,0,2369,64,0.48409438133239746,55,0.859375,0.014692617001855979,0.05866488600076991,49204,49238
7,258,0,2370,64,0.652509331703186,46,0.71875,0.01498073199763894,0.06202423099966836,49204,49238
7,259,0,2371,64,0.49535316228866577,53,0.828125,0.01652055800150265,0.06206528699840419,49204,49238
7,260,0,2372,64,0.4048824906349182,55,0.859375,0.013624507002532482,0.05634548700254527,49204,49238
7,261,0,2373,64,0.3705518841743469,55,0.859375,0.016820422002638225,0.058772232001501834,49204,49238
7,262,0,2374,64,0.45761609077453613,53,0.828125,0.017214086001331452,0.060849550001876196,49204,49238
7,263,0,2375,64,0.39483582973480225,55,0.859375,0.01772222699946724,0.062062084001809126,49204,49238
7,264,0,2376,64,0.46402400732040405,55,0.859375,0.01572089299952495,0.06269347000124981,49204,49238
7,265,0,2377,64,0.6042196750640869,52,0.8125,0.014424269000301138,0.0563530460021866,49204,49238
7,266,0,2378,64,0.3595826029777527,54,0.84375,0.014445433003857033,0.05954324300182634,49204,49238
7,267,0,2379,64,0.5942796468734741,50,0.78125,0.015524075999564957,0.06183723000140162,49204,49238
7,268,0,2380,64,0.445237398147583,56,0.875,0.015471746002731379,0.05847181100034504,49204,49238
7,269,0,2381,64,0.5568953156471252,49,0.765625,0.015107326998986537,0.05873038099889527,49204,49238
7,270,0,2382,64,0.3712462782859802,55,0.859375,0.01569821999873966,0.060074056000303244,49204,49238
7,271,0,2383,64,0.4295586049556732,53,0.828125,0.02370492999762064,0.06792122800106881,49204,49238
7,272,0,2384,64,0.6509901881217957,53,0.828125,0.015289291000954108,0.0633791479995125,49204,49238
7,273,0,2385,64,0.7152819037437439,47,0.734375,0.013330968002264854,0.0586873590000323,49204,49238
7,274,0,2386,64,0.39895379543304443,53,0.828125,0.013731506001931848,0.05944427600115887,49204,49238
7,275,0,2387,64,0.45093023777008057,52,0.8125,0.017122405999543844,0.061579041997902095,49204,49238
7,276,0,2388,64,0.4274844527244568,54,0.84375,0.014703625995025504,0.0646810429971083,49204,49238
7,277,0,2389,64,0.5465646982192993,50,0.78125,0.01421222900171415,0.05836266800179146,49204,49238
7,278,0,2390,64,0.4756702482700348,52,0.8125,0.014791367000725586,0.06130693399973097,49204,49238
7,279,0,2391,64,0.4290998876094818,54,0.84375,0.014747986999282148,0.05793123599869432,49204,49238
7,280,0,2392,64,0.4488043189048767,52,0.8125,0.022182864999194862,0.06802482499915641,49204,49238
7,281,0,2393,64,0.4792768061161041,52,0.8125,0.016414592999353772,0.058283590002247365,49204,49238
7,282,0,2394,64,0.6227256655693054,53,0.828125,0.016246081002464052,0.06675732499934384,49204,49238
7,283,0,2395,64,0.41422784328460693,54,0.84375,0.013818170999002177,0.06046513899855199,49204,49238
7,284,0,2396,64,0.5009950399398804,53,0.828125,0.014791845995205222,0.058427979001862695,49204,49238
7,285,0,2397,64,0.5891897678375244,49,0.765625,0.014457900000707014,0.060785694997321116,49204,49238
7,286,0,2398,64,0.5329053997993469,53,0.828125,0.015264502995705698,0.06046128600064549,49204,49238
7,287,0,2399,64,0.6994486451148987,45,0.703125,0.014550321997376159,0.06222713500028476,49204,49238
7,288,0,2400,64,0.4184085726737976,51,0.796875,0.016831157001433894,0.06120817699775216,49204,49238
7,289,0,2401,64,0.3760102391242981,56,0.875,0.01402498899915372,0.05729446999976062,49204,49238
7,290,0,2402,64,0.5402202010154724,48,0.75,0.01723879500059411,0.06252132300141966,49204,49238
7,291,0,2403,64,0.5620703101158142,50,0.78125,0.014289176997408504,0.05751034499917296,49204,49238
7,292,0,2404,64,0.6158542633056641,49,0.765625,0.013809061998472316,0.05613484800051083,49204,49238
7,293,0,2405,64,0.3915581703186035,54,0.84375,0.015365784001915017,0.05742974600070738,49204,49238
7,294,0,2406,64,0.520440936088562,54,0.84375,0.014095625996560557,0.06071670099845505,49204,49238
7,295,0,2407,64,0.5625091791152954,50,0.78125,0.014310851998743601,0.05688844899850665,49204,49238
7,296,0,2408,64,0.47182679176330566,55,0.859375,0.01654182400307036,0.0627786320001178,49204,49238
7,297,0,2409,64,0.3892343044281006,54,0.84375,0.014749946996744256,0.05882770699827233,49204,49238
7,298,0,2410,64,0.4406738877296448,55,0.859375,0.014368193998961942,0.05991831899882527,49204,49238
7,299,0,2411,64,0.5675191283226013,52,0.8125,0.014731949999259086,0.07506339700194076,49204,49238
7,300,0,2412,64,0.45419299602508545,52,0.8125,0.014698355997097678,0.06529246399804833,49204,49238
7,301,0,2413,64,0.416134238243103,52,0.8125,0.017051465994882165,0.06956643699959386,49204,49238
7,302,0,2414,64,0.74288010597229,52,0.8125,0.015940661003696732,0.05804132000048412,49204,49238
7,303,0,2415,64,0.5004880428314209,51,0.796875,0.016826751998451073,0.0626002890021482,49204,49238
7,304,0,2416,64,0.5782163739204407,50,0.78125,0.015834656998777064,0.058040525000251364,49204,49238
7,305,0,2417,64,0.39464497566223145,57,0.890625,0.013765327003056882,0.06366210999840405,49204,49238
7,306,0,2418,64,0.40574073791503906,55,0.859375,0.015100834996701451,0.05888701400181162,49204,49238
7,307,0,2419,64,0.6031058430671692,51,0.796875,0.01727001900144387,0.06129954200150678,49204,49238
7,308,0,2420,64,0.4494582414627075,54,0.84375,0.014057030999538256,0.059249390000331914,49204,49238
7,309,0,2421,64,0.2830824553966522,58,0.90625,0.016870680996362353,0.06216096899879631,49204,49238
7,310,0,2422,64,0.3654966652393341,56,0.875,0.013365722999878926,0.05711655699997209,49204,49238
7,311,0,2423,64,0.32519593834877014,55,0.859375,0.015257759001542581,0.06295497199971578,49204,49238
7,312,0,2424,64,0.551699161529541,51,0.796875,0.01452058400172973,0.0607740899977216,49204,49238
7,313,0,2425,64,0.7911022901535034,46,0.71875,0.016997067999909632,0.0590882460019202,49204,49238
7,314,0,2426,64,0.4556756615638733,54,0.84375,0.013383859000896337,0.05894799399902695,49204,49238
7,315,0,2427,64,0.5035741329193115,52,0.8125,0.01390517199615715,0.06405497200103127,49204,49238
7,316,0,2428,64,0.7566541433334351,47,0.734375,0.013775622002867749,0.059637663998728385,49204,49238
7,317,0,2429,64,0.2890366315841675,60,0.9375,0.014274216002377216,0.05830195599992294,49204,49238
7,318,0,2430,64,0.7735971212387085,44,0.6875,0.01607184200111078,0.06378079400019487,49204,49238
7,319,0,2431,64,0.4637548327445984,57,0.890625,0.013835539000865538,0.05999701999826357,49204,49238
7,320,0,2432,64,0.6506953239440918,50,0.78125,0.01560354400135111,0.05926821599859977,49204,49238
7,321,0,2433,64,0.4866139888763428,53,0.828125,0.01404168299632147,0.06469401399954222,49204,49238
7,322,0,2434,64,0.5363080501556396,51,0.796875,0.016787922999355942,0.05878135800230666,49204,49238
7,323,0,2435,64,0.455135703086853,49,0.765625,0.013954779999039602,0.05777717499950086,49204,49238
7,324,0,2436,64,0.371523916721344,57,0.890625,0.014153719999740133,0.06041558799915947,49204,49238
7,325,0,2437,64,0.5687283873558044,51,0.796875,0.015534103000391042,0.066146713001217,49204,49238
7,326,0,2438,64,0.4716247022151947,52,0.8125,0.013421751998976106,0.06173383599889348,49204,49238
7,327,0,2439,64,0.4063720703125,54,0.84375,0.014202980997652048,0.058744788002513815,49204,49238
7,328,0,2440,64,0.6090655326843262,46,0.71875,0.014130092000414152,0.057005850998393726,49204,49238
7,329,0,2441,64,0.4181392192840576,53,0.828125,0.015011285002401564,0.05908383199857781,49204,49238
7,330,0,2442,64,0.6026070713996887,50,0.78125,0.01467571800458245,0.05798700800005463,49204,49238
7,331,0,2443,64,0.6210833191871643,53,0.828125,0.013976318998174975,0.05807362800260307,49204,49238
7,332,0,2444,64,0.39112401008605957,58,0.90625,0.014824534995568683,0.059190028001467,49204,49238
7,333,0,2445,64,0.3044823408126831,56,0.875,0.016654166000080295,0.0607248599990271,49204,49238
7,334,0,2446,64,0.6184921860694885,50,0.78125,0.016244267997535644,0.060444896000262816,49204,49238
7,335,0,2447,64,0.40390777587890625,54,0.84375,0.016098701998998877,0.061054066001815954,49204,49238
7,336,0,2448,64,0.588420033454895,53,0.828125,0.014401889999135165,0.062000508998607984,49204,49238
7,337,0,2449,64,0.538719117641449,54,0.84375,0.015669322994654067,0.05892001999745844,49204,49238
7,338,0,2450,64,0.5325740575790405,53,0.828125,0.029664835001312895,0.07152147500164574,49204,49238
7,339,0,2451,64,0.5754830837249756,51,0.796875,0.015808930998900905,0.05955337799969129,49204,49238
7,340,0,2452,64,0.4439241290092468,55,0.859375,0.016232169004069874,0.06238620799922501,49204,49238
7,341,0,2453,64,0.6432797908782959,50,0.78125,0.017074983999918913,0.06315906999952858,49204,49238
7,342,0,2454,64,0.6056283712387085,50,0.78125,0.014386350005224813,0.061020935001579346,49204,49238
7,343,0,2455,64,0.3481369912624359,57,0.890625,0.019403508998948382,0.06999954700222588,49204,49238
7,344,0,2456,64,0.5781680345535278,55,0.859375,0.015290950002963655,0.06330648199946154,49204,49238
7,345,0,2457,64,0.3468495309352875,58,0.90625,0.015488951001316309,0.060315927999909036,49204,49238
7,346,0,2458,64,0.380898118019104,57,0.890625,0.014985081998020178,0.05939576099990518,49204,49238
7,347,0,2459,64,0.3866722285747528,57,0.890625,0.01585702300144476,0.05966437099777977,49204,49238
7,348,0,2460,64,0.5243723392486572,52,0.8125,0.017195643002196448,0.06313944300200092,49204,49238
7,349,0,2461,64,0.4398782253265381,57,0.890625,0.016423246001068037,0.07839861299726181,49204,49238
7,350,0,2462,64,0.34531494975090027,57,0.890625,0.014006721001351252,0.056001670000114245,49204,49238
7,351,0,2463,36,0.5252134799957275,32,0.8888888888888888,0.017244386002857937,0.06637086900082068,27699,27733
8,0,0,2464,64,0.3052448034286499,57,0.890625,0.0160313619999215,0.06419715599986375,49204,49238
8,1,0,2465,64,0.42347198724746704,55,0.859375,0.01751375599997118,0.06542856099986238,49204,49238
8,2,0,2466,64,0.43933945894241333,55,0.859375,0.015927174001262756,0.06900995199976023,49204,49238
8,3,0,2467,64,0.3341432809829712,56,0.875,0.016507314998307265,0.05779540900039137,49204,49238
8,4,0,2468,64,0.2597622573375702,61,0.953125,0.013477417000103742,0.062226711997936945,49204,49238
8,5,0,2469,64,0.29007598757743835,60,0.9375,0.01524384899676079,0.05624368799908552,49204,49238
8,6,0,2470,64,0.30509698390960693,60,0.9375,0.0152615219958534,0.056417913001496345,49204,49238
8,7,0,2471,64,0.2808259427547455,57,0.890625,0.017476160999649437,0.07174738500179956,49204,49238
8,8,0,2472,64,0.2733910083770752,59,0.921875,0.01711581999916234,0.06916077200003201,49204,49238
8,9,0,2473,64,0.465114563703537,56,0.875,0.015384583995910361,0.06739564800227527,49204,49238
8,10,0,2474,64,0.4249503016471863,55,0.859375,0.014856536996376235,0.05733242600035737,49204,49238
8,11,0,2475,64,0.26723361015319824,57,0.890625,0.01810009100154275,0.06625733100008802,49204,49238
8,12,0,2476,64,0.3735118508338928,57,0.890625,0.01728484300110722,0.062488323001161916,49204,49238
8,13,0,2477,64,0.2218392938375473,58,0.90625,0.016039075002481695,0.06856694299858646,49204,49238
8,14,0,2478,64,0.4966101348400116,52,0.8125,0.013746486998570617,0.057018151001102524,49204,49238
8,15,0,2479,64,0.29657894372940063,58,0.90625,0.015029429003334371,0.06079394599873922,49204,49238
8,16,0,2480,64,0.24855034053325653,59,0.921875,0.01675398900260916,0.0622218040007283,49204,49238
8,17,0,2481,64,0.22695545852184296,61,0.953125,0.015431932002684334,0.061005732997728046,49204,49238
8,18,0,2482,64,0.23172862827777863,61,0.953125,0.015101934000995243,0.0623197170025378,49204,49238
8,19,0,2483,64,0.27602267265319824,60,0.9375,0.01475905699771829,0.05814179799926933,49204,49238
8,20,0,2484,64,0.26768553256988525,61,0.953125,0.015722841999377124,0.05995421199986595,49204,49238
8,21,0,2485,64,0.2808999717235565,56,0.875,0.01546211699678679,0.07049373100016965,49204,49238
8,22,0,2486,64,0.29461830854415894,59,0.921875,0.014905329997418448,0.05921803700039163,49204,49238
8,23,0,2487,64,0.19647634029388428,61,0.953125,0.015213540002150694,0.06684158399730222,49204,49238
8,24,0,2488,64,0.1501464545726776,62,0.96875,0.015110910000657896,0.059729944998252904,49204,49238
8,25,0,2489,64,0.21072609722614288,61,0.953125,0.014900073998433072,0.06064699300259235,49204,49238
8,26,0,2490,64,0.42991480231285095,55,0.859375,0.014863622996927006,0.05844080599854351,49204,49238
8,27,0,2491,64,0.3932686448097229,55,0.859375,0.01514710199990077,0.06147969300218392,49204,49238
8,28,0,2492,64,0.23506371676921844,59,0.921875,0.015223120000882773,0.06291659199996502,49204,49238
8,29,0,2493,64,0.2815631330013275,60,0.9375,0.01527316899955622,0.06591922900042846,49204,49238
8,30,0,2494,64,0.36936184763908386,58,0.90625,0.01480400800210191,0.0674787469979492,49204,49238
8,31,0,2495,64,0.09851036965847015,64,1.0,0.014918635002686642,0.0683821890015679,49204,49238
8,32,0,2496,64,0.421490877866745,53,0.828125,0.015447043999301968,0.05947201299932203,49204,49238
8,33,0,2497,64,0.35293149948120117,57,0.890625,0.016066198000771692,0.06184220200157142,49204,49238
8,34,0,2498,64,0.48785895109176636,53,0.828125,0.015111491997231496,0.05964681900150026,49204,49238
8,35,0,2499,64,0.3580586910247803,59,0.921875,0.014958880998165114,0.06476382999971975,49204,49238
8,36,0,2500,64,0.3698391020298004,58,0.90625,0.014436395995289786,0.06119679100083886,49204,49238
8,37,0,2501,64,0.25673314929008484,60,0.9375,0.01716907599620754,0.06284879100348917,49204,49238
8,38,0,2502,64,0.28628361225128174,61,0.953125,0.017409867003152613,0.07383356699938304,49204,49238
8,39,0,2503,64,0.3004452586174011,56,0.875,0.017657882999628782,0.08059087599758641,49204,49238
8,40,0,2504,64,0.3096614181995392,57,0.890625,0.015626462001819164,0.07518463299857103,49204,49238
8,41,0,2505,64,0.3151249587535858,57,0.890625,0.016402085002482636,0.07211478699900908,49204,49238
8,42,0,2506,64,0.3825349807739258,54,0.84375,0.014644604998466093,0.06867394599976251,49204,49238
8,43,0,2507,64,0.30520808696746826,55,0.859375,0.01654083499670378,0.06891186199936783,49204,49238
8,44,0,2508,64,0.47474777698516846,55,0.859375,0.018088910001097247,0.07157034199917689,49204,49238
8,45,0,2509,64,0.37691497802734375,53,0.828125,0.01633369399860385,0.0727713460000814,49204,49238
8,46,0,2510,64,0.3734106719493866,58,0.90625,0.014519141001073876,0.06635029400058556,49204,49238
8,47,0,2511,64,0.2739514112472534,58,0.90625,0.01676994500303408,0.07231020100152818,49204,49238
8,48,0,2512,64,0.2539832293987274,60,0.9375,0.0141369430020859,0.06465475599907222,49204,49238
8,49,0,2513,64,0.2797890305519104,55,0.859375,0.01586697999664466,0.07045374899826129,49204,49238
8,50,0,2514,64,0.3465645909309387,55,0.859375,0.014436012999794912,0.06644333299846039,49204,49238
8,51,0,2515,64,0.43982231616973877,57,0.890625,0.013772406997304643,0.07286079299956327,49204,49238
8,52,0,2516,64,0.2089473009109497,61,0.953125,0.017258931999094784,0.07303122200028156,49204,49238
8,53,0,2517,64,0.3344886898994446,57,0.890625,0.01464711799781071,0.07121375000133412,49204,49238
8,54,0,2518,64,0.22443145513534546,60,0.9375,0.013871356997697148,0.0684047989998362,49204,49238
8,55,0,2519,64,0.4343947470188141,55,0.859375,0.01615539999693283,0.07031380399712361,49204,49238
8,56,0,2520,64,0.25563836097717285,60,0.9375,0.01694177300305455,0.0706499209991307,49204,49238
8,57,0,2521,64,0.37724530696868896,55,0.859375,0.0165970610032673,0.06967084400093881,49204,49238
8,58,0,2522,64,0.4040522575378418,55,0.859375,0.015720745006547077,0.06798579500173219,49204,49238
8,59,0,2523,64,0.4772458076477051,55,0.859375,0.017526055999042,0.06890059899888001,49204,49238
8,60,0,2524,64,0.3963926434516907,52,0.8125,0.014723290001711575,0.06803624299936928,49204,49238
8,61,0,2525,64,0.2063840627670288,61,0.953125,0.014935210998373805,0.06633464100013953,49204,49238
8,62,0,2526,64,0.2283421754837036,58,0.90625,0.016992316999676405,0.07106370800102013,49204,49238
8,63,0,2527,64,0.24823889136314392,59,0.921875,0.013516074999643024,0.06844976600041264,49204,49238
8,64,0,2528,64,0.1894017457962036,63,0.984375,0.01376384099421557,0.057263735001470195,49204,49238
8,65,0,2529,64,0.361877977848053,56,0.875,0.015577373997075483,0.06073166799978935,49204,49238
8,66,0,2530,64,0.5325242280960083,51,0.796875,0.014122426004178124,0.05378982699767221,49204,49238
8,67,0,2531,64,0.48905694484710693,56,0.875,0.016736214001866756,0.06355783000253723,49204,49238
8,68,0,2532,64,0.32912030816078186,57,0.890625,0.013440242000797298,0.0612483559998509,49204,49238
8,69,0,2533,64,0.24989062547683716,58,0.90625,0.014085306000197306,0.05531550099840388,49204,49238
8,70,0,2534,64,0.30707916617393494,56,0.875,0.01556811700356775,0.056589679999888176,49204,49238
8,71,0,2535,64,0.19254714250564575,59,0.921875,0.014761259000806604,0.05641972800003714,49204,49238
8,72,0,2536,64,0.5168721675872803,52,0.8125,0.016466931003378704,0.07144016600068426,49204,49238
8,73,0,2537,64,0.25165238976478577,59,0.921875,0.013184012001147494,0.05385036999723525,49204,49238
8,74,0,2538,64,0.3568571209907532,57,0.890625,0.014124808003543876,0.05711426300331368,49204,49238
8,75,0,2539,64,0.4472617208957672,51,0.796875,0.013939666998339817,0.05914750199735863,49204,49238
8,76,0,2540,64,0.22318607568740845,60,0.9375,0.013187873002607375,0.05147994800063316,49204,49238
8,77,0,2541,64,0.34616369009017944,59,0.921875,0.014982182001403999,0.05381680899881758,49204,49238
8,78,0,2542,64,0.5074748992919922,52,0.8125,0.016136514001118485,0.058878039999399334,49204,49238
8,79,0,2543,64,0.3847675919532776,56,0.875,0.014340272999106674,0.05925011199724395,49204,49238
8,80,0,2544,64,0.32028263807296753,58,0.90625,0.014397351998923114,0.058899883999401936,49204,49238
8,81,0,2545,64,0.3803965449333191,54,0.84375,0.017953131002286682,0.06691336099902401,49204,49238
8,82,0,2546,64,0.33872923254966736,56,0.875,0.015197005002846709,0.060146384999825386,49204,49238
8,83,0,2547,64,0.4320489168167114,55,0.859375,0.014210566001565894,0.05723226200279896,49204,49238
8,84,0,2548,64,0.34001922607421875,58,0.90625,0.01446755999859306,0.058216165998601355,49204,49238
8,85,0,2549,64,0.356557160615921,58,0.90625,0.01386617599928286,0.06375227399985306,49204,49238
8,86,0,2550,64,0.24748334288597107,60,0.9375,0.01533892199586262,0.05825897800241364,49204,49238
8,87,0,2551,64,0.4494105279445648,54,0.84375,0.013675584999873536,0.05592602800243185,49204,49238
8,88,0,2552,64,0.3922225534915924,54,0.84375,0.013750387999607483,0.05507852600203478,49204,49238
8,89,0,2553,64,0.3056470453739166,58,0.90625,0.015432120999321342,0.06061558600049466,49204,49238
8,90,0,2554,64,0.39802467823028564,54,0.84375,0.01773978599885595,0.05918843099789228,49204,49238
8,91,0,2555,64,0.25088387727737427,59,0.921875,0.015256982998835156,0.05720092699993984,49204,49238
8,92,0,2556,64,0.2862197756767273,57,0.890625,0.016062749997217907,0.06239107700093882,49204,49238
8,93,0,2557,64,0.3969736397266388,54,0.84375,0.015160156002821168,0.055273527999816,49204,49238
8,94,0,2558,64,0.42390894889831543,54,0.84375,0.01419222699769307,0.05763386000035098,49204,49238
8,95,0,2559,64,0.29825299978256226,57,0.890625,0.01584864399774233,0.0628940300011891,49204,49238
8,96,0,2560,64,0.3655535578727722,58,0.90625,0.015493472001253394,0.05704685299861012,49204,49238
8,97,0,2561,64,0.23800881206989288,59,0.921875,0.017934933999640634,0.07417431399881025,49204,49238
8,98,0,2562,64,0.21716846525669098,61,0.953125,0.01662317900263588,0.06678295700112358,49204,49238
8,99,0,2563,64,0.38337767124176025,56,0.875,0.015371487999800593,0.05769496600260027,49204,49238
8,100,0,2564,64,0.17559367418289185,61,0.953125,0.01726081499873544,0.0716258629981894,49204,49238
8,101,0,2565,64,0.33581990003585815,56,0.875,0.013874993997887941,0.06010203300320427,49204,49238
8,102,0,2566,64,0.3088328242301941,56,0.875,0.015622442999301711,0.0650227910009562,49204,49238
8,103,0,2567,64,0.4835506081581116,56,0.875,0.01574630599861848,0.05859254200186115,49204,49238
8,104,0,2568,64,0.3440822958946228,55,0.859375,0.014791354999033501,0.06127485999968485,49204,49238
8,105,0,2569,64,0.4518064260482788,52,0.8125,0.01630009500149754,0.06166782400032389,49204,49238
8,106,0,2570,64,0.5064928531646729,53,0.828125,0.015038675999676343,0.062173778998840135,49204,49238
8,107,0,2571,64,0.34189075231552124,57,0.890625,0.013991707000968745,0.05540606499926071,49204,49238
8,108,0,2572,64,0.21738550066947937,61,0.953125,0.014223475998733193,0.05690606200005277,49204,49238
8,109,0,2573,64,0.40138769149780273,53,0.828125,0.015585666998958914,0.06020331300169346,49204,49238
8,110,0,2574,64,0.29445403814315796,58,0.90625,0.01574652000272181,0.062122940998960985,49204,49238
8,111,0,2575,64,0.3144127130508423,55,0.859375,0.016799875997094205,0.06622193099974538,49204,49238
8,112,0,2576,64,0.29940107464790344,59,0.921875,0.016871642001206055,0.06457107700043707,49204,49238
8,113,0,2577,64,0.3184267282485962,57,0.890625,0.016870789000677178,0.062097776997688925,49204,49238
8,114,0,2578,64,0.3165406882762909,58,0.90625,0.014894242001901148,0.05888526999842725,49204,49238
8,115,0,2579,64,0.31459739804267883,57,0.890625,0.016940219000389334,0.06649350900261197,49204,49238
8,116,0,2580,64,0.3845478296279907,57,0.890625,0.014401341995835537,0.05658680900160107,49204,49238
8,117,0,2581,64,0.343321293592453,56,0.875,0.014305925997177837,0.05940744599865866,49204,49238
8,118,0,2582,64,0.20648536086082458,59,0.921875,0.014685516998724779,0.05986472599761328,49204,49238
8,119,0,2583,64,0.32909998297691345,58,0.90625,0.017007999995257705,0.07005293600013829,49204,49238
8,120,0,2584,64,0.2163553088903427,58,0.90625,0.015513581998675363,0.06538659800207824,49204,49238
8,121,0,2585,64,0.43847066164016724,54,0.84375,0.01416097599940258,0.05996666099963477,49204,49238
8,122,0,2586,64,0.31701183319091797,53,0.828125,0.016195071999391075,0.06348032100140699,49204,49238
8,123,0,2587,64,0.37710320949554443,57,0.890625,0.014699524999741698,0.06197254599828739,49204,49238
8,124,0,2588,64,0.31175076961517334,58,0.90625,0.01764954700411181,0.06617364299745532,49204,49238
8,125,0,2589,64,0.37444770336151123,57,0.890625,0.01477331000205595,0.06075632599822711,49204,49238
8,126,0,2590,64,0.2441890835762024,60,0.9375,0.017080356999940705,0.061129401001380756,49204,49238
8,127,0,2591,64,0.29043805599212646,60,0.9375,0.013881274997402215,0.05810509799994179,49204,49238
8,128,0,2592,64,0.3117254376411438,56,0.875,0.01539804400090361,0.06723572700138902,49204,49238
8,129,0,2593,64,0.4048590660095215,54,0.84375,0.017782800998247694,0.06149428699791315,49204,49238
8,130,0,2594,64,0.32599008083343506,56,0.875,0.014863861997582717,0.059265645999403205,49204,49238
8,131,0,2595,64,0.43279746174812317,55,0.859375,0.0158525999977428,0.06552985800226452,49204,49238
8,132,0,2596,64,0.36766499280929565,55,0.859375,0.01395226000022376,0.061454873997718096,49204,49238
8,133,0,2597,64,0.29694515466690063,57,0.890625,0.016313470998284174,0.062109976999636274,49204,49238
8,134,0,2598,64,0.45571520924568176,52,0.8125,0.015751147002447397,0.06135309899764252,49204,49238
8,135,0,2599,64,0.4333591163158417,54,0.84375,0.014304699998319848,0.06427439600156504,49204,49238
8,136,0,2600,64,0.42236220836639404,55,0.859375,0.016903241001273273,0.06146807400000398,49204,49238
8,137,0,2601,64,0.38427722454071045,55,0.859375,0.01635620099841617,0.05844441299996106,49204,49238
8,138,0,2602,64,0.2499372959136963,56,0.875,0.01672163900002488,0.0597026530012954,49204,49238
8,139,0,2603,64,0.3916206955909729,55,0.859375,0.014946755003620638,0.05678346000058809,49204,49238
8,140,0,2604,64,0.46877557039260864,54,0.84375,0.014600177000829717,0.06330806299956748,49204,49238
8,141,0,2605,64,0.2911791205406189,59,0.921875,0.016565939997235546,0.05908049199933885,49204,49238
8,142,0,2606,64,0.37092792987823486,55,0.859375,0.014472342998487875,0.06410282600336359,49204,49238
8,143,0,2607,64,0.18476147949695587,60,0.9375,0.014815883998380741,0.05937195800288464,49204,49238
8,144,0,2608,64,0.37179452180862427,58,0.90625,0.015271827000105986,0.06430899599945405,49204,49238
8,145,0,2609,64,0.3278680443763733,55,0.859375,0.017590638999536168,0.06008334699799889,49204,49238
8,146,0,2610,64,0.46142882108688354,52,0.8125,0.01504471999942325,0.06108348899942939,49204,49238
8,147,0,2611,64,0.48458734154701233,55,0.859375,0.014841245996649377,0.0565109660019516,49204,49238
8,148,0,2612,64,0.40283986926078796,53,0.828125,0.015696164999098983,0.06258829800208332,49204,49238
8,149,0,2613,64,0.31697404384613037,58,0.90625,0.015569827999570407,0.06784750199949485,49204,49238
8,150,0,2614,64,0.2885384261608124,56,0.875,0.013816100999974879,0.055759607999789296,49204,49238
8,151,0,2615,64,0.40930116176605225,55,0.859375,0.01800071900288458,0.0645885680023639,49204,49238
8,152,0,2616,64,0.3817100524902344,58,0.90625,0.013825631001964211,0.05920020999838016,49204,49238
8,153,0,2617,64,0.32849249243736267,56,0.875,0.014362340003572172,0.0564591680013109,49204,49238
8,154,0,2618,64,0.32833153009414673,59,0.921875,0.016107707004266558,0.06345696700009285,49204,49238
8,155,0,2619,64,0.377564013004303,57,0.890625,0.0172328499975265,0.07158749100199202,49204,49238
8,156,0,2620,64,0.4142952561378479,57,0.890625,0.01681424100024742,0.0667177140021522,49204,49238
8,157,0,2621,64,0.4176524877548218,54,0.84375,0.016002648997528013,0.05928874099845416,49204,49238
8,158,0,2622,64,0.2460319697856903,60,0.9375,0.014098139996349346,0.059689046000130475,49204,49238
8,159,0,2623,64,0.5429276823997498,51,0.796875,0.015422945001773769,0.06595516500237864,49204,49238
8,160,0,2624,64,0.3123699426651001,58,0.90625,0.014403326997125987,0.05883000999892829,49204,49238
8,161,0,2625,64,0.394807904958725,55,0.859375,0.0147920180024812,0.06354358599855914,49204,49238
8,162,0,2626,64,0.18946987390518188,61,0.953125,0.01716739900439279,0.06570138800088898,49204,49238
8,163,0,2627,64,0.2370331883430481,61,0.953125,0.017704409001453314,0.06333014800111414,49204,49238
8,164,0,2628,64,0.4006037712097168,56,0.875,0.014396855996892555,0.055862175999209285,49204,49238
8,165,0,2629,64,0.3727869391441345,57,0.890625,0.014470917998551158,0.06530669899802888,49204,49238
8,166,0,2630,64,0.4905828535556793,53,0.828125,0.014584061998903053,0.06173939500149572,49204,49238
8,167,0,2631,64,0.4818919897079468,53,0.828125,0.014855628996883752,0.07038591699893004,49204,49238
8,168,0,2632,64,0.45892333984375,51,0.796875,0.014820206000877079,0.06105408799703582,49204,49238
8,169,0,2633,64,0.3041399121284485,56,0.875,0.014919288998498814,0.06805196600180352,49204,49238
8,170,0,2634,64,0.5437890291213989,51,0.796875,0.01491910200275015,0.059927676997176604,49204,49238
8,171,0,2635,64,0.3273799419403076,56,0.875,0.01583896900046966,0.06299309600217384,49204,49238
8,172,0,2636,64,0.41446951031684875,54,0.84375,0.01390158899812377,0.056967934000567766,49204,49238
8,173,0,2637,64,0.5568588376045227,51,0.796875,0.013724986998568056,0.057133067999529885,49204,49238
8,174,0,2638,64,0.2996360659599304,58,0.90625,0.013808345003781142,0.05786236399944755,49204,49238
8,175,0,2639,64,0.34020501375198364,56,0.875,0.016607363999355584,0.06151318100091885,49204,49238
8,176,0,2640,64,0.3208140730857849,57,0.890625,0.01404160699894419,0.05695286699847202,49204,49238
8,177,0,2641,64,0.21373987197875977,60,0.9375,0.013551138999901013,0.05701057199985371,49204,49238
8,178,0,2642,64,0.43958142399787903,57,0.890625,0.014127549002296291,0.05623429299885174,49204,49238
8,179,0,2643,64,0.31689178943634033,58,0.90625,0.013656211998750223,0.05536913099786034,49204,49238
8,180,0,2644,64,0.30783843994140625,58,0.90625,0.01566438300142181,0.05956566299937549,49204,49238
8,181,0,2645,64,0.4499829113483429,53,0.828125,0.013911381003708811,0.05732364199866424,49204,49238
8,182,0,2646,64,0.4134521484375,54,0.84375,0.014178121000441024,0.061100825001631165,49204,49238
8,183,0,2647,64,0.3149014711380005,57,0.890625,0.014209794000635156,0.06053122599769267,49204,49238
8,184,0,2648,64,0.2818467617034912,57,0.890625,0.015856363002967555,0.0611988119999296,49204,49238
8,185,0,2649,64,0.39452439546585083,56,0.875,0.013549268998758635,0.05606897699908586,49204,49238
8,186,0,2650,64,0.3229973614215851,57,0.890625,0.014161453997076023,0.05667027199888253,49204,49238
8,187,0,2651,64,0.39485079050064087,54,0.84375,0.016370659999665804,0.0642614690004848,49204,49238
8,188,0,2652,64,0.29100292921066284,55,0.859375,0.014315347001684131,0.059439316999487346,49204,49238
8,189,0,2653,64,0.3752862811088562,53,0.828125,0.013973855999211082,0.059770382998976856,49204,49238
8,190,0,2654,64,0.43575626611709595,57,0.890625,0.014010159997269511,0.05994010399808758,49204,49238
8,191,0,2655,64,0.39456525444984436,55,0.859375,0.013537480001104996,0.05557645600129035,49204,49238
8,192,0,2656,64,0.3961790204048157,57,0.890625,0.013956106999103213,0.057498139001836535,49204,49238
8,193,0,2657,64,0.3738113343715668,56,0.875,0.013634874998388113,0.05974774999776855,49204,49238
8,194,0,2658,64,0.340706467628479,54,0.84375,0.014517308998620138,0.06072501000016928,49204,49238
8,195,0,2659,64,0.3696112334728241,53,0.828125,0.01488561099540675,0.06190138799865963,49204,49238
8,196,0,2660,64,0.3234044313430786,54,0.84375,0.01496001600389718,0.056676821997825755,49204,49238
8,197,0,2661,64,0.4276512563228607,56,0.875,0.014017047000379534,0.05733767900164821,49204,49238
8,198,0,2662,64,0.41193002462387085,54,0.84375,0.017131276003055973,0.05882703200040851,49204,49238
8,199,0,2663,64,0.4107319712638855,57,0.890625,0.01402677900478011,0.05749453499811352,49204,49238
8,200,0,2664,64,0.3223728537559509,58,0.90625,0.014036543001566315,0.056094709998433245,49204,49238
8,201,0,2665,64,0.49514591693878174,55,0.859375,0.013612415998068172,0.055473884000093676,49204,49238
8,202,0,2666,64,0.6130402088165283,49,0.765625,0.013399685001786565,0.0591738590010209,49204,49238
8,203,0,2667,64,0.36152130365371704,57,0.890625,0.014436405999731505,0.060315583999908995,49204,49238
8,204,0,2668,64,0.49966961145401,50,0.78125,0.015404958998260554,0.05745255299916607,49204,49238
8,205,0,2669,64,0.34107786417007446,57,0.890625,0.01449175100060529,0.05579753699930734,49204,49238
8,206,0,2670,64,0.2701627016067505,60,0.9375,0.01388453199979267,0.05798836400208529,49204,49238
8,207,0,2671,64,0.43552687764167786,53,0.828125,0.013908949000324355,0.06080258300062269,49204,49238
8,208,0,2672,64,0.3948063850402832,56,0.875,0.013851972998963902,0.059633913999277866,49204,49238
8,209,0,2673,64,0.4570293128490448,55,0.859375,0.014652900001237867,0.06327883699850645,49204,49238
8,210,0,2674,64,0.31647658348083496,57,0.890625,0.014379804000782315,0.057498554000630975,49204,49238
8,211,0,2675,64,0.5239856243133545,52,0.8125,0.01413031600168324,0.065244970999629,49204,49238
8,212,0,2676,64,0.22584709525108337,58,0.90625,0.01434356400204706,0.061683504998654826,49204,49238
8,213,0,2677,64,0.2727168798446655,58,0.90625,0.013783067002805183,0.06088125300084357,49204,49238
8,214,0,2678,64,0.4390013515949249,55,0.859375,0.015623395003785845,0.062152665999747114,49204,49238
8,215,0,2679,64,0.5061691403388977,52,0.8125,0.01392387099986081,0.05541658099900815,49204,49238
8,216,0,2680,64,0.6945162415504456,50,0.78125,0.014683555000374326,0.06191513499652501,49204,49238
8,217,0,2681,64,0.40261131525039673,55,0.859375,0.014283280001109233,0.06365891700261272,49204,49238
8,218,0,2682,64,0.4026082754135132,55,0.859375,0.014395024998520967,0.06017388399777701,49204,49238
8,219,0,2683,64,0.30419716238975525,60,0.9375,0.0144466999990982,0.05799671899876557,49204,49238
8,220,0,2684,64,0.27305567264556885,60,0.9375,0.014525948001391953,0.05828723300146521,49204,49238
8,221,0,2685,64,0.25973227620124817,60,0.9375,0.015144294004130643,0.0626046409997798,49204,49238
8,222,0,2686,64,0.270646333694458,56,0.875,0.013658355001098244,0.06285204300002079,49204,49238
8,223,0,2687,64,0.4045097231864929,54,0.84375,0.014628395998443011,0.06331374299770687,49204,49238
8,224,0,2688,64,0.22212398052215576,59,0.921875,0.014005335000547348,0.05928956699790433,49204,49238
8,225,0,2689,64,0.28822097182273865,58,0.90625,0.016232197998760967,0.06284111800050596,49204,49238
8,226,0,2690,64,0.2650677263736725,58,0.90625,0.016575372999795945,0.06473531799929333,49204,49238
8,227,0,2691,64,0.3255936801433563,53,0.828125,0.01470554699699278,0.05719084600059432,49204,49238
8,228,0,2692,64,0.26457852125167847,61,0.953125,0.014136459001747426,0.05786820899811573,49204,49238
8,229,0,2693,64,0.4713171124458313,55,0.859375,0.01407164300326258,0.06093782000243664,49204,49238
8,230,0,2694,64,0.14257550239562988,61,0.953125,0.013932629000919405,0.05706472000019858,49204,49238
8,231,0,2695,64,0.217251718044281,60,0.9375,0.015301659997930983,0.060941578001802554,49204,49238
8,232,0,2696,64,0.2668948173522949,57,0.890625,0.015539406002062606,0.05935146999763674,49204,49238
8,233,0,2697,64,0.3130660653114319,57,0.890625,0.015606819004460704,0.057174271998519544,49204,49238
8,234,0,2698,64,0.4965305030345917,53,0.828125,0.014488854005321627,0.06089668599815923,49204,49238
8,235,0,2699,64,0.26190853118896484,60,0.9375,0.015457415003766073,0.05773889600095572,49204,49238
8,236,0,2700,64,0.3913324773311615,55,0.859375,0.014924018996680388,0.06281521799974144,49204,49238
8,237,0,2701,64,0.38754910230636597,57,0.890625,0.016381208999519004,0.0602475100022275,49204,49238
8,238,0,2702,64,0.41429319977760315,53,0.828125,0.016161388000909938,0.05982404200040037,49204,49238
8,239,0,2703,64,0.44176316261291504,54,0.84375,0.013901811002142495,0.05752631699942867,49204,49238
8,240,0,2704,64,0.4840693175792694,56,0.875,0.013893260998884216,0.06294494699977804,49204,49238
8,241,0,2705,64,0.4032427668571472,51,0.796875,0.013764302999334177,0.056964913001138484,49204,49238
8,242,0,2706,64,0.3009633719921112,58,0.90625,0.017771994000213454,0.06708522599728894,49204,49238
8,243,0,2707,64,0.27732163667678833,57,0.890625,0.017214535000675824,0.06051856300109648,49204,49238
8,244,0,2708,64,0.47674208879470825,54,0.84375,0.016195659998629708,0.05995814400012023,49204,49238
8,245,0,2709,64,0.28260159492492676,57,0.890625,0.014091303000896005,0.05679374900137191,49204,49238
8,246,0,2710,64,0.26788270473480225,58,0.90625,0.015901147002296057,0.057691895999596454,49204,49238
8,247,0,2711,64,0.38114452362060547,54,0.84375,0.013911059002566617,0.05732367500240798,49204,49238
8,248,0,2712,64,0.3243207335472107,58,0.90625,0.014030644000740722,0.064308542998333,49204,49238
8,249,0,2713,64,0.1779618114233017,62,0.96875,0.017140140997071285,0.06116038599793683,49204,49238
8,250,0,2714,64,0.31990113854408264,56,0.875,0.01655230100004701,0.0590969219992985,49204,49238
8,251,0,2715,64,0.5157142877578735,55,0.859375,0.014056640000490006,0.058256074000382796,49204,49238
8,252,0,2716,64,0.24625618755817413,59,0.921875,0.017514307004603324,0.06487937200290617,49204,49238
8,253,0,2717,64,0.22841911017894745,60,0.9375,0.014213294001820032,0.058294247999583604,49204,49238
8,254,0,2718,64,0.32999181747436523,57,0.890625,0.013999603001138894,0.05790292500023497,49204,49238
8,255,0,2719,64,0.34741121530532837,56,0.875,0.014916913001798093,0.057315368998388294,49204,49238
8,256,0,2720,64,0.438443124294281,54,0.84375,0.015278986997145694,0.060372010000719456,49204,49238
8,257,0,2721,64,0.42458778619766235,54,0.84375,0.014412910997634754,0.05628846100080409,49204,49238
8,258,0,2722,64,0.3335549235343933,56,0.875,0.014157551999232965,0.06338140300067607,49204,49238
8,259,0,2723,64,0.24263960123062134,58,0.90625,0.013918961998570012,0.054737171998567646,49204,49238
8,260,0,2724,64,0.45769551396369934,51,0.796875,0.018563319001259515,0.0681989849981619,49204,49238
8,261,0,2725,64,0.3060946762561798,58,0.90625,0.01464734699766268,0.05887611599973752,49204,49238
8,262,0,2726,64,0.3393924832344055,57,0.890625,0.013844799002981745,0.05762139299986302,49204,49238
8,263,0,2727,64,0.3525533974170685,58,0.90625,0.015398274998005945,0.06202676999964751,49204,49238
8,264,0,2728,64,0.42402419447898865,53,0.828125,0.014514717997371918,0.057078009001998,49204,49238
8,265,0,2729,64,0.3271164894104004,57,0.890625,0.013862543000868754,0.05666919700161088,49204,49238
8,266,0,2730,64,0.30000364780426025,57,0.890625,0.015903169001830975,0.06600123400130542,49204,49238
8,267,0,2731,64,0.2601233720779419,58,0.90625,0.01670330800334341,0.06498501099849818,49204,49238
8,268,0,2732,64,0.35184767842292786,56,0.875,0.015401270000438672,0.06076280100023723,49204,49238
8,269,0,2733,64,0.3278875946998596,55,0.859375,0.014453901003435021,0.05625637300181552,49204,49238
8,270,0,2734,64,0.4093644618988037,54,0.84375,0.017775940003048163,0.06530768900120165,49204,49238
8,271,0,2735,64,0.4953465163707733,53,0.828125,0.014636077001341619,0.0633717210002942,49204,49238
8,272,0,2736,64,0.3452823758125305,55,0.859375,0.017242972000531154,0.059846452000783756,49204,49238
8,273,0,2737,64,0.3103845417499542,58,0.90625,0.01603907200114918,0.06815473700044095,49204,49238
8,274,0,2738,64,0.2526680827140808,60,0.9375,0.015339012003096286,0.06473091999941971,49204,49238
8,275,0,2739,64,0.3536856770515442,56,0.875,0.014095715996518265,0.061860190999141196,49204,49238
8,276,0,2740,64,0.2869870662689209,57,0.890625,0.014775790001294808,0.060418376997404266,49204,49238
8,277,0,2741,64,0.3842015862464905,56,0.875,0.013983557000756264,0.055882381999253994,49204,49238
8,278,0,2742,64,0.23223716020584106,59,0.921875,0.015565416004392318,0.06283071700090659,49204,49238
8,279,0,2743,64,0.2829773724079132,56,0.875,0.013985797999339411,0.0570883149994188,49204,49238
8,280,0,2744,64,0.4782567620277405,53,0.828125,0.013673401997948531,0.061896829000033904,49204,49238
8,281,0,2745,64,0.37571969628334045,58,0.90625,0.01519866099988576,0.06488133600214496,49204,49238
8,282,0,2746,64,0.5448492765426636,53,0.828125,0.014277152004069649,0.058391157999722054,49204,49238
8,283,0,2747,64,0.38658976554870605,50,0.78125,0.017412662997230655,0.06014310400132672,49204,49238
8,284,0,2748,64,0.41562190651893616,55,0.859375,0.01632075899760821,0.05769798300025286,49204,49238
8,285,0,2749,64,0.6977192759513855,51,0.796875,0.017348322002362693,0.06207643399829976,49204,49238
8,286,0,2750,64,0.3165799677371979,58,0.90625,0.016828924999572337,0.06792823999785469,49204,49238
8,287,0,2751,64,0.5079517960548401,54,0.84375,0.013916769003117224,0.06681562699668575,49204,49238
8,288,0,2752,64,0.4985092282295227,52,0.8125,0.014022424998984206,0.05566980100047658,49204,49238
8,289,0,2753,64,0.27704256772994995,59,0.921875,0.014887065004586475,0.056495750999602024,49204,49238
8,290,0,2754,64,0.42114707827568054,55,0.859375,0.016076563002570765,0.06070118000207003,49204,49238
8,291,0,2755,64,0.4837884306907654,52,0.8125,0.01631468599953223,0.06039124500239268,49204,49238
8,292,0,2756,64,0.30240124464035034,59,0.921875,0.01420266800414538,0.059194634999585105,49204,49238
8,293,0,2757,64,0.28683462738990784,57,0.890625,0.01474192400200991,0.05867385500096134,49204,49238
8,294,0,2758,64,0.3005404770374298,56,0.875,0.015587123998557217,0.059290028002578765,49204,49238
8,295,0,2759,64,0.37833768129348755,58,0.90625,0.018009629999141907,0.06413773599706474,49204,49238
8,296,0,2760,64,0.3243120610713959,55,0.859375,0.017437387999962084,0.06352284500098904,49204,49238
8,297,0,2761,64,0.3188294470310211,56,0.875,0.014286690999142593,0.05833940499724122,49204,49238
8,298,0,2762,64,0.464648962020874,51,0.796875,0.014139428003545618,0.05687775000114925,49204,49238
8,299,0,2763,64,0.48794329166412354,51,0.796875,0.017128013001638465,0.0641187599976547,49204,49238
8,300,0,2764,64,0.37250447273254395,56,0.875,0.014424760000110837,0.05623252299847081,49204,49238
8,301,0,2765,64,0.3477952480316162,57,0.890625,0.01451495299988892,0.05974776799848769,49204,49238
8,302,0,2766,64,0.41787514090538025,57,0.890625,0.015435227000125451,0.05758507900100085,49204,49238
8,303,0,2767,64,0.3278428912162781,56,0.875,0.014187303997459821,0.05770351799947093,49204,49238
8,304,0,2768,64,0.27183908224105835,61,0.953125,0.014122262000455521,0.05915907300004619,49204,49238
8,305,0,2769,64,0.34033381938934326,58,0.90625,0.015508022999711102,0.05980538400035584,49204,49238
8,306,0,2770,64,0.26020103693008423,57,0.890625,0.01378857599775074,0.05928377000236651,49204,49238
8,307,0,2771,64,0.2936379909515381,58,0.90625,0.017112392000854015,0.0651386720019218,49204,49238
8,308,0,2772,64,0.32567930221557617,56,0.875,0.017344761996355373,0.06198178399790777,49204,49238
8,309,0,2773,64,0.2929260730743408,57,0.890625,0.017276918999414193,0.06390724700031569,49204,49238
8,310,0,2774,64,0.628093421459198,52,0.8125,0.01423093699850142,0.056250529996759724,49204,49238
8,311,0,2775,64,0.5227285623550415,53,0.828125,0.013682073000381934,0.06333342700236244,49204,49238
8,312,0,2776,64,0.30026987195014954,58,0.90625,0.013962122000521049,0.05927571099891793,49204,49238
8,313,0,2777,64,0.3782755136489868,55,0.859375,0.014384000001882669,0.059085630000481615,49204,49238
8,314,0,2778,64,0.3352717459201813,55,0.859375,0.016310282997437753,0.06190310099918861,49204,49238
8,315,0,2779,64,0.48726868629455566,53,0.828125,0.014472434999333927,0.05665957299788715,49204,49238
8,316,0,2780,64,0.390117347240448,54,0.84375,0.015495157000259496,0.05910274999769172,49204,49238
8,317,0,2781,64,0.4911622405052185,53,0.828125,0.013499426997441333,0.05489523399955942,49204,49238
8,318,0,2782,64,0.522266149520874,52,0.8125,0.013892921000660863,0.06024536699987948,49204,49238
8,319,0,2783,64,0.48139074444770813,51,0.796875,0.0171419229991443,0.06112736200157087,49204,49238
8,320,0,2784,64,0.49678802490234375,55,0.859375,0.016813656999147497,0.06576412000140408,49204,49238
8,321,0,2785,64,0.325939416885376,57,0.890625,0.014906667998729972,0.05831707099787309,49204,49238
8,322,0,2786,64,0.4657728672027588,54,0.84375,0.015425874997163191,0.06215702200279338,49204,49238
8,323,0,2787,64,0.2513104975223541,57,0.890625,0.015802948000782635,0.06020888700004434,49204,49238
8,324,0,2788,64,0.269396036863327,59,0.921875,0.0138704749988392,0.0551089350010443,49204,49238
8,325,0,2789,64,0.37745147943496704,55,0.859375,0.013970989002700662,0.056356558998231776,49204,49238
8,326,0,2790,64,0.44424861669540405,51,0.796875,0.015049882997118402,0.06505612700129859,49204,49238
8,327,0,2791,64,0.20597214996814728,61,0.953125,0.014252366996515775,0.06063132299823337,49204,49238
8,328,0,2792,64,0.3622267544269562,55,0.859375,0.01697294400219107,0.05848726900148904,49204,49238
8,329,0,2793,64,0.3208617568016052,58,0.90625,0.014945812999940244,0.059164641999814194,49204,49238
8,330,0,2794,64,0.3724346160888672,56,0.875,0.015659131997381337,0.05745865900098579,49204,49238
8,331,0,2795,64,0.20863527059555054,59,0.921875,0.013886476001061965,0.0615374429980875,49204,49238
8,332,0,2796,64,0.4438665509223938,56,0.875,0.014395877999049844,0.05752555800063419,49204,49238
8,333,0,2797,64,0.4053794741630554,53,0.828125,0.014119627001491608,0.05498964799699024,49204,49238
8,334,0,2798,64,0.2963230609893799,59,0.921875,0.014228935004211962,0.05643479499849491,49204,49238
8,335,0,2799,64,0.2679370641708374,58,0.90625,0.018179151997173904,0.06023923099928652,49204,49238
8,336,0,2800,64,0.555304765701294,51,0.796875,0.01341913000214845,0.06379364000167698,49204,49238
8,337,0,2801,64,0.37494832277297974,56,0.875,0.016450704999442678,0.06094373999803793,49204,49238
8,338,0,2802,64,0.5236607789993286,55,0.859375,0.01381661699997494,0.06375964600010775,49204,49238
8,339,0,2803,64,0.5214592218399048,48,0.75,0.014249323001422454,0.06107205000080285,49204,49238
8,340,0,2804,64,0.3169480860233307,56,0.875,0.014542843997332966,0.06098353400011547,49204,49238
8,341,0,2805,64,0.4091843366622925,57,0.890625,0.01342821000434924,0.055740256000717636,49204,49238
8,342,0,2806,64,0.36462175846099854,53,0.828125,0.014941918998374604,0.062428050998278195,49204,49238
8,343,0,2807,64,0.4962961673736572,51,0.796875,0.016658040996844647,0.06077440000080969,49204,49238
8,344,0,2808,64,0.22033852338790894,61,0.953125,0.015901871000096435,0.06020341700059362,49204,49238
8,345,0,2809,64,0.5732015371322632,52,0.8125,0.014529556003253674,0.05551703099990846,49204,49238
8,346,0,2810,64,0.43525993824005127,56,0.875,0.01457727099841577,0.058407147000252735,49204,49238
8,347,0,2811,64,0.3278971016407013,55,0.859375,0.013833948996762047,0.05523762099983287,49204,49238
8,348,0,2812,64,0.3681154251098633,55,0.859375,0.013687201000720961,0.06023355700017419,49204,49238
8,349,0,2813,64,0.41636359691619873,55,0.859375,0.01408028900550562,0.05558593999739969,49204,49238
8,350,0,2814,64,0.31634998321533203,55,0.859375,0.014632755999627989,0.05750338600046234,49204,49238
8,351,0,2815,36,0.2599821090698242,33,0.9166666666666666,0.013840998999512522,0.05320744499840657,27699,27733
9,0,0,2816,64,0.2815079689025879,59,0.921875,0.01347705400257837,0.05438112500269199,49204,49238
9,1,0,2817,64,0.16888810694217682,61,0.953125,0.013838811002642615,0.05614544000127353,49204,49238
9,2,0,2818,64,0.2888270914554596,58,0.90625,0.015385032998892711,0.05852576699908241,49204,49238
9,3,0,2819,64,0.23221418261528015,58,0.90625,0.017356482003378915,0.05957931699958863,49204,49238
9,4,0,2820,64,0.23195558786392212,56,0.875,0.01591895999808912,0.06176458099798765,49204,49238
9,5,0,2821,64,0.20947211980819702,61,0.953125,0.01594153200130677,0.06197023799904855,49204,49238
9,6,0,2822,64,0.2645115554332733,59,0.921875,0.0152736370000639,0.060997272998065455,49204,49238
9,7,0,2823,64,0.2313936948776245,59,0.921875,0.01469870100117987,0.06166467399816611,49204,49238
9,8,0,2824,64,0.23707954585552216,59,0.921875,0.01431914000204415,0.06383588699827669,49204,49238
9,9,0,2825,64,0.31461861729621887,56,0.875,0.014203562001057435,0.056243988998176064,49204,49238
9,10,0,2826,64,0.2620702385902405,60,0.9375,0.01445580299696303,0.061650554001971614,49204,49238
9,11,0,2827,64,0.14784690737724304,62,0.96875,0.015818335003132233,0.0578014959974098,49204,49238
9,12,0,2828,64,0.2045772224664688,60,0.9375,0.015067555999848992,0.057526022999809356,49204,49238
9,13,0,2829,64,0.22299346327781677,62,0.96875,0.014269696002884302,0.056697706000704784,49204,49238
9,14,0,2830,64,0.19259841740131378,61,0.953125,0.013657492996571818,0.05962027900022804,49204,49238
9,15,0,2831,64,0.14654818177223206,64,1.0,0.01728148000256624,0.068115186997602,49204,49238
9,16,0,2832,64,0.18795475363731384,62,0.96875,0.015364114002295537,0.05878134799786494,49204,49238
9,17,0,2833,64,0.32051539421081543,57,0.890625,0.015136173999053426,0.05829643700053566,49204,49238
9,18,0,2834,64,0.15789568424224854,61,0.953125,0.014269403000071179,0.05736670099940966,49204,49238
9,19,0,2835,64,0.13636669516563416,62,0.96875,0.015005924000433879,0.057847970001603244,49204,49238
9,20,0,2836,64,0.1939035952091217,60,0.9375,0.017260753997106804,0.0663860829990881,49204,49238
9,21,0,2837,64,0.22892239689826965,57,0.890625,0.014834372999757761,0.06053306199828512,49204,49238
9,22,0,2838,64,0.18517374992370605,60,0.9375,0.014502150999760488,0.0576753599998483,49204,49238
9,23,0,2839,64,0.23001106083393097,59,0.921875,0.015536058999714442,0.06323349299782421,49204,49238
9,24,0,2840,64,0.22309087216854095,60,0.9375,0.016020204999222187,0.05977719799921033,49204,49238
9,25,0,2841,64,0.2535114884376526,59,0.921875,0.015321593997214222,0.05865423399882275,49204,49238
9,26,0,2842,64,0.30243635177612305,56,0.875,0.015377525000076275,0.060993977000180166,49204,49238
9,27,0,2843,64,0.1397908627986908,62,0.96875,0.014065152998227859,0.06403881399819511,49204,49238
9,28,0,2844,64,0.20078518986701965,61,0.953125,0.017477755001891637,0.06673220599986962,49204,49238
9,29,0,2845,64,0.28623688220977783,57,0.890625,0.0168536050041439,0.0610980199999176,49204,49238
9,30,0,2846,64,0.261237233877182,59,0.921875,0.014488756001810543,0.06327705800140393,49204,49238
9,31,0,2847,64,0.2311352789402008,57,0.890625,0.014393577996088425,0.06290410699875792,49204,49238
9,32,0,2848,64,0.1370578110218048,62,0.96875,0.016161907999048708,0.06467735999831348,49204,49238
9,33,0,2849,64,0.1032172441482544,62,0.96875,0.01415946299675852,0.05940499899952556,49204,49238
9,34,0,2850,64,0.3135717511177063,57,0.890625,0.014532311004586518,0.06068946400046116,49204,49238
9,35,0,2851,64,0.33489590883255005,54,0.84375,0.01407201100300881,0.05885779700111016,49204,49238
9,36,0,2852,64,0.14003601670265198,62,0.96875,0.014137471000140067,0.06241465099810739,49204,49238
9,37,0,2853,64,0.2700366973876953,61,0.953125,0.014362746998813236,0.06212001699896064,49204,49238
9,38,0,2854,64,0.16101768612861633,61,0.953125,0.015827620998607017,0.06570951799949398,49204,49238
9,39,0,2855,64,0.16466903686523438,59,0.921875,0.015192876002402045,0.06505615700007183,49204,49238
9,40,0,2856,64,0.13158240914344788,62,0.96875,0.01515971299886587,0.059719667999161175,49204,49238
9,41,0,2857,64,0.22877830266952515,59,0.921875,0.014455207001446979,0.06053595300181769,49204,49238
9,42,0,2858,64,0.24931560456752777,58,0.90625,0.013838726004905766,0.05760961000123643,49204,49238
9,43,0,2859,64,0.34710538387298584,56,0.875,0.013860060997103574,0.05735655799799133,49204,49238
9,44,0,2860,64,0.2564150094985962,58,0.90625,0.014555371999449562,0.05915051799820503,49204,49238
9,45,0,2861,64,0.22462496161460876,59,0.921875,0.014097153998591239,0.05889110099815298,49204,49238
9,46,0,2862,64,0.18079400062561035,61,0.953125,0.01465492400166113,0.059127315998921404,49204,49238
9,47,0,2863,64,0.2693696618080139,57,0.890625,0.017386650997650577,0.06731877400306985,49204,49238
9,48,0,2864,64,0.22314272820949554,58,0.90625,0.01691831700009061,0.06407562400272582,49204,49238
9,49,0,2865,64,0.1630041003227234,62,0.96875,0.014868253001623088,0.06131455599825131,49204,49238
9,50,0,2866,64,0.2085995376110077,61,0.953125,0.014505675997497747,0.06366372100092121,49204,49238
9,51,0,2867,64,0.19322845339775085,60,0.9375,0.01425404500332661,0.0584041200017964,49204,49238
9,52,0,2868,64,0.2772887349128723,58,0.90625,0.015948719999869354,0.06347345700123697,49204,49238
9,53,0,2869,64,0.3250499963760376,58,0.90625,0.014248209001380019,0.06247919700035709,49204,49238
9,54,0,2870,64,0.31608816981315613,55,0.859375,0.014624195002397755,0.05959547300153645,49204,49238
9,55,0,2871,64,0.2185393124818802,60,0.9375,0.017550983997352887,0.061632834000192815,49204,49238
9,56,0,2872,64,0.4360053241252899,54,0.84375,0.01702956100416486,0.06274777100043138,49204,49238
9,57,0,2873,64,0.25162366032600403,61,0.953125,0.013327600998309208,0.06319117800012464,49204,49238
9,58,0,2874,64,0.30798131227493286,59,0.921875,0.014049645000341116,0.0742248530004872,49204,49238
9,59,0,2875,64,0.39647388458251953,54,0.84375,0.014703216998896096,0.06145197599835228,49204,49238
9,60,0,2876,64,0.24635961651802063,60,0.9375,0.013952968005469302,0.06046652099757921,49204,49238
9,61,0,2877,64,0.21513116359710693,60,0.9375,0.014363417998538353,0.06614211600026465,49204,49238
9,62,0,2878,64,0.291459858417511,58,0.90625,0.01421195700095268,0.05841682100071921,49204,49238
9,63,0,2879,64,0.2366771548986435,59,0.921875,0.01800222600286361,0.06504185899757431,49204,49238
9,64,0,2880,64,0.35785141587257385,58,0.90625,0.014710862000356428,0.059633680000843015,49204,49238
9,65,0,2881,64,0.20222526788711548,59,0.921875,0.016888595000636997,0.06238029199812445,49204,49238
9,66,0,2882,64,0.1489621102809906,61,0.953125,0.01415831800113665,0.06486900100208004,49204,49238
9,67,0,2883,64,0.2804644703865051,58,0.90625,0.01552967399766203,0.05893615199966007,49204,49238
9,68,0,2884,64,0.33050161600112915,58,0.90625,0.013882975003070896,0.06146223500036285,49204,49238
9,69,0,2885,64,0.26301220059394836,58,0.90625,0.015690476997406222,0.060549697001988534,49204,49238
9,70,0,2886,64,0.177204892039299,60,0.9375,0.014372014997206861,0.05786175200046273,49204,49238
9,71,0,2887,64,0.20355334877967834,59,0.921875,0.01604546499947901,0.06005288400046993,49204,49238
9,72,0,2888,64,0.18659958243370056,61,0.953125,0.01424142500400194,0.05683862899968517,49204,49238
9,73,0,2889,64,0.10488595813512802,62,0.96875,0.01659789599943906,0.06829875900075422,49204,49238
9,74,0,2890,64,0.3554675579071045,55,0.859375,0.014150118000543443,0.05822247800097102,49204,49238
9,75,0,2891,64,0.20195794105529785,62,0.96875,0.013994839002407389,0.056303148998267716,49204,49238
9,76,0,2892,64,0.24642881751060486,56,0.875,0.014256417998694815,0.05951421999998274,49204,49238
9,77,0,2893,64,0.16855883598327637,62,0.96875,0.014728185000421945,0.05710357499992824,49204,49238
9,78,0,2894,64,0.2394857406616211,57,0.890625,0.015189382000244223,0.058708550001028925,49204,49238
9,79,0,2895,64,0.2858085036277771,56,0.875,0.014147074998618336,0.062191639000957366,49204,49238
9,80,0,2896,64,0.2441164255142212,59,0.921875,0.01466190000428469,0.0697354420008196,49204,49238
9,81,0,2897,64,0.33489808440208435,56,0.875,0.017642129998421296,0.07007710599646089,49204,49238
9,82,0,2898,64,0.17646853625774384,61,0.953125,0.01466419899952598,0.06328655199831701,49204,49238
9,83,0,2899,64,0.302095890045166,56,0.875,0.014673026998934802,0.060903427001903765,49204,49238
9,84,0,2900,64,0.18218818306922913,61,0.953125,0.01799346600091667,0.07441696399837383,49204,49238
9,85,0,2901,64,0.2697509527206421,57,0.890625,0.014242342000216013,0.06234712899822625,49204,49238
9,86,0,2902,64,0.22555610537528992,58,0.90625,0.018596577996504493,0.06984388800265151,49204,49238
9,87,0,2903,64,0.2008950263261795,61,0.953125,0.015179343998170225,0.06357401599962031,49204,49238
9,88,0,2904,64,0.16392606496810913,61,0.953125,0.015053970000735717,0.058057712001755135,49204,49238
9,89,0,2905,64,0.3148844838142395,58,0.90625,0.015203966999251861,0.05898524399890448,49204,49238
9,90,0,2906,64,0.16771087050437927,61,0.953125,0.014945023998734541,0.0621791600024153,49204,49238
9,91,0,2907,64,0.23193654417991638,58,0.90625,0.014599330999772064,0.05869502700079465,49204,49238
9,92,0,2908,64,0.25052836537361145,56,0.875,0.015655423001589952,0.07115731199883157,49204,49238
9,93,0,2909,64,0.20898303389549255,58,0.90625,0.017695900998660363,0.06088382300004014,49204,49238
9,94,0,2910,64,0.2606540024280548,59,0.921875,0.01570206099859206,0.06239839599948027,49204,49238
9,95,0,2911,64,0.2290181666612625,57,0.890625,0.015107111998077016,0.05907243600086076,49204,49238
9,96,0,2912,64,0.261604905128479,59,0.921875,0.014662845998827834,0.06936963999760337,49204,49238
9,97,0,2913,64,0.2514703869819641,60,0.9375,0.01484215500386199,0.0623333299990918,49204,49238
9,98,0,2914,64,0.1815255582332611,62,0.96875,0.01459505399907357,0.06742068200037465,49204,49238
9,99,0,2915,64,0.3348514437675476,56,0.875,0.014479272998869419,0.05909573399912915,49204,49238
9,100,0,2916,64,0.4750503897666931,53,0.828125,0.01486229399961303,0.057065034001425374,49204,49238
9,101,0,2917,64,0.35031890869140625,54,0.84375,0.014868821002892219,0.0649000019984669,49204,49238
9,102,0,2918,64,0.2152889370918274,58,0.90625,0.014128150996839395,0.061829555001168046,49204,49238
9,103,0,2919,64,0.2551976144313812,60,0.9375,0.01753387600183487,0.06487360299797729,49204,49238
9,104,0,2920,64,0.23124340176582336,57,0.890625,0.016647517004457768,0.06632378700305708,49204,49238
9,105,0,2921,64,0.2234955132007599,59,0.921875,0.014073401001951424,0.06567583099968033,49204,49238
9,106,0,2922,64,0.2798423767089844,59,0.921875,0.016771573002188234,0.06300987600116059,49204,49238
9,107,0,2923,64,0.15632140636444092,62,0.96875,0.014301215000159573,0.05964966700048535,49204,49238
9,108,0,2924,64,0.2076793611049652,59,0.921875,0.014675209997221828,0.05780535500161932,49204,49238
9,109,0,2925,64,0.24488842487335205,57,0.890625,0.015618310000718338,0.059387062003224855,49204,49238
9,110,0,2926,64,0.1652974784374237,61,0.953125,0.01408107099996414,0.06261461599933682,49204,49238
9,111,0,2927,64,0.13303989171981812,62,0.96875,0.014887367997289402,0.05911267300325562,49204,49238
9,112,0,2928,64,0.13102182745933533,63,0.984375,0.016259942000033334,0.06740440300200135,49204,49238
9,113,0,2929,64,0.32050392031669617,57,0.890625,0.014102712004387286,0.05623615199874621,49204,49238
9,114,0,2930,64,0.256843626499176,59,0.921875,0.014094002995989285,0.056192397998529486,49204,49238
9,115,0,2931,64,0.25958681106567383,61,0.953125,0.014689199000713415,0.060693532999721356,49204,49238
9,116,0,2932,64,0.30552440881729126,57,0.890625,0.015746503002446843,0.057514916003128747,49204,49238
9,117,0,2933,64,0.19557631015777588,63,0.984375,0.015045577005366795,0.05718839500332251,49204,49238
9,118,0,2934,64,0.3435729444026947,56,0.875,0.017311773997789714,0.05950980600027833,49204,49238
9,119,0,2935,64,0.2733843922615051,58,0.90625,0.016915124000661308,0.06769248900309321,49204,49238
9,120,0,2936,64,0.1073269248008728,62,0.96875,0.013746882999839727,0.0616814989989507,49204,49238
9,121,0,2937,64,0.21511957049369812,60,0.9375,0.01606342399827554,0.059729889002483105,49204,49238
9,122,0,2938,64,0.28580254316329956,56,0.875,0.013758520999544999,0.05952611699831323,49204,49238
9,123,0,2939,64,0.27750974893569946,58,0.90625,0.01751823599988711,0.06400837600085652,49204,49238
9,124,0,2940,64,0.21271651983261108,62,0.96875,0.014782141999603482,0.05997488700086251,49204,49238
9,125,0,2941,64,0.32256877422332764,58,0.90625,0.013964041998406174,0.05579997099994216,49204,49238
9,126,0,2942,64,0.2879704236984253,59,0.921875,0.014018330002727453,0.058260090998373926,49204,49238
9,127,0,2943,64,0.18309494853019714,59,0.921875,0.013717994996113703,0.057947619003243744,49204,49238
9,128,0,2944,64,0.2290003001689911,60,0.9375,0.013761814996541943,0.05480426199937938,49204,49238
9,129,0,2945,64,0.34115734696388245,59,0.921875,0.013863547999790171,0.056872327000746736,49204,49238
9,130,0,2946,64,0.32000547647476196,58,0.90625,0.013665241000126116,0.05601579599897377,49204,49238
9,131,0,2947,64,0.20383186638355255,61,0.953125,0.014230917000531917,0.05671121499835863,49204,49238
9,132,0,2948,64,0.41111475229263306,53,0.828125,0.014588055000785971,0.05714572499709902,49204,49238
9,133,0,2949,64,0.24791288375854492,56,0.875,0.01647923899872694,0.06140376999974251,49204,49238
9,134,0,2950,64,0.24866518378257751,59,0.921875,0.014277508002123795,0.05743392399745062,49204,49238
9,135,0,2951,64,0.29969674348831177,56,0.875,0.017856406997452723,0.0587390590007999,49204,49238
9,136,0,2952,64,0.3512623906135559,56,0.875,0.014456658998824423,0.057535274001565995,49204,49238
9,137,0,2953,64,0.3205455243587494,55,0.859375,0.013893543000449426,0.05959325000003446,49204,49238
9,138,0,2954,64,0.1830548197031021,60,0.9375,0.014806903000135208,0.06188428300083615,49204,49238
9,139,0,2955,64,0.23586852848529816,58,0.90625,0.013896750002459157,0.05874352899991209,49204,49238
9,140,0,2956,64,0.20896145701408386,59,0.921875,0.014873983000143198,0.0670130610014894,49204,49238
9,141,0,2957,64,0.1974335014820099,60,0.9375,0.014581975003238767,0.06200843099941267,49204,49238
9,142,0,2958,64,0.1877499371767044,58,0.90625,0.014645148999989033,0.056764114000543486,49204,49238
9,143,0,2959,64,0.38902747631073,56,0.875,0.014142825002636528,0.05652726500193239,49204,49238
9,144,0,2960,64,0.2239397168159485,56,0.875,0.014658952000900172,0.056693799000640865,49204,49238
9,145,0,2961,64,0.2350872904062271,59,0.921875,0.014368160998856183,0.05791226200017263,49204,49238
9,146,0,2962,64,0.19982154667377472,58,0.90625,0.01469312799963518,0.05942338699969696,49204,49238
9,147,0,2963,64,0.20306885242462158,60,0.9375,0.014294698998128297,0.0578407339999103,49204,49238
9,148,0,2964,64,0.24544715881347656,60,0.9375,0.014360131001012633,0.07531236900103977,49204,49238
9,149,0,2965,64,0.39942359924316406,54,0.84375,0.013732235001953086,0.059118103999935556,49204,49238
9,150,0,2966,64,0.3029645085334778,55,0.859375,0.01471637400027248,0.062494929999957094,49204,49238
9,151,0,2967,64,0.3112124800682068,55,0.859375,0.01403534299970488,0.05790239400084829,49204,49238
9,152,0,2968,64,0.33538514375686646,59,0.921875,0.015258872997947037,0.06044511599975522,49204,49238
9,153,0,2969,64,0.1764429807662964,60,0.9375,0.014595074000681052,0.06998249199750717,49204,49238
9,154,0,2970,64,0.2983134388923645,57,0.890625,0.018053892996249488,0.06264494699644274,49204,49238
9,155,0,2971,64,0.28082478046417236,59,0.921875,0.014916287000232842,0.059682133000023896,49204,49238
9,156,0,2972,64,0.18121781945228577,58,0.90625,0.014939958997274516,0.059089895999932196,49204,49238
9,157,0,2973,64,0.17393437027931213,61,0.953125,0.01567258500290336,0.06694017499830807,49204,49238
9,158,0,2974,64,0.21375539898872375,58,0.90625,0.014985172001615865,0.05902584200157435,49204,49238
9,159,0,2975,64,0.38418397307395935,57,0.890625,0.01570388899926911,0.05979143600052339,49204,49238
9,160,0,2976,64,0.2903212904930115,55,0.859375,0.015168805999564938,0.06041025800004718,49204,49238
9,161,0,2977,64,0.3046802878379822,56,0.875,0.015701018000982003,0.060517609999806155,49204,49238
9,162,0,2978,64,0.24044525623321533,59,0.921875,0.01594511599978432,0.08016818699979922,49204,49238
9,163,0,2979,64,0.28016236424446106,56,0.875,0.01516542900208151,0.05868140299935476,49204,49238
9,164,0,2980,64,0.21893665194511414,60,0.9375,0.015330425998399733,0.06653885700143292,49204,49238
9,165,0,2981,64,0.25603076815605164,58,0.90625,0.01538868199713761,0.06420562299899757,49204,49238
9,166,0,2982,64,0.27106767892837524,56,0.875,0.015292510997824138,0.05901260199971148,49204,49238
9,167,0,2983,64,0.4833717942237854,55,0.859375,0.01791984000010416,0.06147790699833422,49204,49238
9,168,0,2984,64,0.3399723768234253,57,0.890625,0.01488774899917189,0.0582621690009546,49204,49238
9,169,0,2985,64,0.2277328372001648,59,0.921875,0.015193318002275191,0.058670498998253606,49204,49238
9,170,0,2986,64,0.254314124584198,58,0.90625,0.017283259996474953,0.061091879000741756,49204,49238
9,171,0,2987,64,0.20240718126296997,60,0.9375,0.01528001599945128,0.059229583999695024,49204,49238
9,172,0,2988,64,0.3221108019351959,55,0.859375,0.015353119000792503,0.05958152599851019,49204,49238
9,173,0,2989,64,0.25020426511764526,59,0.921875,0.014773160000913776,0.05851297299886937,49204,49238
9,174,0,2990,64,0.29216164350509644,59,0.921875,0.015044899002532475,0.058875026003079256,49204,49238
9,175,0,2991,64,0.27833259105682373,56,0.875,0.014844771001662593,0.0626993850019062,49204,49238
9,176,0,2992,64,0.48843783140182495,52,0.8125,0.014684243000374408,0.05784600799961481,49204,49238
9,177,0,2993,64,0.40080446004867554,56,0.875,0.015142202002607519,0.05814512500001001,49204,49238
9,178,0,2994,64,0.4634004235267639,51,0.796875,0.014831936001428403,0.0607376869993459,49204,49238
9,179,0,2995,64,0.43911662697792053,56,0.875,0.015355028001067694,0.05931454000165104,49204,49238
9,180,0,2996,64,0.2215873897075653,59,0.921875,0.014828683000814635,0.05865801499749068,49204,49238
9,181,0,2997,64,0.37875497341156006,58,0.90625,0.014785269002459245,0.057884743000613526,49204,49238
9,182,0,2998,64,0.27069321274757385,58,0.90625,0.014195821000612341,0.05839456299872836,49204,49238
9,183,0,2999,64,0.3359444737434387,54,0.84375,0.014118908002274111,0.05659290900075575,49204,49238
9,184,0,3000,64,0.270660400390625,55,0.859375,0.013750602000072831,0.05986577200019383,49204,49238
9,185,0,3001,64,0.2873947024345398,56,0.875,0.015340332003688673,0.06972743799997261,49204,49238
9,186,0,3002,64,0.1888366937637329,61,0.953125,0.01417381999999634,0.05603313399842591,49204,49238
9,187,0,3003,64,0.19119003415107727,61,0.953125,0.014331103997392347,0.05614756800059695,49204,49238
9,188,0,3004,64,0.2997990846633911,57,0.890625,0.016937828000664013,0.06315401699976064,49204,49238
9,189,0,3005,64,0.4324967563152313,55,0.859375,0.013573993997852085,0.06302235499970266,49204,49238
9,190,0,3006,64,0.266947865486145,58,0.90625,0.013868215999536915,0.06040578200190794,49204,49238
9,191,0,3007,64,0.3049812912940979,57,0.890625,0.014741653998498805,0.057203411000955384,49204,49238
9,192,0,3008,64,0.28794533014297485,60,0.9375,0.014429107002797537,0.05835270300303819,49204,49238
9,193,0,3009,64,0.1929161250591278,58,0.90625,0.015508492000662955,0.05786993900255766,49204,49238
9,194,0,3010,64,0.24496686458587646,59,0.921875,0.017077197997423355,0.05936162900252384,49204,49238
9,195,0,3011,64,0.23245730996131897,60,0.9375,0.014608200999646215,0.05878236799981096,49204,49238
9,196,0,3012,64,0.4874986410140991,52,0.8125,0.014182123999489704,0.057116306001262274,49204,49238
9,197,0,3013,64,0.3251546025276184,57,0.890625,0.013729305002925685,0.05497872100022505,49204,49238
9,198,0,3014,64,0.37561970949172974,54,0.84375,0.01696525099760038,0.06182410700057517,49204,49238
9,199,0,3015,64,0.21771344542503357,58,0.90625,0.015702462998888223,0.059695836000173585,49204,49238
9,200,0,3016,64,0.30852222442626953,57,0.890625,0.0168883820042538,0.06573900799776311,49204,49238
9,201,0,3017,64,0.354215145111084,57,0.890625,0.017021097995893797,0.061689330999797676,49204,49238
9,202,0,3018,64,0.2465513050556183,57,0.890625,0.013744457999564474,0.061288384000363294,49204,49238
9,203,0,3019,64,0.3287103474140167,57,0.890625,0.014487714997812873,0.0574424380029086,49204,49238
9,204,0,3020,64,0.30863526463508606,55,0.859375,0.014421473006223096,0.05755086100180051,49204,49238
9,205,0,3021,64,0.2756463289260864,58,0.90625,0.016429424002126325,0.060308256001007976,49204,49238
9,206,0,3022,64,0.11854994297027588,62,0.96875,0.01520436300052097,0.05765639600213035,49204,49238
9,207,0,3023,64,0.19433823227882385,59,0.921875,0.016509334003785625,0.06065674899946316,49204,49238
9,208,0,3024,64,0.16814184188842773,61,0.953125,0.016867123998963507,0.06220007299998542,49204,49238
9,209,0,3025,64,0.3249692916870117,55,0.859375,0.015330711998103652,0.060414935996959684,49204,49238
9,210,0,3026,64,0.21727865934371948,60,0.9375,0.014583958996809088,0.05887152399736806,49204,49238
9,211,0,3027,64,0.28797709941864014,55,0.859375,0.014568882001185557,0.06423598199762637,49204,49238
9,212,0,3028,64,0.28178346157073975,56,0.875,0.01447445899975719,0.062283341998409014,49204,49238
9,213,0,3029,64,0.23254813253879547,59,0.921875,0.014888256002450362,0.05922482200185186,49204,49238
9,214,0,3030,64,0.3194654583930969,62,0.96875,0.01528460099871154,0.06496752699968056,49204,49238
9,215,0,3031,64,0.32484570145606995,56,0.875,0.0170125549993827,0.061567810000269674,49204,49238
9,216,0,3032,64,0.2902206778526306,57,0.890625,0.014298374000645708,0.06391746100052842,49204,49238
9,217,0,3033,64,0.21854306757450104,59,0.921875,0.01503871300155879,0.05878070800099522,49204,49238
9,218,0,3034,64,0.3236362934112549,58,0.90625,0.016998357001284603,0.06085455699940212,49204,49238
9,219,0,3035,64,0.2227628380060196,59,0.921875,0.01737166699967929,0.06405199399887351,49204,49238
9,220,0,3036,64,0.23135122656822205,60,0.9375,0.018710105996433413,0.060491664000437595,49204,49238
9,221,0,3037,64,0.28344178199768066,57,0.890625,0.014105717003985774,0.05807186699894373,49204,49238
9,222,0,3038,64,0.18854305148124695,59,0.921875,0.01757646900296095,0.06682878699939465,49204,49238
9,223,0,3039,64,0.3909839689731598,53,0.828125,0.01755801299805171,0.06008196400216548,49204,49238
9,224,0,3040,64,0.23689493536949158,58,0.90625,0.014351295998494606,0.05907681900134776,49204,49238
9,225,0,3041,64,0.322926789522171,57,0.890625,0.013603150000562891,0.056338131998927565,49204,49238
9,226,0,3042,64,0.25835126638412476,57,0.890625,0.01600219000101788,0.059935034998488845,49204,49238
9,227,0,3043,64,0.27712011337280273,58,0.90625,0.014168424997478724,0.06083381500138785,49204,49238
9,228,0,3044,64,0.14188146591186523,62,0.96875,0.02167208700120682,0.0675279569986742,49204,49238
9,229,0,3045,64,0.1723558008670807,59,0.921875,0.015317892997700255,0.0622410010000749,49204,49238
9,230,0,3046,64,0.23796454071998596,59,0.921875,0.014881370996590704,0.06302048499856028,49204,49238
9,231,0,3047,64,0.37945735454559326,57,0.890625,0.014083761994697852,0.05940765200284659,49204,49238
9,232,0,3048,64,0.36791566014289856,53,0.828125,0.01551292699878104,0.06124079000073834,49204,49238
9,233,0,3049,64,0.21249115467071533,60,0.9375,0.016689041003701277,0.0627965569983644,49204,49238
9,234,0,3050,64,0.4375191926956177,55,0.859375,0.014509409003949258,0.06173406400193926,49204,49238
9,235,0,3051,64,0.2252364456653595,60,0.9375,0.014363308997417334,0.06091508700046688,49204,49238
9,236,0,3052,64,0.3165508508682251,56,0.875,0.014404372999706538,0.056756812002277,49204,49238
9,237,0,3053,64,0.30947059392929077,56,0.875,0.013958601997728692,0.05495309400066617,49204,49238
9,238,0,3054,64,0.22003592550754547,60,0.9375,0.014415214001928689,0.06033019000096829,49204,49238
9,239,0,3055,64,0.2755529284477234,58,0.90625,0.01544533099513501,0.0575180090017966,49204,49238
9,240,0,3056,64,0.29002898931503296,57,0.890625,0.01670220600135508,0.061076415000570705,49204,49238
9,241,0,3057,64,0.2799772322177887,57,0.890625,0.01435685199976433,0.0668805909990624,49204,49238
9,242,0,3058,64,0.3332865834236145,56,0.875,0.01691075399867259,0.06858344099964597,49204,49238
9,243,0,3059,64,0.38346609473228455,55,0.859375,0.013985571000375785,0.06017468100253609,49204,49238
9,244,0,3060,64,0.3215964436531067,54,0.84375,0.017145789999631234,0.05893554299836978,49204,49238
9,245,0,3061,64,0.19448530673980713,62,0.96875,0.01372080500004813,0.0630261980004434,49204,49238
9,246,0,3062,64,0.3073464035987854,57,0.890625,0.01600011899790843,0.06426566800291766,49204,49238
9,247,0,3063,64,0.2663556933403015,60,0.9375,0.013548877999710385,0.0578843949988368,49204,49238
9,248,0,3064,64,0.18518853187561035,60,0.9375,0.015578373000607826,0.06155051200039452,49204,49238
9,249,0,3065,64,0.2790032625198364,58,0.90625,0.014168622001307085,0.05924616900301771,49204,49238
9,250,0,3066,64,0.4031670093536377,53,0.828125,0.014696566999191418,0.05695553399709752,49204,49238
9,251,0,3067,64,0.20747604966163635,58,0.90625,0.016942725000262726,0.0662193730022409,49204,49238
9,252,0,3068,64,0.2391788363456726,60,0.9375,0.013521934000891633,0.05767188299796544,49204,49238
9,253,0,3069,64,0.29983967542648315,60,0.9375,0.015564298999379389,0.06801318900033948,49204,49238
9,254,0,3070,64,0.19735845923423767,61,0.953125,0.0253712350022397,0.07081015899893828,49204,49238
9,255,0,3071,64,0.3123275339603424,55,0.859375,0.01489265400232398,0.0582385180023266,49204,49238
9,256,0,3072,64,0.22817246615886688,60,0.9375,0.014267478996771388,0.057627544996648794,49204,49238
9,257,0,3073,64,0.14752867817878723,61,0.953125,0.014389647003554273,0.06089154899746063,49204,49238
9,258,0,3074,64,0.3797835111618042,57,0.890625,0.015294237000489375,0.05921909499738831,49204,49238
9,259,0,3075,64,0.21210481226444244,60,0.9375,0.015070196004671743,0.059037582999735605,49204,49238
9,260,0,3076,64,0.18383973836898804,60,0.9375,0.014142001000436721,0.058052191001479514,49204,49238
9,261,0,3077,64,0.1913289725780487,62,0.96875,0.016013732998544583,0.05912076399908983,49204,49238
9,262,0,3078,64,0.1658613383769989,61,0.953125,0.013955040998553159,0.05673921600100584,49204,49238
9,263,0,3079,64,0.2687985897064209,55,0.859375,0.014056494997930713,0.05982988599862438,49204,49238
9,264,0,3080,64,0.21493928134441376,58,0.90625,0.014899820998834912,0.06405819399878965,49204,49238
9,265,0,3081,64,0.23408672213554382,59,0.921875,0.014284198001405457,0.05524931000036304,49204,49238
9,266,0,3082,64,0.37593522667884827,55,0.859375,0.017070017998776166,0.0593275100000028,49204,49238
9,267,0,3083,64,0.18503589928150177,57,0.890625,0.01575952200073516,0.06563810000079684,49204,49238
9,268,0,3084,64,0.2260492891073227,58,0.90625,0.013941440000053262,0.05969049399936921,49204,49238
9,269,0,3085,64,0.11453477293252945,63,0.984375,0.015051583995955298,0.06806102999689756,49204,49238
9,270,0,3086,64,0.33762723207473755,58,0.90625,0.014211374997103121,0.059338346000004094,49204,49238
9,271,0,3087,64,0.19241072237491608,61,0.953125,0.015185901000222657,0.058859337001194945,49204,49238
9,272,0,3088,64,0.2779720425605774,59,0.921875,0.014644631002738606,0.05736321299991687,49204,49238
9,273,0,3089,64,0.4094366431236267,49,0.765625,0.014477802000328666,0.0576083669984655,49204,49238
9,274,0,3090,64,0.20646381378173828,57,0.890625,0.01658503300131997,0.06377253400205518,49204,49238
9,275,0,3091,64,0.2251315712928772,58,0.90625,0.0161611699986679,0.06163516900051036,49204,49238
9,276,0,3092,64,0.2893492579460144,58,0.90625,0.01520992200312321,0.05934556799911661,49204,49238
9,277,0,3093,64,0.25928372144699097,57,0.890625,0.014488415996311232,0.057030619002034655,49204,49238
9,278,0,3094,64,0.31058746576309204,58,0.90625,0.014071751000301447,0.06216598599712597,49204,49238
9,279,0,3095,64,0.24732375144958496,61,0.953125,0.013709966995520517,0.05932526000106009,49204,49238
9,280,0,3096,64,0.3545342683792114,56,0.875,0.014478446999419248,0.06430001099943183,49204,49238
9,281,0,3097,64,0.23131148517131805,60,0.9375,0.013832860997354146,0.060600873999646865,49204,49238
9,282,0,3098,64,0.226898193359375,58,0.90625,0.01608938100252999,0.05916286100182333,49204,49238
9,283,0,3099,64,0.2426903396844864,58,0.90625,0.014580492999812122,0.05660686199917109,49204,49238
9,284,0,3100,64,0.23853446543216705,58,0.90625,0.01346938600181602,0.06218038399674697,49204,49238
9,285,0,3101,64,0.2960572838783264,60,0.9375,0.015331182003137656,0.06475200799832237,49204,49238
9,286,0,3102,64,0.19214987754821777,60,0.9375,0.013853534001100343,0.05904733699935605,49204,49238
9,287,0,3103,64,0.2613160014152527,59,0.921875,0.014874499996949453,0.061144142997363815,49204,49238
9,288,0,3104,64,0.2667159140110016,57,0.890625,0.016830630996992113,0.05935281900019618,49204,49238
9,289,0,3105,64,0.3220374584197998,58,0.90625,0.014873896998324199,0.0578969500020321,49204,49238
9,290,0,3106,64,0.29112038016319275,56,0.875,0.01666472199940472,0.05990576099793543,49204,49238
9,291,0,3107,64,0.24697697162628174,58,0.90625,0.014418005997868022,0.05811810999875888,49204,49238
9,292,0,3108,64,0.264116495847702,59,0.921875,0.014436679000937147,0.05953154199960409,49204,49238
9,293,0,3109,64,0.3778056800365448,54,0.84375,0.014357382999151014,0.06291936900015571,49204,49238
9,294,0,3110,64,0.24911397695541382,57,0.890625,0.014610344998800429,0.061499728999478975,49204,49238
9,295,0,3111,64,0.22094249725341797,59,0.921875,0.014388837000296917,0.058555611001793295,49204,49238
9,296,0,3112,64,0.2730129361152649,60,0.9375,0.015578411999740638,0.05888375300128246,49204,49238
9,297,0,3113,64,0.2607237696647644,59,0.921875,0.017742465002811514,0.061703333998593735,49204,49238
9,298,0,3114,64,0.3317129909992218,56,0.875,0.014199925004504621,0.058712885998829734,49204,49238
9,299,0,3115,64,0.21122829616069794,59,0.921875,0.01495171300121001,0.06242662300064694,49204,49238
9,300,0,3116,64,0.3852525055408478,57,0.890625,0.016017251000448596,0.06549652800094918,49204,49238
9,301,0,3117,64,0.3755319118499756,55,0.859375,0.015185121999820694,0.061180645003332756,49204,49238
9,302,0,3118,64,0.209832102060318,58,0.90625,0.013583404001110466,0.057061437000811566,49204,49238
9,303,0,3119,64,0.3807834982872009,56,0.875,0.017882105999888154,0.05994965100035188,49204,49238
9,304,0,3120,64,0.19122636318206787,58,0.90625,0.017336007000267273,0.06120847299825982,49204,49238
9,305,0,3121,64,0.3323545753955841,57,0.890625,0.014761488000658574,0.05665419899742119,49204,49238
9,306,0,3122,64,0.2324294149875641,58,0.90625,0.014334679999592481,0.06018980400040164,49204,49238
9,307,0,3123,64,0.3518189489841461,54,0.84375,0.014854778000881197,0.05709582100098487,49204,49238
9,308,0,3124,64,0.20201539993286133,60,0.9375,0.016401598000811646,0.06066265999834286,49204,49238
9,309,0,3125,64,0.3208215534687042,56,0.875,0.013892060000216588,0.056210413997177966,49204,49238
9,310,0,3126,64,0.234582781791687,59,0.921875,0.015595233999192715,0.05763449000005494,49204,49238
9,311,0,3127,64,0.18976466357707977,61,0.953125,0.013785307997750351,0.05540533999737818,49204,49238
9,312,0,3128,64,0.2669876217842102,59,0.921875,0.01457277700319537,0.0613324640034989,49204,49238
9,313,0,3129,64,0.16755914688110352,62,0.96875,0.01770618600130547,0.06689531799929682,49204,49238
9,314,0,3130,64,0.4350046217441559,55,0.859375,0.014632013000664301,0.05577478900158894,49204,49238
9,315,0,3131,64,0.346054345369339,59,0.921875,0.01375185200595297,0.05480920300033176,49204,49238
9,316,0,3132,64,0.2618480622768402,59,0.921875,0.014801875004195608,0.056679202996747335,49204,49238
9,317,0,3133,64,0.1542854607105255,60,0.9375,0.015310214999772143,0.05716208500234643,49204,49238
9,318,0,3134,64,0.3479885160923004,54,0.84375,0.013739466998231364,0.05720375700184377,49204,49238
9,319,0,3135,64,0.3218897581100464,60,0.9375,0.013869557998987148,0.0559353890021157,49204,49238
9,320,0,3136,64,0.29012131690979004,58,0.90625,0.01410322399897268,0.05619812199802254,49204,49238
9,321,0,3137,64,0.19538608193397522,61,0.953125,0.013898785004130332,0.060150969999085646,49204,49238
9,322,0,3138,64,0.23597687482833862,58,0.90625,0.013734145995840663,0.06374610100101563,49204,49238
9,323,0,3139,64,0.2630794942378998,57,0.890625,0.014150190003419993,0.06059578999702353,49204,49238
9,324,0,3140,64,0.19180992245674133,61,0.953125,0.017877118996693753,0.06295439200039255,49204,49238
9,325,0,3141,64,0.40507394075393677,56,0.875,0.01424083299934864,0.05739478999748826,49204,49238
9,326,0,3142,64,0.21106576919555664,60,0.9375,0.014714738998009125,0.06409786400035955,49204,49238
9,327,0,3143,64,0.22484564781188965,61,0.953125,0.013377094997849781,0.05691835700054071,49204,49238
9,328,0,3144,64,0.3967033624649048,56,0.875,0.014374636000866303,0.06771442599711008,49204,49238
9,329,0,3145,64,0.2670621871948242,59,0.921875,0.013471203001245158,0.058491751999099506,49204,49238
9,330,0,3146,64,0.3772793412208557,56,0.875,0.016110447999380995,0.0607474460011872,49204,49238
9,331,0,3147,64,0.18040385842323303,60,0.9375,0.014041079000890022,0.05806488899906981,49204,49238
9,332,0,3148,64,0.1545262485742569,60,0.9375,0.014257655002438696,0.05805335399782052,49204,49238
9,333,0,3149,64,0.4053381681442261,54,0.84375,0.01443977700182586,0.06311622499924852,49204,49238
9,334,0,3150,64,0.23381875455379486,58,0.90625,0.014227212002879241,0.060666084002150455,49204,49238
9,335,0,3151,64,0.2963910698890686,58,0.90625,0.014519237000058638,0.06550058399807313,49204,49238
9,336,0,3152,64,0.18777449429035187,61,0.953125,0.014415685000130907,0.05728675999853294,49204,49238
9,337,0,3153,64,0.31744080781936646,58,0.90625,0.014849844999844208,0.05875127100080135,49204,49238
9,338,0,3154,64,0.24562370777130127,57,0.890625,0.015287335998436902,0.06262184799925308,49204,49238
9,339,0,3155,64,0.1665552407503128,61,0.953125,0.014741603001311887,0.06067374000122072,49204,49238
9,340,0,3156,64,0.4173579812049866,55,0.859375,0.015778424003656255,0.062402333998761605,49204,49238
9,341,0,3157,64,0.30248305201530457,56,0.875,0.017270264001126634,0.0648704129998805,49204,49238
9,342,0,3158,64,0.17476001381874084,60,0.9375,0.01392662899888819,0.060558763001608895,49204,49238
9,343,0,3159,64,0.25353753566741943,58,0.90625,0.014114036999671953,0.05918985600146698,49204,49238
9,344,0,3160,64,0.31532159447669983,56,0.875,0.014139531002001604,0.05961574699904304,49204,49238
9,345,0,3161,64,0.3193173408508301,57,0.890625,0.01526339800329879,0.05752241700247396,49204,49238
9,346,0,3162,64,0.2317543625831604,60,0.9375,0.013851801999408053,0.05917148699882091,49204,49238
9,347,0,3163,64,0.20577847957611084,61,0.953125,0.014611376995162573,0.06403221199798281,49204,49238
9,348,0,3164,64,0.315357506275177,56,0.875,0.017003404995193705,0.06735009500334854,49204,49238
9,349,0,3165,64,0.20654240250587463,61,0.953125,0.01723562099505216,0.06582303000323009,49204,49238
9,350,0,3166,64,0.3554688096046448,55,0.859375,0.0170433339990268,0.05952891000197269,49204,49238
9,351,0,3167,36,0.27632299065589905,31,0.8611111111111112,0.015368659998785006,0.056501577000744874,27699,27733
10,0,0,3168,64,0.15602490305900574,60,0.9375,0.017302780997852096,0.06733230000099866,49204,49238
10,1,0,3169,64,0.18942254781723022,59,0.921875,0.01459910399717046,0.05955914399964968,49204,49238
10,2,0,3170,64,0.13783416152000427,62,0.96875,0.016781200996774714,0.06982929800142301,49204,49238
10,3,0,3171,64,0.14369425177574158,60,0.9375,0.014214567003364209,0.06001583000033861,49204,49238
10,4,0,3172,64,0.2500835061073303,60,0.9375,0.015011976000096183,0.06141546499929973,49204,49238
10,5,0,3173,64,0.1738530993461609,60,0.9375,0.01445351799702621,0.06883191100132535,49204,49238
10,6,0,3174,64,0.16228455305099487,63,0.984375,0.017219328998180572,0.06943111000146018,49204,49238
10,7,0,3175,64,0.10442966967821121,62,0.96875,0.01690947100360063,0.07831980099945213,49204,49238
10,8,0,3176,64,0.15245914459228516,61,0.953125,0.020784573000128148,0.07788541999980225,49204,49238
10,9,0,3177,64,0.12777724862098694,62,0.96875,0.01636518499799422,0.0642291110016231,49204,49238
10,10,0,3178,64,0.19617599248886108,59,0.921875,0.014218235002772417,0.059239184000034584,49204,49238
10,11,0,3179,64,0.13869257271289825,61,0.953125,0.013861834002454998,0.05803664699851652,49204,49238
10,12,0,3180,64,0.15534839034080505,59,0.921875,0.013957781997305574,0.0575085839991516,49204,49238
10,13,0,3181,64,0.09552456438541412,62,0.96875,0.015750259000924416,0.06467835299918079,49204,49238
10,14,0,3182,64,0.1183166354894638,61,0.953125,0.016139370996825164,0.061097748002794106,49204,49238
10,15,0,3183,64,0.17727550864219666,61,0.953125,0.015318742003728403,0.061155757000960875,49204,49238
10,16,0,3184,64,0.08327117562294006,63,0.984375,0.015359906003141077,0.05807207500038203,49204,49238
10,17,0,3185,64,0.12613604962825775,62,0.96875,0.01595542599898181,0.060893016001500655,49204,49238
10,18,0,3186,64,0.1449470818042755,61,0.953125,0.015348098997492343,0.05945393799993326,49204,49238
10,19,0,3187,64,0.06578372418880463,64,1.0,0.015029286998469615,0.06037289800224244,49204,49238
10,20,0,3188,64,0.20459893345832825,60,0.9375,0.016661350997310365,0.06396083900108351,49204,49238
10,21,0,3189,64,0.16511929035186768,60,0.9375,0.01870128299924545,0.06564559099933831,49204,49238
10,22,0,3190,64,0.1119891032576561,63,0.984375,0.014055612002266571,0.06022626699996181,49204,49238
10,23,0,3191,64,0.14360418915748596,61,0.953125,0.01757414100211463,0.06196945500050788,49204,49238
10,24,0,3192,64,0.13351121544837952,62,0.96875,0.018939487999887206,0.09014277000096627,49204,49238
10,25,0,3193,64,0.1125226616859436,63,0.984375,0.018542450001405086,0.0637092440010747,49204,49238
10,26,0,3194,64,0.10076850652694702,63,0.984375,0.017522040001495043,0.06339396000112174,49204,49238
10,27,0,3195,64,0.20853355526924133,61,0.953125,0.014999415001511807,0.060584326998650795,49204,49238
10,28,0,3196,64,0.16872084140777588,59,0.921875,0.015227045001665829,0.05997812599889585,49204,49238
10,29,0,3197,64,0.08875435590744019,63,0.984375,0.015556262998870807,0.058563842001603916,49204,49238
10,30,0,3198,64,0.09450772404670715,62,0.96875,0.014622738999605644,0.0640698799979873,49204,49238
10,31,0,3199,64,0.18118390440940857,62,0.96875,0.016073247999884188,0.06478638300177408,49204,49238
10,32,0,3200,64,0.09744273126125336,62,0.96875,0.014079052998567931,0.0556465150002623,49204,49238
10,33,0,3201,64,0.15624849498271942,61,0.953125,0.016109935997519642,0.062248483998700976,49204,49238
10,34,0,3202,64,0.159774512052536,59,0.921875,0.015897875997325173,0.060570761997951195,49204,49238
10,35,0,3203,64,0.19472408294677734,62,0.96875,0.01837445899946033,0.06383752200054005,49204,49238
10,36,0,3204,64,0.13691829144954681,62,0.96875,0.015549274998193141,0.06077660699884291,49204,49238
10,37,0,3205,64,0.11047342419624329,61,0.953125,0.015735457000118913,0.060426021002058405,49204,49238
10,38,0,3206,64,0.11218874901533127,62,0.96875,0.014921312002115883,0.07008690600196132,49204,49238
10,39,0,3207,64,0.15758055448532104,60,0.9375,0.016567416994803352,0.07145577200208209,49204,49238
10,40,0,3208,64,0.12385636568069458,61,0.953125,0.01983011500124121,0.07518397199964966,49204,49238
10,41,0,3209,64,0.25576990842819214,59,0.921875,0.016763853996963007,0.07097861399961403,49204,49238
10,42,0,3210,64,0.08700787276029587,62,0.96875,0.01844204399822047,0.0724093829994672,49204,49238
10,43,0,3211,64,0.04217468947172165,64,1.0,0.017013492000842234,0.07075185000212514,49204,49238
10,44,0,3212,64,0.1753285527229309,62,0.96875,0.016974453999864636,0.06889213300019037,49204,49238
10,45,0,3213,64,0.13421331346035004,61,0.953125,0.01414792599825887,0.07124097700216225,49204,49238
10,46,0,3214,64,0.11103133112192154,62,0.96875,0.014828026000031969,0.06675779800207238,49204,49238
10,47,0,3215,64,0.09796757251024246,62,0.96875,0.01472598699547234,0.06684846699863556,49204,49238
10,48,0,3216,64,0.11926640570163727,61,0.953125,0.016487605000293115,0.06824153300112812,49204,49238
10,49,0,3217,64,0.16377028822898865,63,0.984375,0.016428718001407105,0.07291008600077475,49204,49238
10,50,0,3218,64,0.08024577051401138,64,1.0,0.016039813999668695,0.066640125001868,49204,49238
10,51,0,3219,64,0.12136755138635635,61,0.953125,0.01652091999858385,0.0672300219994213,49204,49238
10,52,0,3220,64,0.12023467570543289,62,0.96875,0.01779672300472157,0.0703734219969192,49204,49238
10,53,0,3221,64,0.08955646306276321,62,0.96875,0.014921396999852732,0.07155049100038013,49204,49238
10,54,0,3222,64,0.15917891263961792,60,0.9375,0.015459198999451473,0.06773982099912246,49204,49238
10,55,0,3223,64,0.29868602752685547,56,0.875,0.015310941998905037,0.0733181510004215,49204,49238
10,56,0,3224,64,0.11727365851402283,61,0.953125,0.019444495999778155,0.07085821600048803,49204,49238
10,57,0,3225,64,0.08321282267570496,63,0.984375,0.015767646000313107,0.067844409000827,49204,49238
10,58,0,3226,64,0.1453077793121338,61,0.953125,0.01486769499751972,0.06556292800087249,49204,49238
10,59,0,3227,64,0.3143969178199768,58,0.90625,0.014306897999631474,0.06725277300211019,49204,49238
10,60,0,3228,64,0.2821381390094757,61,0.953125,0.015734361000795616,0.06672270300259697,49204,49238
10,61,0,3229,64,0.2146008312702179,60,0.9375,0.014723399002832593,0.06995747899782145,49204,49238
10,62,0,3230,64,0.1710619330406189,59,0.921875,0.01392613800271647,0.06695547799972701,49204,49238
10,63,0,3231,64,0.1417401134967804,61,0.953125,0.01399605099868495,0.05181936100052553,49204,49238
10,64,0,3232,64,0.13353128731250763,61,0.953125,0.01350894399729441,0.050523455000075046,49204,49238
10,65,0,3233,64,0.34134605526924133,55,0.859375,0.014092571003857302,0.05542756200156873,49204,49238
10,66,0,3234,64,0.12014557421207428,63,0.984375,0.014119424002274172,0.05082249699989916,49204,49238
10,67,0,3235,64,0.16460958123207092,59,0.921875,0.013606044001789996,0.0501274980015296,49204,49238
10,68,0,3236,64,0.24013222754001617,58,0.90625,0.013653082998644095,0.051512277001165785,49204,49238
10,69,0,3237,64,0.3375215530395508,58,0.90625,0.014075864000915317,0.05119876699973247,49204,49238
10,70,0,3238,64,0.2399548888206482,58,0.90625,0.01373430699823075,0.05120207000072696,49204,49238
10,71,0,3239,64,0.1637261062860489,62,0.96875,0.013151143000868615,0.05368184500184725,49204,49238
10,72,0,3240,64,0.17892411351203918,61,0.953125,0.013295771997945849,0.04918969299978926,49204,49238
10,73,0,3241,64,0.1526232212781906,62,0.96875,0.01347009300297941,0.0511533770004462,49204,49238
10,74,0,3242,64,0.10368898510932922,62,0.96875,0.016047514000092633,0.05557851399862557,49204,49238
10,75,0,3243,64,0.19224950671195984,58,0.90625,0.014177072000165936,0.0540289330019732,49204,49238
10,76,0,3244,64,0.21283550560474396,60,0.9375,0.015165537999564549,0.05553713100016466,49204,49238
10,77,0,3245,64,0.24584069848060608,58,0.90625,0.014182172999426257,0.05921397999918554,49204,49238
10,78,0,3246,64,0.24090291559696198,58,0.90625,0.014018077999935485,0.05344237200188218,49204,49238
10,79,0,3247,64,0.1552140861749649,60,0.9375,0.013585192999016726,0.05284703600045759,49204,49238
10,80,0,3248,64,0.12861724197864532,61,0.953125,0.013917625998146832,0.05162567300067167,49204,49238
10,81,0,3249,64,0.18126937747001648,61,0.953125,0.01382665599885513,0.05984467300004326,49204,49238
10,82,0,3250,64,0.2838485836982727,57,0.890625,0.014511148001474794,0.05394228499790188,49204,49238
10,83,0,3251,64,0.1358286440372467,61,0.953125,0.014309582998976111,0.05357122299756156,49204,49238
10,84,0,3252,64,0.17588664591312408,62,0.96875,0.0136909890024981,0.05179823599974043,49204,49238
10,85,0,3253,64,0.2256341129541397,58,0.90625,0.013390776999585796,0.05279112299831468,49204,49238
10,86,0,3254,64,0.16691359877586365,60,0.9375,0.0141725649991713,0.05341838299864321,49204,49238
10,87,0,3255,64,0.28560253977775574,58,0.90625,0.015067832999193342,0.053611440998793114,49204,49238
10,88,0,3256,64,0.1988891065120697,61,0.953125,0.01373989899730077,0.051915078998717945,49204,49238
10,89,0,3257,64,0.08890749514102936,62,0.96875,0.021448663999763085,0.07265596500292304,49204,49238
10,90,0,3258,64,0.18212871253490448,60,0.9375,0.01614995199997793,0.05378017000111868,49204,49238
10,91,0,3259,64,0.12129443883895874,62,0.96875,0.01323601800322649,0.05301932599832071,49204,49238
10,92,0,3260,64,0.11046529561281204,62,0.96875,0.013787368003249867,0.05442790300003253,49204,49238
10,93,0,3261,64,0.28155946731567383,58,0.90625,0.014152409003145294,0.05724204100260977,49204,49238
10,94,0,3262,64,0.16410042345523834,59,0.921875,0.015145485998800723,0.05579619600030128,49204,49238
10,95,0,3263,64,0.06385496258735657,63,0.984375,0.014164826003252529,0.056265218001499306,49204,49238
10,96,0,3264,64,0.1484258472919464,61,0.953125,0.01465614100015955,0.055911821000336204,49204,49238
10,97,0,3265,64,0.17211204767227173,61,0.953125,0.01343917899794178,0.05198941900016507,49204,49238
10,98,0,3266,64,0.18673744797706604,60,0.9375,0.013770990000921302,0.05390063499726239,49204,49238
10,99,0,3267,64,0.23021471500396729,56,0.875,0.01773477099777665,0.06117033400005312,49204,49238
10,100,0,3268,64,0.17659838497638702,60,0.9375,0.014067189003981184,0.055278374999033986,49204,49238
10,101,0,3269,64,0.20029506087303162,60,0.9375,0.01546356800099602,0.05557687399777933,49204,49238
10,102,0,3270,64,0.11972977221012115,61,0.953125,0.014029153000592487,0.05469077000088873,49204,49238
10,103,0,3271,64,0.08716785907745361,63,0.984375,0.014019026999449125,0.055564286001754226,49204,49238
10,104,0,3272,64,0.14848452806472778,62,0.96875,0.01477888699810137,0.058460064999962924,49204,49238
10,105,0,3273,64,0.1721191555261612,62,0.96875,0.014353594000567682,0.06095101900064037,49204,49238
10,106,0,3274,64,0.1681382954120636,61,0.953125,0.014245444999687606,0.05523038300088956,49204,49238
10,107,0,3275,64,0.17315085232257843,60,0.9375,0.01347171900124522,0.05485840300025302,49204,49238
10,108,0,3276,64,0.21192939579486847,56,0.875,0.014712636999320239,0.062151436002750415,49204,49238
10,109,0,3277,64,0.22916856408119202,59,0.921875,0.01647266400323133,0.05816044600214809,49204,49238
10,110,0,3278,64,0.16023056209087372,63,0.984375,0.01405853600226692,0.057426475003012456,49204,49238
10,111,0,3279,64,0.21106311678886414,58,0.90625,0.01420693699765252,0.056081621998600895,49204,49238
10,112,0,3280,64,0.20493480563163757,60,0.9375,0.01473088299826486,0.05765202000111458,49204,49238
10,113,0,3281,64,0.28400760889053345,56,0.875,0.014713674998347415,0.055867510000098264,49204,49238
10,114,0,3282,64,0.169011652469635,60,0.9375,0.013715873999899486,0.05821103500056779,49204,49238
10,115,0,3283,64,0.25303488969802856,58,0.90625,0.013997671001561685,0.05586334200052079,49204,49238
10,116,0,3284,64,0.21162758767604828,58,0.90625,0.014361303998157382,0.06342677499924321,49204,49238
10,117,0,3285,64,0.1031774953007698,62,0.96875,0.015418356997543015,0.06261582700244617,49204,49238
10,118,0,3286,64,0.1915958821773529,57,0.890625,0.016792514998087427,0.06220159499935107,49204,49238
10,119,0,3287,64,0.23834946751594543,59,0.921875,0.01475565499640652,0.057912650001526345,49204,49238
10,120,0,3288,64,0.1161855086684227,62,0.96875,0.015839482999581378,0.060740166998584755,49204,49238
10,121,0,3289,64,0.12393897771835327,63,0.984375,0.014413419001357397,0.05686386399975163,49204,49238
10,122,0,3290,64,0.11939410120248795,61,0.953125,0.014082025998504832,0.055942492002941435,49204,49238
10,123,0,3291,64,0.073823943734169,64,1.0,0.01446303199918475,0.05609616200308665,49204,49238
10,124,0,3292,64,0.23862454295158386,59,0.921875,0.014045357995200902,0.05600808600138407,49204,49238
10,125,0,3293,64,0.20666678249835968,62,0.96875,0.01401020699631772,0.057024106001335895,49204,49238
10,126,0,3294,64,0.18189306557178497,61,0.953125,0.014837752998573706,0.05749417499828269,49204,49238
10,127,0,3295,64,0.11868517100811005,62,0.96875,0.014801326000451809,0.06011751500045648,49204,49238
10,128,0,3296,64,0.07639330625534058,63,0.984375,0.013676669001142727,0.0556832319998648,49204,49238
10,129,0,3297,64,0.3187311589717865,56,0.875,0.014107077997323358,0.05618906599920592,49204,49238
10,130,0,3298,64,0.2521010935306549,58,0.90625,0.015780469999299385,0.08039052100139088,49204,49238
10,131,0,3299,64,0.23027068376541138,55,0.859375,0.016205002000788227,0.0592968330020085,49204,49238
10,132,0,3300,64,0.19400615990161896,62,0.96875,0.014724479002325097,0.05903430699981982,49204,49238
10,133,0,3301,64,0.17607595026493073,60,0.9375,0.013840620002156356,0.05723675199988065,49204,49238
10,134,0,3302,64,0.11582303047180176,62,0.96875,0.014536043996486114,0.0593921270010469,49204,49238
10,135,0,3303,64,0.1504785269498825,61,0.953125,0.014428321999730542,0.06372779700177489,49204,49238
10,136,0,3304,64,0.12367743253707886,62,0.96875,0.013956150996818906,0.05915193799955887,49204,49238
10,137,0,3305,64,0.2561038136482239,60,0.9375,0.01485524699819507,0.058667359000537544,49204,49238
10,138,0,3306,64,0.29239821434020996,61,0.953125,0.014737268000317272,0.06500779099951615,49204,49238
10,139,0,3307,64,0.15752559900283813,61,0.953125,0.014240984000934986,0.0591900479994365,49204,49238
10,140,0,3308,64,0.19344058632850647,59,0.921875,0.0152766530009103,0.058694807998108445,49204,49238
10,141,0,3309,64,0.19155988097190857,60,0.9375,0.015139836996240774,0.0728332769976987,49204,49238
10,142,0,3310,64,0.1775568127632141,60,0.9375,0.017887188998429338,0.0625781660019129,49204,49238
10,143,0,3311,64,0.1943209320306778,59,0.921875,0.016930410001805285,0.06454125600066618,49204,49238
10,144,0,3312,64,0.14583519101142883,62,0.96875,0.01736303500001668,0.06034986700251466,49204,49238
10,145,0,3313,64,0.2599415183067322,58,0.90625,0.014922719001333462,0.05719304599915631,49204,49238
10,146,0,3314,64,0.162116140127182,61,0.953125,0.015520496999670286,0.058328359002189245,49204,49238
10,147,0,3315,64,0.23935700953006744,57,0.890625,0.01670554500014987,0.060265165997407166,49204,49238
10,148,0,3316,64,0.209233820438385,60,0.9375,0.018335528999159578,0.06541791400013608,49204,49238
10,149,0,3317,64,0.22059231996536255,60,0.9375,0.01774707199729164,0.05923671500204364,49204,49238
10,150,0,3318,64,0.19541393220424652,60,0.9375,0.01683127000069362,0.05925233300149557,49204,49238
10,151,0,3319,64,0.17278286814689636,61,0.953125,0.01828797899725032,0.06373508300021058,49204,49238
10,152,0,3320,64,0.12941962480545044,61,0.953125,0.018287295999471098,0.06160523899961845,49204,49238
10,153,0,3321,64,0.10674639791250229,61,0.953125,0.01468750699859811,0.05797778700070921,49204,49238
10,154,0,3322,64,0.13805192708969116,62,0.96875,0.018320259001484374,0.06044978399950196,49204,49238
10,155,0,3323,64,0.23550811409950256,58,0.90625,0.016565973997785477,0.06312763399910182,49204,49238
10,156,0,3324,64,0.20183195173740387,60,0.9375,0.01783949599848711,0.0625457730020571,49204,49238
10,157,0,3325,64,0.22905957698822021,56,0.875,0.015771123995364178,0.057210777998989215,49204,49238
10,158,0,3326,64,0.2262546569108963,59,0.921875,0.014373912003065925,0.05576572200152441,49204,49238
10,159,0,3327,64,0.17663177847862244,60,0.9375,0.018849067004339304,0.06384395399800269,49204,49238
10,160,0,3328,64,0.15021169185638428,59,0.921875,0.019068542998866178,0.06352642199999536,49204,49238
10,161,0,3329,64,0.11123429238796234,62,0.96875,0.017961677003768273,0.06086362299902248,49204,49238
10,162,0,3330,64,0.21360406279563904,59,0.921875,0.017996845999732614,0.06058388000019477,49204,49238
10,163,0,3331,64,0.15060994029045105,59,0.921875,0.018407045001367806,0.06136044000231777,49204,49238
10,164,0,3332,64,0.23950575292110443,61,0.953125,0.014739463997102575,0.05676022099942202,49204,49238
10,165,0,3333,64,0.37823355197906494,54,0.84375,0.014930870001990115,0.05723666999983834,49204,49238
10,166,0,3334,64,0.1331603080034256,62,0.96875,0.014936330997443292,0.056134513000870356,49204,49238
10,167,0,3335,64,0.128907710313797,63,0.984375,0.016700079999282025,0.058713973998237634,49204,49238
10,168,0,3336,64,0.20310582220554352,59,0.921875,0.014219786000467138,0.05682745299782255,49204,49238
10,169,0,3337,64,0.1985359638929367,61,0.953125,0.014781357000174467,0.06054153600052814,49204,49238
10,170,0,3338,64,0.07023867964744568,64,1.0,0.01403138699970441,0.05726967400187277,49204,49238
10,171,0,3339,64,0.2713061571121216,56,0.875,0.016636068998195697,0.06001585199919646,49204,49238
10,172,0,3340,64,0.16464392840862274,60,0.9375,0.014053077004064107,0.055615852998016635,49204,49238
10,173,0,3341,64,0.14606565237045288,58,0.90625,0.014570014998753322,0.06071704500209307,49204,49238
10,174,0,3342,64,0.3072618842124939,56,0.875,0.014095687998633366,0.05909534199963673,49204,49238
10,175,0,3343,64,0.16830918192863464,59,0.921875,0.015524460999586154,0.05917798500013305,49204,49238
10,176,0,3344,64,0.16806486248970032,60,0.9375,0.01540546299656853,0.0630340489988157,49204,49238
10,177,0,3345,64,0.20173710584640503,59,0.921875,0.014178450001054443,0.05597930300064036,49204,49238
10,178,0,3346,64,0.23666134476661682,58,0.90625,0.014064944996789563,0.05685708999953931,49204,49238
10,179,0,3347,64,0.21155492961406708,61,0.953125,0.01363123299961444,0.0567276479996508,49204,49238
10,180,0,3348,64,0.270620197057724,58,0.90625,0.014978711002186174,0.05842795799981104,49204,49238
10,181,0,3349,64,0.20572352409362793,60,0.9375,0.014771432000998175,0.05730488000335754,49204,49238
10,182,0,3350,64,0.1814763844013214,58,0.90625,0.01408961999550229,0.05671885999981896,49204,49238
10,183,0,3351,64,0.2161605954170227,59,0.921875,0.01710035200085258,0.06365300799734541,49204,49238
10,184,0,3352,64,0.2812773585319519,56,0.875,0.013840723997418536,0.05609161000029417,49204,49238
10,185,0,3353,64,0.2861831784248352,57,0.890625,0.013659328997164266,0.059320072999980766,49204,49238
10,186,0,3354,64,0.10791873931884766,63,0.984375,0.017333192001387943,0.06638256999940495,49204,49238
10,187,0,3355,64,0.14984340965747833,60,0.9375,0.014347881002322538,0.057258504999481374,49204,49238
10,188,0,3356,64,0.21947380900382996,58,0.90625,0.014613201001338894,0.060167708001245046,49204,49238
10,189,0,3357,64,0.1408219188451767,61,0.953125,0.014569015002052765,0.05899215699901106,49204,49238
10,190,0,3358,64,0.09710533171892166,62,0.96875,0.014422902997466736,0.056242405000375584,49204,49238
10,191,0,3359,64,0.11136357486248016,61,0.953125,0.014421585001400672,0.055954945000848966,49204,49238
10,192,0,3360,64,0.13293518126010895,62,0.96875,0.013654714999574935,0.05844511399845942,49204,49238
10,193,0,3361,64,0.36953413486480713,56,0.875,0.014720302999194246,0.058290282999223564,49204,49238
10,194,0,3362,64,0.1317434310913086,61,0.953125,0.01531518600313575,0.05867770099939662,49204,49238
10,195,0,3363,64,0.28691214323043823,56,0.875,0.017552696001075674,0.06736858200019924,49204,49238
10,196,0,3364,64,0.16300463676452637,61,0.953125,0.017683944999589585,0.06403870599751826,49204,49238
10,197,0,3365,64,0.2999431788921356,58,0.90625,0.017729670002154307,0.06133627500094008,49204,49238
10,198,0,3366,64,0.12022972106933594,62,0.96875,0.014522393998049665,0.05851265100136516,49204,49238
10,199,0,3367,64,0.1833355873823166,58,0.90625,0.015301028000976657,0.05930165700192447,49204,49238
10,200,0,3368,64,0.0893181636929512,63,0.984375,0.01480328300385736,0.05630953700165264,49204,49238
10,201,0,3369,64,0.2063487321138382,61,0.953125,0.014834479999990435,0.057670049001899315,49204,49238
10,202,0,3370,64,0.26892170310020447,57,0.890625,0.015672814999561524,0.05978611600221484,49204,49238
10,203,0,3371,64,0.27262386679649353,56,0.875,0.014302560000942321,0.05610591000004206,49204,49238
10,204,0,3372,64,0.14940199255943298,60,0.9375,0.014663770998595282,0.059838965000380995,49204,49238
10,205,0,3373,64,0.2158777117729187,58,0.90625,0.01524573500137194,0.059741257999121444,49204,49238
10,206,0,3374,64,0.25577273964881897,57,0.890625,0.015179803998762509,0.058645722001529066,49204,49238
10,207,0,3375,64,0.2472417801618576,60,0.9375,0.014813127003435511,0.05654217399933259,49204,49238
10,208,0,3376,64,0.2558518946170807,60,0.9375,0.015061263002280612,0.05720220299917855,49204,49238
10,209,0,3377,64,0.19195538759231567,59,0.921875,0.014435184999456396,0.06081841000195709,49204,49238
10,210,0,3378,64,0.28066277503967285,58,0.90625,0.014653188998636324,0.05984008999803336,49204,49238
10,211,0,3379,64,0.12162899971008301,61,0.953125,0.015246353003021795,0.056895969002653146,49204,49238
10,212,0,3380,64,0.06836531311273575,63,0.984375,0.01704950900239055,0.05915872400146327,49204,49238
10,213,0,3381,64,0.33669760823249817,54,0.84375,0.013820785999996588,0.05684836799991899,49204,49238
10,214,0,3382,64,0.28333285450935364,57,0.890625,0.014393702000234043,0.05822104899925762,49204,49238
10,215,0,3383,64,0.1753075271844864,59,0.921875,0.015910336001979886,0.058290846998716006,49204,49238
10,216,0,3384,64,0.268221378326416,60,0.9375,0.014218713997252053,0.05660718800208997,49204,49238
10,217,0,3385,64,0.25559958815574646,61,0.953125,0.014621880000049714,0.05808747400078573,49204,49238
10,218,0,3386,64,0.17989283800125122,61,0.953125,0.015913611998257693,0.0648062159998517,49204,49238
10,219,0,3387,64,0.13024848699569702,62,0.96875,0.015112316996237496,0.05892231500183698,49204,49238
10,220,0,3388,64,0.19414035975933075,59,0.921875,0.014907861001120182,0.057697931999427965,49204,49238
10,221,0,3389,64,0.08304165303707123,64,1.0,0.014018278001458384,0.055951567002921365,49204,49238
10,222,0,3390,64,0.25515639781951904,59,0.921875,0.014180129997839686,0.055726409002090804,49204,49238
10,223,0,3391,64,0.2920975387096405,57,0.890625,0.014157405999867478,0.058802028997888556,49204,49238
10,224,0,3392,64,0.18946319818496704,62,0.96875,0.016776019994722446,0.0601338050000777,49204,49238
10,225,0,3393,64,0.23524825274944305,60,0.9375,0.015743921001558192,0.05801989999963553,49204,49238
10,226,0,3394,64,0.183208167552948,60,0.9375,0.014108448001934448,0.0577254499985429,49204,49238
10,227,0,3395,64,0.24741187691688538,60,0.9375,0.014044887997442856,0.05931846400198992,49204,49238
10,228,0,3396,64,0.15478025376796722,62,0.96875,0.014912850001564948,0.05806822099839337,49204,49238
10,229,0,3397,64,0.23795822262763977,58,0.90625,0.014959616000851383,0.06026207300237729,49204,49238
10,230,0,3398,64,0.2457401156425476,59,0.921875,0.016077726002549753,0.05985845800023526,49204,49238
10,231,0,3399,64,0.24818077683448792,56,0.875,0.014836319001915399,0.05872710599942366,49204,49238
10,232,0,3400,64,0.24124222993850708,59,0.921875,0.01485907299866085,0.0626881720017991,49204,49238
10,233,0,3401,64,0.2368771880865097,60,0.9375,0.013635347997478675,0.055602231001103064,49204,49238
10,234,0,3402,64,0.16418060660362244,60,0.9375,0.014989964001870248,0.05995136099954834,49204,49238
10,235,0,3403,64,0.1201966404914856,61,0.953125,0.017441059004340786,0.06162366200078395,49204,49238
10,236,0,3404,64,0.3693000376224518,54,0.84375,0.01558478699735133,0.06212841700107674,49204,49238
10,237,0,3405,64,0.11060497909784317,64,1.0,0.017028337002557237,0.05954115300119156,49204,49238
10,238,0,3406,64,0.19332674145698547,58,0.90625,0.0143664280003577,0.05710529100178974,49204,49238
10,239,0,3407,64,0.17718082666397095,60,0.9375,0.014461639999353793,0.057036043999687536,49204,49238
10,240,0,3408,64,0.22304582595825195,61,0.953125,0.01721903799989377,0.06001234100040165,49204,49238
10,241,0,3409,64,0.3170837163925171,56,0.875,0.014013672000146471,0.05597920299987891,49204,49238
10,242,0,3410,64,0.18660219013690948,59,0.921875,0.01412667499971576,0.05962771000122302,49204,49238
10,243,0,3411,64,0.19226551055908203,59,0.921875,0.017233287002454745,0.05864407300032326,49204,49238
10,244,0,3412,64,0.23155508935451508,59,0.921875,0.01721807400099351,0.05986315400150488,49204,49238
10,245,0,3413,64,0.10644141584634781,61,0.953125,0.01736595399779617,0.0621094929992978,49204,49238
10,246,0,3414,64,0.2795250415802002,59,0.921875,0.014986128997406922,0.05565303900220897,49204,49238
10,247,0,3415,64,0.37200307846069336,53,0.828125,0.013714499997149687,0.056750804997136584,49204,49238
10,248,0,3416,64,0.31071344017982483,57,0.890625,0.014524338999763131,0.05652932100201724,49204,49238
10,249,0,3417,64,0.2781244218349457,58,0.90625,0.014174947998981224,0.05636635599876172,49204,49238
10,250,0,3418,64,0.269915908575058,59,0.921875,0.015118363000510726,0.06305381299898727,49204,49238
10,251,0,3419,64,0.22124935686588287,60,0.9375,0.014844659002847038,0.05868475399984163,49204,49238
10,252,0,3420,64,0.5105462074279785,53,0.828125,0.0141994900041027,0.060375688000931405,49204,49238
10,253,0,3421,64,0.2788400650024414,57,0.890625,0.014087681000091834,0.05661641199912992,49204,49238
10,254,0,3422,64,0.16453640162944794,59,0.921875,0.014234882004529936,0.05676315299933776,49204,49238
10,255,0,3423,64,0.16497626900672913,60,0.9375,0.014299578000645852,0.06675406000067596,49204,49238
10,256,0,3424,64,0.3109992444515228,56,0.875,0.014908967994415434,0.0574066090011911,49204,49238
10,257,0,3425,64,0.1317228376865387,62,0.96875,0.014950275999581208,0.05846216400095727,49204,49238
10,258,0,3426,64,0.23134231567382812,58,0.90625,0.015268590996129205,0.060271276997809764,49204,49238
10,259,0,3427,64,0.21466343104839325,59,0.921875,0.013742766997893341,0.05779186900326749,49204,49238
10,260,0,3428,64,0.21313297748565674,59,0.921875,0.013459795998642221,0.05570178600100917,49204,49238
10,261,0,3429,64,0.15556147694587708,62,0.96875,0.016226791998633416,0.06181522699989728,49204,49238
10,262,0,3430,64,0.11586667597293854,62,0.96875,0.013978114002384245,0.05792942300104187,49204,49238
10,263,0,3431,64,0.13703390955924988,61,0.953125,0.01468858100270154,0.05876573699788423,49204,49238
10,264,0,3432,64,0.19927582144737244,59,0.921875,0.01462046099914005,0.05737774599765544,49204,49238
10,265,0,3433,64,0.151555135846138,60,0.9375,0.013534016001358395,0.05693263300054241,49204,49238
10,266,0,3434,64,0.129958838224411,61,0.953125,0.014715934998093871,0.05766383100126404,49204,49238
10,267,0,3435,64,0.0920649990439415,62,0.96875,0.014460370995948324,0.058853992999502225,49204,49238
10,268,0,3436,64,0.23912610113620758,61,0.953125,0.014335677999042673,0.0607209560002957,49204,49238
10,269,0,3437,64,0.12886887788772583,62,0.96875,0.014128710998193128,0.061151038000389235,49204,49238
10,270,0,3438,64,0.10238605737686157,61,0.953125,0.018003073997533647,0.060083060001488775,49204,49238
10,271,0,3439,64,0.3027801811695099,57,0.890625,0.01747176699791453,0.06330487200102652,49204,49238
10,272,0,3440,64,0.11861440539360046,62,0.96875,0.01429812200149172,0.05798313500054064,49204,49238
10,273,0,3441,64,0.13989688456058502,60,0.9375,0.01475259300423204,0.06278478800231824,49204,49238
10,274,0,3442,64,0.2031293362379074,59,0.921875,0.01545221700143884,0.06096622399854823,49204,49238
10,275,0,3443,64,0.2417147010564804,58,0.90625,0.016462766001495766,0.061277076001715614,49204,49238
10,276,0,3444,64,0.3017847239971161,57,0.890625,0.01736890399843105,0.07715849899977911,49204,49238
10,277,0,3445,64,0.18573623895645142,60,0.9375,0.015921658003207995,0.05700591400091071,49204,49238
10,278,0,3446,64,0.4076242446899414,53,0.828125,0.014984162000473589,0.05674105499929283,49204,49238
10,279,0,3447,64,0.19231031835079193,59,0.921875,0.014452869003434898,0.057400409001274966,49204,49238
10,280,0,3448,64,0.13453641533851624,62,0.96875,0.016539667998586083,0.05794182500176248,49204,49238
10,281,0,3449,64,0.22772249579429626,59,0.921875,0.01540531100181397,0.0569327080011135,49204,49238
10,282,0,3450,64,0.2749035954475403,59,0.921875,0.015689452000515303,0.058594515998265706,49204,49238
10,283,0,3451,64,0.1769586205482483,63,0.984375,0.014391464002983412,0.05826111399801448,49204,49238
10,284,0,3452,64,0.3704049587249756,57,0.890625,0.01736916600202676,0.06322874200122897,49204,49238
10,285,0,3453,64,0.41744041442871094,56,0.875,0.014204397000867175,0.05789558600008604,49204,49238
10,286,0,3454,64,0.28093937039375305,57,0.890625,0.013912523001636146,0.05976767899846891,49204,49238
10,287,0,3455,64,0.30778390169143677,58,0.90625,0.01705026199852,0.059010614997532684,49204,49238
10,288,0,3456,64,0.1928236186504364,61,0.953125,0.014681874999951106,0.05820455000139191,49204,49238
10,289,0,3457,64,0.31473100185394287,59,0.921875,0.014459747999353567,0.058351742998638656,49204,49238
10,290,0,3458,64,0.21462185680866241,59,0.921875,0.014527761999488575,0.05933235699922079,49204,49238
10,291,0,3459,64,0.3835274577140808,53,0.828125,0.014273279000917682,0.061157422001997475,49204,49238
10,292,0,3460,64,0.16216997802257538,60,0.9375,0.01401340000302298,0.056072371000482235,49204,49238
10,293,0,3461,64,0.1515825241804123,61,0.953125,0.016637152999464888,0.06281693499840912,49204,49238
10,294,0,3462,64,0.10630586743354797,62,0.96875,0.015021628998511005,0.05920879199766205,49204,49238
10,295,0,3463,64,0.28608500957489014,57,0.890625,0.015139833998546237,0.05961449700043886,49204,49238
10,296,0,3464,64,0.2334488332271576,60,0.9375,0.014890380003635073,0.058895011999993585,49204,49238
10,297,0,3465,64,0.14415940642356873,61,0.953125,0.01487057699705474,0.060576482999749715,49204,49238
10,298,0,3466,64,0.26577210426330566,60,0.9375,0.015780685997015098,0.06089410099957604,49204,49238
10,299,0,3467,64,0.5610374212265015,53,0.828125,0.015329161997215124,0.06234609400053159,49204,49238
10,300,0,3468,64,0.12813614308834076,61,0.953125,0.015879261001828127,0.07068970399996033,49204,49238
10,301,0,3469,64,0.2385307252407074,59,0.921875,0.014881634997436777,0.06222898200212512,49204,49238
10,302,0,3470,64,0.23873627185821533,57,0.890625,0.01647365600001649,0.06261076200098614,49204,49238
10,303,0,3471,64,0.2994476556777954,56,0.875,0.014332494003610918,0.0591022160006105,49204,49238
10,304,0,3472,64,0.1903369128704071,58,0.90625,0.017186608001793502,0.07180373099981807,49204,49238
10,305,0,3473,64,0.27398917078971863,59,0.921875,0.01644916000077501,0.06240373299806379,49204,49238
10,306,0,3474,64,0.2189123034477234,58,0.90625,0.014987578997534001,0.06616224099707324,49204,49238
10,307,0,3475,64,0.16979125142097473,61,0.953125,0.01622001400028239,0.06515390399727039,49204,49238
10,308,0,3476,64,0.1295829713344574,62,0.96875,0.01573347399607883,0.061910293999972055,49204,49238
10,309,0,3477,64,0.13188453018665314,61,0.953125,0.01678504099982092,0.06705284199779271,49204,49238
10,310,0,3478,64,0.18538278341293335,60,0.9375,0.016595512999629136,0.06309732800218626,49204,49238
10,311,0,3479,64,0.2609465718269348,59,0.921875,0.015325013002438936,0.05897824899875559,49204,49238
10,312,0,3480,64,0.1490754783153534,60,0.9375,0.016556138998566894,0.06943373499962036,49204,49238
10,313,0,3481,64,0.13647985458374023,62,0.96875,0.016086951000033878,0.07791108799938229,49204,49238
10,314,0,3482,64,0.1653469204902649,60,0.9375,0.017718257000524318,0.07682761500109336,49204,49238
10,315,0,3483,64,0.15524537861347198,58,0.90625,0.018281096996361157,0.0637539609997475,49204,49238
10,316,0,3484,64,0.245731383562088,58,0.90625,0.028113825999753317,0.09010332500110962,49204,49238
10,317,0,3485,64,0.19246304035186768,60,0.9375,0.016078921002190327,0.05876444200112019,49204,49238
10,318,0,3486,64,0.2586914896965027,56,0.875,0.015890629998466466,0.0638546709997172,49204,49238
10,319,0,3487,64,0.07009270787239075,63,0.984375,0.01614766699640313,0.061282205999305006,49204,49238
10,320,0,3488,64,0.24456912279129028,59,0.921875,0.017479728998296196,0.061165866998635465,49204,49238
10,321,0,3489,64,0.10873720794916153,61,0.953125,0.01536972700341721,0.05861052100226516,49204,49238
10,322,0,3490,64,0.20408213138580322,59,0.921875,0.015334646999690449,0.06560263100254815,49204,49238
10,323,0,3491,64,0.2853964567184448,56,0.875,0.015078744003403699,0.062034305003180634,49204,49238
10,324,0,3492,64,0.1478603631258011,60,0.9375,0.0166491629970551,0.06146962399725453,49204,49238
10,325,0,3493,64,0.1429588794708252,62,0.96875,0.014786558000196237,0.06121770800018567,49204,49238
10,326,0,3494,64,0.29230862855911255,59,0.921875,0.015780393998284126,0.06885007500022766,49204,49238
10,327,0,3495,64,0.31191378831863403,58,0.90625,0.014812970995990327,0.05916785700173932,49204,49238
10,328,0,3496,64,0.33798426389694214,56,0.875,0.016280243999062805,0.06477145799726713,49204,49238
10,329,0,3497,64,0.22274020314216614,60,0.9375,0.014249379997636424,0.06669793900073273,49204,49238
10,330,0,3498,64,0.2578708529472351,57,0.890625,0.013993156997457845,0.05962806699972134,49204,49238
10,331,0,3499,64,0.18316610157489777,61,0.953125,0.015172217001236277,0.06373224100025254,49204,49238
10,332,0,3500,64,0.20827056467533112,59,0.921875,0.014506893003272125,0.06419737200121745,49204,49238
10,333,0,3501,64,0.1781432181596756,59,0.921875,0.013625780997244874,0.05805728500126861,49204,49238
10,334,0,3502,64,0.3339275121688843,58,0.90625,0.016072940998128615,0.05829120300040813,49204,49238
10,335,0,3503,64,0.15506471693515778,62,0.96875,0.01404718000048888,0.0565549099992495,49204,49238
10,336,0,3504,64,0.2599964141845703,59,0.921875,0.014157823003188241,0.05706177799947909,49204,49238
10,337,0,3505,64,0.13648323714733124,61,0.953125,0.01380471800439409,0.062053300000115996,49204,49238
10,338,0,3506,64,0.088345468044281,62,0.96875,0.013718109999899752,0.06352235099984682,49204,49238
10,339,0,3507,64,0.2625805139541626,59,0.921875,0.013811638003971893,0.061666304001846584,49204,49238
10,340,0,3508,64,0.2159329354763031,59,0.921875,0.01371561900305096,0.05793780300155049,49204,49238
10,341,0,3509,64,0.13309065997600555,61,0.953125,0.014136793004581705,0.055548759999510366,49204,49238
10,342,0,3510,64,0.3632816672325134,56,0.875,0.015133029999560677,0.058106612999836216,49204,49238
10,343,0,3511,64,0.22321271896362305,59,0.921875,0.015439678998518502,0.061336335998930736,49204,49238
10,344,0,3512,64,0.20901577174663544,59,0.921875,0.013692322998394957,0.06087758599824156,49204,49238
10,345,0,3513,64,0.13062584400177002,60,0.9375,0.014558500995917711,0.05804866399921593,49204,49238
10,346,0,3514,64,0.3511486053466797,56,0.875,0.015034975000162376,0.06023502899915911,49204,49238
10,347,0,3515,64,0.21542689204216003,60,0.9375,0.015508898999541998,0.06543122899893206,49204,49238
10,348,0,3516,64,0.16261538863182068,62,0.96875,0.013657543000590522,0.05668345099911676,49204,49238
10,349,0,3517,64,0.2254820615053177,61,0.953125,0.01587562200074899,0.06342281899924274,49204,49238
10,350,0,3518,64,0.3695395588874817,56,0.875,0.014489069999399362,0.058416151001438266,49204,49238
10,351,0,3519,36,0.15589039027690887,35,0.9722222222222222,0.016871558997081593,0.058533767998596886,27699,27733
